NAME,median_income,total_population,poverty_count,state,county,poverty_rate
"Autauga County, Alabama",68315.0,58761.0,6630,ALABAMA,AUTAUGA,11.282993822433246
"Baldwin County, Alabama",71039.0,233420.0,23445,ALABAMA,BALDWIN,10.044126467312141
"Barbour County, Alabama",39712.0,24877.0,5280,ALABAMA,BARBOUR,21.224424166901155
"Bibb County, Alabama",50669.0,22251.0,4297,ALABAMA,BIBB,19.311491618354232
"Blount County, Alabama",57440.0,59077.0,8277,ALABAMA,BLOUNT,14.010528632124178
"Bullock County, Alabama",36136.0,10328.0,2687,ALABAMA,BULLOCK,26.016653756777693
"Butler County, Alabama",44429.0,18981.0,3937,ALABAMA,BUTLER,20.741794426004954
"Calhoun County, Alabama",54339.0,116162.0,20267,ALABAMA,CALHOUN,17.447185826690312
"Chambers County, Alabama",48805.0,34612.0,6080,ALABAMA,CHAMBERS,17.56616202473131
"Cherokee County, Alabama",46621.0,25069.0,3516,ALABAMA,CHEROKEE,14.02529019905062
"Chilton County, Alabama",62471.0,45140.0,6422,ALABAMA,CHILTON,14.226849800620291
"Choctaw County, Alabama",43299.0,12669.0,2388,ALABAMA,CHOCTAW,18.84915936538006
"Clarke County, Alabama",47549.0,23058.0,5073,ALABAMA,CLARKE,22.00104085349987
"Clay County, Alabama",48074.0,14209.0,2440,ALABAMA,CLAY,17.172214793440777
"Cleburne County, Alabama",51553.0,15144.0,1931,ALABAMA,CLEBURNE,12.750924458531433
"Coffee County, Alabama",62199.0,53559.0,8592,ALABAMA,COFFEE,16.04212177225116
"Colbert County, Alabama",56149.0,57270.0,8998,ALABAMA,COLBERT,15.71154181945172
"Conecuh County, Alabama",39888.0,11576.0,2122,ALABAMA,CONECUH,18.33102971665515
"Coosa County, Alabama",52279.0,10329.0,1102,ALABAMA,COOSA,10.668990221705876
"Covington County, Alabama",48772.0,37542.0,6921,ALABAMA,COVINGTON,18.43535240530606
"Crenshaw County, Alabama",48557.0,13205.0,1916,ALABAMA,CRENSHAW,14.5096554335479
"Cullman County, Alabama",58119.0,88284.0,11364,ALABAMA,CULLMAN,12.872094603778713
"Dale County, Alabama",52813.0,49455.0,8469,ALABAMA,DALE,17.124658780709737
"Dallas County, Alabama",37180.0,38326.0,10230,ALABAMA,DALLAS,26.692062829410844
"DeKalb County, Alabama",47920.0,71680.0,14251,ALABAMA,DEKALB,19.881417410714285
"Elmore County, Alabama",73258.0,87694.0,7986,ALABAMA,ELMORE,9.106666362578968
"Escambia County, Alabama",41153.0,36755.0,7449,ALABAMA,ESCAMBIA,20.26663039042307
"Etowah County, Alabama",52177.0,103348.0,16146,ALABAMA,ETOWAH,15.622943840229128
"Fayette County, Alabama",45650.0,16297.0,3543,ALABAMA,FAYETTE,21.740197582377125
"Franklin County, Alabama",47359.0,32011.0,5246,ALABAMA,FRANKLIN,16.38811658492393
"Geneva County, Alabama",47608.0,26647.0,5480,ALABAMA,GENEVA,20.56516681052276
"Greene County, Alabama",32796.0,7706.0,2504,ALABAMA,GREENE,32.4941603944978
"Hale County, Alabama",35851.0,14742.0,3613,ALABAMA,HALE,24.508207841541175
"Henry County, Alabama",58395.0,17282.0,2608,ALABAMA,HENRY,15.090845966901977
"Houston County, Alabama",55064.0,107040.0,18878,ALABAMA,HOUSTON,17.6363976083707
"Jackson County, Alabama",46748.0,52618.0,9680,ALABAMA,JACKSON,18.396746360561025
"Jefferson County, Alabama",63595.0,672265.0,103894,ALABAMA,JEFFERSON,15.454322328248532
"Lamar County, Alabama",49565.0,13885.0,2107,ALABAMA,LAMAR,15.174648901692475
"Lauderdale County, Alabama",56081.0,94329.0,12188,ALABAMA,LAUDERDALE,12.920734874746898
"Lawrence County, Alabama",54786.0,33116.0,5182,ALABAMA,LAWRENCE,15.648025123807225
"Lee County, Alabama",59288.0,175126.0,31003,ALABAMA,LEE,17.703253657366698
"Limestone County, Alabama",80146.0,104199.0,11287,ALABAMA,LIMESTONE,10.832157698250464
"Lowndes County, Alabama",33125.0,10153.0,2552,ALABAMA,LOWNDES,25.13542795232936
"Macon County, Alabama",41206.0,19198.0,4127,ALABAMA,MACON,21.49703094072299
"Madison County, Alabama",78058.0,389781.0,40440,ALABAMA,MADISON,10.375056762643638
"Marengo County, Alabama",42975.0,19180.0,4063,ALABAMA,MARENGO,21.18352450469239
"Marion County, Alabama",49743.0,29203.0,4707,ALABAMA,MARION,16.118207033523955
"Marshall County, Alabama",58272.0,97923.0,15992,ALABAMA,MARSHALL,16.33119900329851
"Mobile County, Alabama",55352.0,413878.0,71353,ALABAMA,MOBILE,17.24010457187867
"Monroe County, Alabama",39965.0,19816.0,4472,ALABAMA,MONROE,22.567622123536534
"Montgomery County, Alabama",56707.0,228132.0,42877,ALABAMA,MONTGOMERY,18.794820542492943
"Morgan County, Alabama",61588.0,123102.0,16579,ALABAMA,MORGAN,13.467693457458044
"Perry County, Alabama",32332.0,8479.0,2478,ALABAMA,PERRY,29.22514447458427
"Pickens County, Alabama",45339.0,18925.0,3864,ALABAMA,PICKENS,20.417437252311757
"Pike County, Alabama",42616.0,32997.0,7242,ALABAMA,PIKE,21.947449768160745
"Randolph County, Alabama",49879.0,22179.0,4277,ALABAMA,RANDOLPH,19.284007394382073
"Russell County, Alabama",47420.0,58849.0,12816,ALABAMA,RUSSELL,21.77777022549236
"St. Clair County, Alabama",73218.0,91719.0,9786,ALABAMA,ST. CLAIR,10.669545023386648
"Shelby County, Alabama",90618.0,223916.0,15080,ALABAMA,SHELBY,6.734668357777024
"Sumter County, Alabama",31726.0,12196.0,3285,ALABAMA,SUMTER,26.935060675631355
"Talladega County, Alabama",52457.0,81105.0,14436,ALABAMA,TALLADEGA,17.799149250970963
"Tallapoosa County, Alabama",53282.0,41251.0,6826,ALABAMA,TALLAPOOSA,16.54747763690577
"Tuscaloosa County, Alabama",61645.0,231558.0,36412,ALABAMA,TUSCALOOSA,15.72478601473497
"Walker County, Alabama",52987.0,64978.0,10437,ALABAMA,WALKER,16.062359567853733
"Washington County, Alabama",51184.0,15434.0,2415,ALABAMA,WASHINGTON,15.647272256058054
"Wilcox County, Alabama",38208.0,10441.0,2735,ALABAMA,WILCOX,26.194808926348053
"Winston County, Alabama",49494.0,23655.0,4217,ALABAMA,WINSTON,17.82709786514479
"Aleutians East Borough, Alaska",79961.0,3407.0,429,ALASKA,ALEUTIANS EAST BOROUGH,12.591722923393014
"Aleutians West Census Area, Alaska",100662.0,5219.0,478,ALASKA,ALEUTIANS WEST CENSUS AREA,9.15884269017053
"Anchorage Municipality, Alaska",95731.0,290674.0,27415,ALASKA,ANCHORAGE MUNICIPALITY,9.43152810364876
"Bethel Census Area, Alaska",64094.0,18538.0,4586,ALASKA,BETHEL CENSUS AREA,24.738375229258818
"Bristol Bay Borough, Alaska",94167.0,854.0,66,ALASKA,BRISTOL BAY BOROUGH,7.728337236533958
"Chugach Census Area, Alaska",83068.0,7000.0,339,ALASKA,CHUGACH CENSUS AREA,4.842857142857143
"Copper River Census Area, Alaska",70606.0,2614.0,289,ALASKA,COPPER RIVER CENSUS AREA,11.05585309869931
"Denali Borough, Alaska",87292.0,2101.0,150,ALASKA,DENALI BOROUGH,7.1394574012375065
"Dillingham Census Area, Alaska",69412.0,4854.0,765,ALASKA,DILLINGHAM CENSUS AREA,15.760197775030901
"Fairbanks North Star Borough, Alaska",81655.0,96299.0,6356,ALASKA,FAIRBANKS NORTH STAR BOROUGH,6.600276223013739
"Haines Borough, Alaska",68276.0,2079.0,121,ALASKA,HAINES BOROUGH,5.82010582010582
"Hoonah-Angoon Census Area, Alaska",62344.0,2329.0,269,ALASKA,HOONAH-ANGOON CENSUS AREA,11.550021468441392
"Juneau City and Borough, Alaska",95711.0,32108.0,2176,ALASKA,JUNEAU CITY AND BOROUGH,6.777127195714463
"Kenai Peninsula Borough, Alaska",76272.0,59235.0,7265,ALASKA,KENAI PENINSULA BOROUGH,12.264708364986916
"Ketchikan Gateway Borough, Alaska",82763.0,13910.0,1329,ALASKA,KETCHIKAN GATEWAY BOROUGH,9.554277498202731
"Kodiak Island Borough, Alaska",91138.0,13065.0,1027,ALASKA,KODIAK ISLAND BOROUGH,7.860696517412935
"Kusilvak Census Area, Alaska",42663.0,8372.0,2836,ALASKA,KUSILVAK CENSUS AREA,33.874820831342575
"Lake and Peninsula Borough, Alaska",61607.0,999.0,151,ALASKA,LAKE AND PENINSULA BOROUGH,15.115115115115115
"Matanuska-Susitna Borough, Alaska",86435.0,108661.0,10810,ALASKA,MATANUSKA-SUSITNA BOROUGH,9.948371540847221
"Nome Census Area, Alaska",70121.0,10018.0,2041,ALASKA,NOME CENSUS AREA,20.37332800958275
"North Slope Borough, Alaska",83472.0,10924.0,857,ALASKA,NORTH SLOPE BOROUGH,7.845111680703039
"Northwest Arctic Borough, Alaska",77647.0,7682.0,1405,ALASKA,NORTHWEST ARCTIC BOROUGH,18.28950794064046
"Petersburg Borough, Alaska",77826.0,3374.0,153,ALASKA,PETERSBURG BOROUGH,4.534676941315945
"Prince of Wales-Hyder Census Area, Alaska",61779.0,5799.0,879,ALASKA,PRINCE OF WALES-HYDER CENSUS AREA,15.157785825142266
"Sitka City and Borough, Alaska",95261.0,8462.0,571,ALASKA,SITKA CITY AND BOROUGH,6.74781375561333
"Skagway Municipality, Alaska",79583.0,1303.0,81,ALASKA,SKAGWAY MUNICIPALITY,6.216423637759018
"Southeast Fairbanks Census Area, Alaska",75378.0,6888.0,898,ALASKA,SOUTHEAST FAIRBANKS CENSUS AREA,13.037166085946575
"Wrangell City and Borough, Alaska",61000.0,2134.0,213,ALASKA,WRANGELL CITY AND BOROUGH,9.981255857544518
"Yakutat City and Borough, Alaska",76875.0,564.0,56,ALASKA,YAKUTAT CITY AND BOROUGH,9.929078014184398
"Yukon-Koyukuk Census Area, Alaska",47826.0,5355.0,1216,ALASKA,YUKON-KOYUKUK CENSUS AREA,22.707749766573297
"Apache County, Arizona",37483.0,66054.0,21058,ARIZONA,APACHE,31.87997698852454
"Cochise County, Arizona",58421.0,125504.0,17553,ARIZONA,COCHISE,13.986008414074453
"Coconino County, Arizona",67266.0,144705.0,22531,ARIZONA,COCONINO,15.570298192875159
"Gila County, Arizona",55242.0,53419.0,9910,ARIZONA,GILA,18.551451730657632
"Graham County, Arizona",64089.0,38453.0,6230,ARIZONA,GRAHAM,16.201596754479493
"Greenlee County, Arizona",73756.0,9483.0,1208,ARIZONA,GREENLEE,12.738584836022357
"La Paz County, Arizona",46634.0,16681.0,3435,ARIZONA,LA PAZ,20.592290630058148
"Maricopa County, Arizona",80675.0,4430871.0,503565,ARIZONA,MARICOPA,11.364921253631623
"Mohave County, Arizona",53592.0,214229.0,33597,ARIZONA,MOHAVE,15.68275070135229
"Navajo County, Arizona",50335.0,107110.0,26591,ARIZONA,NAVAJO,24.825879936513864
"Pima County, Arizona",64323.0,1042393.0,151733,ARIZONA,PIMA,14.55621824014551
"Pinal County, Arizona",73313.0,433338.0,46424,ARIZONA,PINAL,10.713115397218798
"Santa Cruz County, Arizona",51885.0,47838.0,9622,ARIZONA,SANTA CRUZ,20.113717128642502
"Yavapai County, Arizona",62430.0,237830.0,28765,ARIZONA,YAVAPAI,12.094773577765631
"Yuma County, Arizona",56439.0,204374.0,34654,ARIZONA,YUMA,16.956168592873848
"Arkansas County, Arkansas",58695.0,17024.0,2816,ARKANSAS,ARKANSAS,16.541353383458645
"Ashley County, Arkansas",44804.0,19018.0,4390,ARKANSAS,ASHLEY,23.08339467872542
"Baxter County, Arkansas",47403.0,41801.0,5587,ARKANSAS,BAXTER,13.365708954331238
"Benton County, Arkansas",85269.0,286528.0,22289,ARKANSAS,BENTON,7.778995421040875
"Boone County, Arkansas",52275.0,37662.0,4869,ARKANSAS,BOONE,12.928150390313844
"Bradley County, Arkansas",43688.0,10461.0,1570,ARKANSAS,BRADLEY,15.008125418220056
"Calhoun County, Arkansas",60237.0,4773.0,574,ARKANSAS,CALHOUN,12.025979467839933
"Carroll County, Arkansas",56826.0,28362.0,4329,ARKANSAS,CARROLL,15.263380579648825
"Chicot County, Arkansas",36593.0,10234.0,2618,ARKANSAS,CHICOT,25.581395348837212
"Clark County, Arkansas",48071.0,21469.0,3812,ARKANSAS,CLARK,17.755833993199495
"Clay County, Arkansas",44685.0,14537.0,2789,ARKANSAS,CLAY,19.185526587328887
"Cleburne County, Arkansas",52780.0,24948.0,3469,ARKANSAS,CLEBURNE,13.90492223825557
"Cleveland County, Arkansas",48913.0,7548.0,1013,ARKANSAS,CLEVELAND,13.420773714891363
"Columbia County, Arkansas",47441.0,22707.0,4675,ARKANSAS,COLUMBIA,20.588364821420708
"Conway County, Arkansas",50282.0,20782.0,4313,ARKANSAS,CONWAY,20.753536714464442
"Craighead County, Arkansas",55169.0,111038.0,20511,ARKANSAS,CRAIGHEAD,18.472054611934652
"Crawford County, Arkansas",56702.0,60593.0,10620,ARKANSAS,CRAWFORD,17.526777020447906
"Crittenden County, Arkansas",51860.0,47945.0,9305,ARKANSAS,CRITTENDEN,19.40765460423402
"Cross County, Arkansas",48129.0,16827.0,3357,ARKANSAS,CROSS,19.950080228204673
"Dallas County, Arkansas",40085.0,6472.0,723,ARKANSAS,DALLAS,11.171199011124845
"Desha County, Arkansas",38067.0,11285.0,3044,ARKANSAS,DESHA,26.973859105006646
"Drew County, Arkansas",44968.0,17309.0,3513,ARKANSAS,DREW,20.295799872898492
"Faulkner County, Arkansas",61273.0,124611.0,18478,ARKANSAS,FAULKNER,14.82854643651042
"Franklin County, Arkansas",47695.0,17160.0,3412,ARKANSAS,FRANKLIN,19.883449883449885
"Fulton County, Arkansas",38917.0,12183.0,1841,ARKANSAS,FULTON,15.11122055322991
"Garland County, Arkansas",54229.0,100021.0,16604,ARKANSAS,GARLAND,16.600513892082663
"Grant County, Arkansas",68598.0,18022.0,2413,ARKANSAS,GRANT,13.389190988791476
"Greene County, Arkansas",54879.0,45954.0,7892,ARKANSAS,GREENE,17.173695434565
"Hempstead County, Arkansas",45049.0,20037.0,4536,ARKANSAS,HEMPSTEAD,22.638119478963915
"Hot Spring County, Arkansas",50260.0,33129.0,6093,ARKANSAS,HOT SPRING,18.39174137462646
"Howard County, Arkansas",44824.0,12779.0,2301,ARKANSAS,HOWARD,18.006103763987795
"Independence County, Arkansas",52361.0,37910.0,7124,ARKANSAS,INDEPENDENCE,18.791875494592457
"Izard County, Arkansas",46159.0,13748.0,2503,ARKANSAS,IZARD,18.20628455048007
"Jackson County, Arkansas",41929.0,16784.0,2957,ARKANSAS,JACKSON,17.61796949475691
"Jefferson County, Arkansas",46855.0,66934.0,11818,ARKANSAS,JEFFERSON,17.656198643439808
"Johnson County, Arkansas",42470.0,25925.0,5327,ARKANSAS,JOHNSON,20.547733847637414
"Lafayette County, Arkansas",40262.0,6277.0,1328,ARKANSAS,LAFAYETTE,21.156603472996654
"Lawrence County, Arkansas",43606.0,16258.0,2791,ARKANSAS,LAWRENCE,17.16693320211588
"Lee County, Arkansas",33801.0,8666.0,1964,ARKANSAS,LEE,22.663281790906993
"Lincoln County, Arkansas",50526.0,13016.0,1481,ARKANSAS,LINCOLN,11.378303626306085
"Little River County, Arkansas",58627.0,12024.0,1394,ARKANSAS,LITTLE RIVER,11.593479707252161
"Logan County, Arkansas",51131.0,21247.0,3036,ARKANSAS,LOGAN,14.289076104861865
"Lonoke County, Arkansas",68078.0,74292.0,8680,ARKANSAS,LONOKE,11.683626770042535
"Madison County, Arkansas",51514.0,16737.0,2731,ARKANSAS,MADISON,16.317141662185577
"Marion County, Arkansas",42891.0,16905.0,2970,ARKANSAS,MARION,17.56876663708962
"Miller County, Arkansas",47613.0,42682.0,8496,ARKANSAS,MILLER,19.90534651609578
"Mississippi County, Arkansas",50012.0,40361.0,8599,ARKANSAS,MISSISSIPPI,21.305220386016206
"Monroe County, Arkansas",41786.0,6787.0,1592,ARKANSAS,MONROE,23.456608221600117
"Montgomery County, Arkansas",47103.0,8555.0,1527,ARKANSAS,MONTGOMERY,17.849210987726476
"Nevada County, Arkansas",43421.0,8292.0,2248,ARKANSAS,NEVADA,27.110467920887604
"Newton County, Arkansas",50699.0,7243.0,814,ARKANSAS,NEWTON,11.238437111694049
"Ouachita County, Arkansas",47348.0,22606.0,4230,ARKANSAS,OUACHITA,18.71184641245687
"Perry County, Arkansas",53980.0,10055.0,1526,ARKANSAS,PERRY,15.176529090004973
"Phillips County, Arkansas",37458.0,16373.0,4946,ARKANSAS,PHILLIPS,30.208269712331276
"Pike County, Arkansas",49248.0,10205.0,1745,ARKANSAS,PIKE,17.099461048505635
"Poinsett County, Arkansas",43440.0,22997.0,4716,ARKANSAS,POINSETT,20.507022655128928
"Polk County, Arkansas",48449.0,19384.0,3393,ARKANSAS,POLK,17.504127115146513
"Pope County, Arkansas",51678.0,63475.0,10728,ARKANSAS,POPE,16.9011421819614
"Prairie County, Arkansas",47045.0,8217.0,797,ARKANSAS,PRAIRIE,9.69940367530729
"Pulaski County, Arkansas",58326.0,398322.0,64768,ARKANSAS,PULASKI,16.260211587610023
"Randolph County, Arkansas",45993.0,18619.0,3519,ARKANSAS,RANDOLPH,18.900048337719532
"St. Francis County, Arkansas",39822.0,23138.0,5659,ARKANSAS,ST. FRANCIS,24.457602212810094
"Saline County, Arkansas",73236.0,123988.0,11688,ARKANSAS,SALINE,9.426718714714328
"Scott County, Arkansas",45340.0,9871.0,1677,ARKANSAS,SCOTT,16.989160166143247
"Searcy County, Arkansas",42063.0,7880.0,2054,ARKANSAS,SEARCY,26.065989847715738
"Sebastian County, Arkansas",54047.0,128184.0,20818,ARKANSAS,SEBASTIAN,16.24071647007427
"Sevier County, Arkansas",53567.0,15913.0,3144,ARKANSAS,SEVIER,19.757431031232326
"Sharp County, Arkansas",43332.0,17422.0,2725,ARKANSAS,SHARP,15.641143381930892
"Stone County, Arkansas",37664.0,12393.0,2603,ARKANSAS,STONE,21.003792463487454
"Union County, Arkansas",49745.0,38815.0,7135,ARKANSAS,UNION,18.382068787839753
"Van Buren County, Arkansas",45768.0,15900.0,2971,ARKANSAS,VAN BUREN,18.68553459119497
"Washington County, Arkansas",61985.0,247331.0,36258,ARKANSAS,WASHINGTON,14.659707032276584
"White County, Arkansas",51144.0,77118.0,11867,ARKANSAS,WHITE,15.388106538032625
"Woodruff County, Arkansas",49608.0,6259.0,1146,ARKANSAS,WOODRUFF,18.309634126857325
"Yell County, Arkansas",55879.0,20342.0,2480,ARKANSAS,YELL,12.19152492380297
"Alameda County, California",122488.0,1663823.0,149843,CALIFORNIA,ALAMEDA,9.005945944971309
"Alpine County, California",101125.0,1515.0,208,CALIFORNIA,ALPINE,13.72937293729373
"Amador County, California",74853.0,40577.0,2945,CALIFORNIA,AMADOR,7.257806146339059
"Butte County, California",66085.0,213605.0,38015,CALIFORNIA,BUTTE,17.796868050841507
"Calaveras County, California",77526.0,45674.0,5915,CALIFORNIA,CALAVERAS,12.950475106187328
"Colusa County, California",69619.0,21811.0,2364,CALIFORNIA,COLUSA,10.83856769519967
"Contra Costa County, California",120020.0,1162648.0,95255,CALIFORNIA,CONTRA COSTA,8.192935437036834
"Del Norte County, California",61149.0,27462.0,3585,CALIFORNIA,DEL NORTE,13.054402447017695
"El Dorado County, California",99246.0,191713.0,16364,CALIFORNIA,EL DORADO,8.535675723607685
"Fresno County, California",67756.0,1008280.0,193675,CALIFORNIA,FRESNO,19.208454000872774
"Glenn County, California",64033.0,28657.0,4335,CALIFORNIA,GLENN,15.127194053808843
"Humboldt County, California",57881.0,136132.0,26394,CALIFORNIA,HUMBOLDT,19.388534657538273
"Imperial County, California",53847.0,179578.0,36092,CALIFORNIA,IMPERIAL,20.098230295470493
"Inyo County, California",63417.0,18829.0,2199,CALIFORNIA,INYO,11.678793350682458
"Kern County, California",63883.0,906883.0,170013,CALIFORNIA,KERN,18.746960743557878
"Kings County, California",68540.0,152515.0,22634,CALIFORNIA,KINGS,14.840507491066452
"Lake County, California",56259.0,68024.0,11065,CALIFORNIA,LAKE,16.266317770198754
"Lassen County, California",59515.0,31873.0,3645,CALIFORNIA,LASSEN,11.436011671320554
"Los Angeles County, California",83411.0,9936690.0,1343978,CALIFORNIA,LOS ANGELES,13.52540936670058
"Madera County, California",73543.0,157243.0,30154,CALIFORNIA,MADERA,19.176688310449432
"Marin County, California",142019.0,260485.0,17809,CALIFORNIA,MARIN,6.836862007409255
"Mariposa County, California",60021.0,17130.0,2712,CALIFORNIA,MARIPOSA,15.831873905429072
"Mendocino County, California",61335.0,91145.0,14483,CALIFORNIA,MENDOCINO,15.890065280596852
"Merced County, California",64772.0,282290.0,51272,CALIFORNIA,MERCED,18.162882142477592
"Modoc County, California",54962.0,8651.0,1430,CALIFORNIA,MODOC,16.52988093861981
"Mono County, California",82038.0,13219.0,1478,CALIFORNIA,MONO,11.180876011801196
"Monterey County, California",91043.0,437609.0,51913,CALIFORNIA,MONTEREY,11.86287302135011
"Napa County, California",105809.0,137384.0,10620,CALIFORNIA,NAPA,7.730157805858033
"Nevada County, California",79395.0,102322.0,10505,CALIFORNIA,NEVADA,10.266609331326597
"Orange County, California",109361.0,3175227.0,303810,CALIFORNIA,ORANGE,9.56813481366844
"Placer County, California",109375.0,406608.0,27446,CALIFORNIA,PLACER,6.749990162515249
"Plumas County, California",67885.0,19650.0,2101,CALIFORNIA,PLUMAS,10.692111959287532
"Riverside County, California",84505.0,2429487.0,272432,CALIFORNIA,RIVERSIDE,11.213560722901583
"Sacramento County, California",84010.0,1579211.0,204388,CALIFORNIA,SACRAMENTO,12.942412381879306
"San Benito County, California",104451.0,64753.0,4832,CALIFORNIA,SAN BENITO,7.462202523435208
"San Bernardino County, California",77423.0,2180563.0,294246,CALIFORNIA,SAN BERNARDINO,13.494038007615464
"San Diego County, California",96974.0,3289701.0,338752,CALIFORNIA,SAN DIEGO,10.297349211980055
"San Francisco County, California",136689.0,851036.0,87849,CALIFORNIA,SAN FRANCISCO,10.322595048858098
"San Joaquin County, California",82837.0,779445.0,98352,CALIFORNIA,SAN JOAQUIN,12.618209110328504
"San Luis Obispo County, California",90158.0,281712.0,33728,CALIFORNIA,SAN LUIS OBISPO,11.972510933151588
"San Mateo County, California",149907.0,754250.0,48137,CALIFORNIA,SAN MATEO,6.382101425256878
"Santa Barbara County, California",92332.0,445213.0,57513,CALIFORNIA,SANTA BARBARA,12.918086399094367
"Santa Clara County, California",153792.0,1916831.0,129834,CALIFORNIA,SANTA CLARA,6.7733670834831035
"Santa Cruz County, California",104409.0,268571.0,29302,CALIFORNIA,SANTA CRUZ,10.910336559047701
"Shasta County, California",68347.0,181852.0,23753,CALIFORNIA,SHASTA,13.061720519983282
"Sierra County, California",61108.0,2916.0,359,CALIFORNIA,SIERRA,12.311385459533607
"Siskiyou County, California",53898.0,44049.0,7289,CALIFORNIA,SISKIYOU,16.547481214102476
"Solano County, California",97037.0,450995.0,39705,CALIFORNIA,SOLANO,8.803867005177441
"Sonoma County, California",99266.0,488436.0,42925,CALIFORNIA,SONOMA,8.788254755996691
"Stanislaus County, California",74872.0,552063.0,75125,CALIFORNIA,STANISLAUS,13.608048356799857
"Sutter County, California",72654.0,99101.0,13065,CALIFORNIA,SUTTER,13.183519843392094
"Tehama County, California",59029.0,65484.0,10483,CALIFORNIA,TEHAMA,16.008490623663796
"Trinity County, California",47317.0,15889.0,3457,CALIFORNIA,TRINITY,21.75719050915728
"Tulare County, California",64474.0,473446.0,86391,CALIFORNIA,TULARE,18.24727635253017
"Tuolumne County, California",70432.0,54993.0,5887,CALIFORNIA,TUOLUMNE,10.704998818031386
"Ventura County, California",102141.0,842009.0,74315,CALIFORNIA,VENTURA,8.825915162427005
"Yolo County, California",85097.0,217141.0,36521,CALIFORNIA,YOLO,16.819025425875353
"Yuba County, California",66693.0,81705.0,12375,CALIFORNIA,YUBA,15.14595190012851
"Adams County, Colorado",86297.0,520149.0,49625,COLORADO,ADAMS,9.540535500404692
"Alamosa County, Colorado",52271.0,16460.0,2418,COLORADO,ALAMOSA,14.690157958687728
"Arapahoe County, Colorado",92292.0,654453.0,51766,COLORADO,ARAPAHOE,7.909811705347824
"Archuleta County, Colorado",66813.0,13509.0,1092,COLORADO,ARCHULETA,8.083499888962914
"Baca County, Colorado",42115.0,3496.0,781,COLORADO,BACA,22.339816933638442
"Bent County, Colorado",45776.0,5561.0,1146,COLORADO,BENT,20.607804351735297
"Boulder County, Colorado",99770.0,328658.0,35674,COLORADO,BOULDER,10.85444443768294
"Broomfield County, Colorado",117541.0,73946.0,3679,COLORADO,BROOMFIELD,4.975252211072945
"Chaffee County, Colorado",65703.0,19564.0,2137,COLORADO,CHAFFEE,10.923124105499898
"Cheyenne County, Colorado",65577.0,1726.0,183,COLORADO,CHEYENNE,10.602549246813442
"Clear Creek County, Colorado",87169.0,9403.0,617,COLORADO,CLEAR CREEK,6.5617356162926725
"Conejos County, Colorado",44093.0,7553.0,1177,COLORADO,CONEJOS,15.583211968754137
"Costilla County, Colorado",34578.0,3534.0,792,COLORADO,COSTILLA,22.410865874363328
"Crowley County, Colorado",40685.0,5782.0,1076,COLORADO,CROWLEY,18.60947768938084
"Custer County, Colorado",66250.0,4885.0,376,COLORADO,CUSTER,7.697031729785056
"Delta County, Colorado",56349.0,31173.0,4525,COLORADO,DELTA,14.515766849517211
"Denver County, Colorado",85853.0,710800.0,81703,COLORADO,DENVER,11.494513224535734
"Dolores County, Colorado",64708.0,2329.0,389,COLORADO,DOLORES,16.70244740231859
"Douglas County, Colorado",139010.0,360206.0,10799,COLORADO,DOUGLAS,2.9980066961683036
"Eagle County, Colorado",98887.0,55650.0,4457,COLORADO,EAGLE,8.008984725965858
"Elbert County, Colorado",124360.0,26457.0,1124,COLORADO,ELBERT,4.248403069131043
"El Paso County, Colorado",82748.0,730323.0,65325,COLORADO,EL PASO,8.944672425762299
"Fremont County, Colorado",56165.0,49107.0,6081,COLORADO,FREMONT,12.383163296475045
"Garfield County, Colorado",82772.0,61683.0,4917,COLORADO,GARFIELD,7.971402169155197
"Gilpin County, Colorado",95902.0,5856.0,538,COLORADO,GILPIN,9.187158469945356
"Grand County, Colorado",79367.0,15724.0,1345,COLORADO,GRAND,8.553803103535996
"Gunnison County, Colorado",76538.0,17018.0,1746,COLORADO,GUNNISON,10.259724997061936
"Hinsdale County, Colorado",58712.0,911.0,67,COLORADO,HINSDALE,7.354555433589462
"Huerfano County, Colorado",49631.0,6896.0,1390,COLORADO,HUERFANO,20.15661252900232
"Jackson County, Colorado",38686.0,1440.0,299,COLORADO,JACKSON,20.76388888888889
"Jefferson County, Colorado",103167.0,580519.0,38194,COLORADO,JEFFERSON,6.5792850879988425
"Kiowa County, Colorado",45250.0,1347.0,210,COLORADO,KIOWA,15.590200445434299
"Kit Carson County, Colorado",58992.0,7039.0,652,COLORADO,KIT CARSON,9.262679357863334
"Lake County, Colorado",78942.0,7403.0,527,COLORADO,LAKE,7.118735647710388
"La Plata County, Colorado",81936.0,55983.0,6185,COLORADO,LA PLATA,11.047996713287962
"Larimer County, Colorado",87199.0,359363.0,40057,COLORADO,LARIMER,11.146667853952689
"Las Animas County, Colorado",48965.0,14422.0,2627,COLORADO,LAS ANIMAS,18.21522673692969
"Lincoln County, Colorado",59167.0,5583.0,485,COLORADO,LINCOLN,8.687085796166935
"Logan County, Colorado",54864.0,21302.0,2332,COLORADO,LOGAN,10.947328889306169
"Mesa County, Colorado",68077.0,156131.0,17446,COLORADO,MESA,11.17395008038122
"Mineral County, Colorado",58929.0,794.0,89,COLORADO,MINERAL,11.209068010075567
"Moffat County, Colorado",63983.0,13232.0,1947,COLORADO,MOFFAT,14.714328899637245
"Montezuma County, Colorado",61377.0,26070.0,3231,COLORADO,MONTEZUMA,12.39355581127733
"Montrose County, Colorado",62817.0,42823.0,4904,COLORADO,MONTROSE,11.45178992597436
"Morgan County, Colorado",70471.0,29045.0,3662,COLORADO,MORGAN,12.608022034773628
"Otero County, Colorado",47500.0,18580.0,4350,COLORADO,OTERO,23.41227125941873
"Ouray County, Colorado",78750.0,4936.0,239,COLORADO,OURAY,4.841977309562399
"Park County, Colorado",85019.0,17597.0,1185,COLORADO,PARK,6.734102403818833
"Phillips County, Colorado",58474.0,4493.0,612,COLORADO,PHILLIPS,13.621188515468507
"Pitkin County, Colorado",96123.0,17325.0,1150,COLORADO,PITKIN,6.637806637806638
"Prowers County, Colorado",49422.0,11968.0,2037,COLORADO,PROWERS,17.02038770053476
"Pueblo County, Colorado",59436.0,168135.0,27274,COLORADO,PUEBLO,16.2214886846879
"Rio Blanco County, Colorado",69882.0,6511.0,799,COLORADO,RIO BLANCO,12.27154046997389
"Rio Grande County, Colorado",57591.0,11442.0,1151,COLORADO,RIO GRANDE,10.059430169550778
"Routt County, Colorado",95144.0,24944.0,1965,COLORADO,ROUTT,7.877645926876204
"Saguache County, Colorado",51946.0,6454.0,1123,COLORADO,SAGUACHE,17.400061977068486
"San Juan County, Colorado",67344.0,690.0,132,COLORADO,SAN JUAN,19.130434782608695
"San Miguel County, Colorado",72829.0,8082.0,682,COLORADO,SAN MIGUEL,8.43850532046523
"Sedgwick County, Colorado",45855.0,2391.0,379,COLORADO,SEDGWICK,15.851108322877458
"Summit County, Colorado",100611.0,30955.0,2275,COLORADO,SUMMIT,7.349378129542885
"Teller County, Colorado",69655.0,24758.0,1727,COLORADO,TELLER,6.975523063252282
"Washington County, Colorado",59087.0,4817.0,446,COLORADO,WASHINGTON,9.258874818351671
"Weld County, Colorado",89182.0,331466.0,31432,COLORADO,WELD,9.482722209819409
"Yuma County, Colorado",60118.0,9938.0,1355,COLORADO,YUMA,13.634534111491245
"Capitol Planning Region, Connecticut",88190.0,977165.0,101370,CONNECTICUT,CAPITOL PLANNING REGION,10.373887726228425
"Greater Bridgeport Planning Region, Connecticut",83147.0,326381.0,42156,CONNECTICUT,GREATER BRIDGEPORT PLANNING REGION,12.91619303819769
"Lower Connecticut River Valley Planning Region, Connecticut",99742.0,175244.0,10964,CONNECTICUT,LOWER CONNECTICUT RIVER VALLEY PLANNING REGION,6.256419620643218
"Naugatuck Valley Planning Region, Connecticut",82939.0,451887.0,45555,CONNECTICUT,NAUGATUCK VALLEY PLANNING REGION,10.081060088030858
"Northeastern Connecticut Planning Region, Connecticut",83119.0,95687.0,8356,CONNECTICUT,NORTHEASTERN CONNECTICUT PLANNING REGION,8.732638707452423
"Northwest Hills Planning Region, Connecticut",87971.0,112696.0,10462,CONNECTICUT,NORTHWEST HILLS PLANNING REGION,9.28338184141407
"South Central Connecticut Planning Region, Connecticut",83617.0,571298.0,64563,CONNECTICUT,SOUTH CENTRAL CONNECTICUT PLANNING REGION,11.301107303018739
"Southeastern Connecticut Planning Region, Connecticut",80330.0,280293.0,26614,CONNECTICUT,SOUTHEASTERN CONNECTICUT PLANNING REGION,9.495064093644864
"Western Connecticut Planning Region, Connecticut",118930.0,620666.0,45652,CONNECTICUT,WESTERN CONNECTICUT PLANNING REGION,7.355324764043786
"Kent County, Delaware",69278.0,182400.0,21850,DELAWARE,KENT,11.979166666666668
"New Castle County, Delaware",85309.0,570567.0,58355,DELAWARE,NEW CASTLE,10.227545581851036
"Sussex County, Delaware",75406.0,240668.0,27585,DELAWARE,SUSSEX,11.461847856798578
"District of Columbia, District of Columbia",101722.0,670587.0,98039,DISTRICT OF COLUMBIA,DISTRICT OF COLUMBIA,14.61987780854684
"Alachua County, Florida",57566.0,279729.0,53070,FLORIDA,ALACHUA,18.971933549971578
"Baker County, Florida",67872.0,27969.0,3398,FLORIDA,BAKER,12.149165147127176
"Bay County, Florida",65999.0,181055.0,21755,FLORIDA,BAY,12.015685841318936
"Bradford County, Florida",54759.0,27816.0,4352,FLORIDA,BRADFORD,15.645671555939028
"Brevard County, Florida",71308.0,610723.0,60927,FLORIDA,BREVARD,9.976208526615176
"Broward County, Florida",70331.0,1940907.0,238880,FLORIDA,BROWARD,12.307647919246003
"Calhoun County, Florida",41526.0,13753.0,2374,FLORIDA,CALHOUN,17.261688358903513
"Charlotte County, Florida",62164.0,189900.0,19490,FLORIDA,CHARLOTTE,10.263296471827278
"Citrus County, Florida",52569.0,155173.0,22833,FLORIDA,CITRUS,14.714544411721112
"Clay County, Florida",82242.0,219650.0,20352,FLORIDA,CLAY,9.265649897564307
"Collier County, Florida",82011.0,380221.0,39131,FLORIDA,COLLIER,10.291646174198691
"Columbia County, Florida",53501.0,69832.0,10196,FLORIDA,COLUMBIA,14.600756100355138
"DeSoto County, Florida",45000.0,34258.0,8601,FLORIDA,DESOTO,25.10654445676922
"Dixie County, Florida",45057.0,16737.0,2445,FLORIDA,DIXIE,14.608352751389136
"Duval County, Florida",65579.0,995708.0,139341,FLORIDA,DUVAL,13.994162947370112
"Escambia County, Florida",61642.0,321296.0,44874,FLORIDA,ESCAMBIA,13.966560430257458
"Flagler County, Florida",69251.0,117515.0,11382,FLORIDA,FLAGLER,9.685572054631324
"Franklin County, Florida",58107.0,12276.0,2325,FLORIDA,FRANKLIN,18.939393939393938
"Gadsden County, Florida",45721.0,43746.0,10460,FLORIDA,GADSDEN,23.910757554976456
"Gilchrist County, Florida",56823.0,18070.0,2115,FLORIDA,GILCHRIST,11.70448256779192
"Glades County, Florida",37221.0,12179.0,2382,FLORIDA,GLADES,19.558256014451104
"Gulf County, Florida",56250.0,15002.0,1522,FLORIDA,GULF,10.145313958138914
"Hamilton County, Florida",47668.0,13492.0,2822,FLORIDA,HAMILTON,20.916098428698486
"Hardee County, Florida",44665.0,25528.0,6731,FLORIDA,HARDEE,26.367126292698213
"Hendry County, Florida",49259.0,39902.0,8729,FLORIDA,HENDRY,21.876096436268856
"Hernando County, Florida",59202.0,196621.0,24134,FLORIDA,HERNANDO,12.274375575345461
"Highlands County, Florida",53679.0,102339.0,15742,FLORIDA,HIGHLANDS,15.38221010562933
"Hillsborough County, Florida",70612.0,1468560.0,197369,FLORIDA,HILLSBOROUGH,13.439627934847742
"Holmes County, Florida",46063.0,19529.0,2949,FLORIDA,HOLMES,15.100619591376926
"Indian River County, Florida",67543.0,160986.0,18221,FLORIDA,INDIAN RIVER,11.318375510913993
"Jackson County, Florida",46144.0,47704.0,7787,FLORIDA,JACKSON,16.323578735535804
"Jefferson County, Florida",51573.0,14458.0,2414,FLORIDA,JEFFERSON,16.696638539217044
"Lafayette County, Florida",57852.0,8107.0,1306,FLORIDA,LAFAYETTE,16.109534969779205
"Lake County, Florida",66239.0,386829.0,36977,FLORIDA,LAKE,9.559004107758208
"Lee County, Florida",69368.0,772902.0,89142,FLORIDA,LEE,11.53341562060908
"Leon County, Florida",61317.0,294128.0,53940,FLORIDA,LEON,18.338954468802697
"Levy County, Florida",49933.0,43268.0,6718,FLORIDA,LEVY,15.526486086715355
"Liberty County, Florida",51723.0,7704.0,1375,FLORIDA,LIBERTY,17.8478712357217
"Madison County, Florida",43386.0,17986.0,3611,FLORIDA,MADISON,20.076726342710998
"Manatee County, Florida",71385.0,405069.0,40670,FLORIDA,MANATEE,10.04026474501875
"Marion County, Florida",55265.0,378225.0,52923,FLORIDA,MARION,13.992464802696809
"Martin County, Florida",77894.0,159399.0,16391,FLORIDA,MARTIN,10.283000520705901
"Miami-Dade County, Florida",64215.0,2688237.0,403997,FLORIDA,MIAMI-DADE,15.028325255548525
"Monroe County, Florida",80111.0,82044.0,9480,FLORIDA,MONROE,11.554775486324411
"Nassau County, Florida",84085.0,91538.0,8343,FLORIDA,NASSAU,9.114247634862025
"Okaloosa County, Florida",73988.0,212021.0,20998,FLORIDA,OKALOOSA,9.90373595068413
"Okeechobee County, Florida",50476.0,39870.0,7113,FLORIDA,OKEECHOBEE,17.84048156508653
"Orange County, Florida",72629.0,1427403.0,187454,FLORIDA,ORANGE,13.132521088998692
"Osceola County, Florida",64312.0,393745.0,52441,FLORIDA,OSCEOLA,13.318518330391496
"Palm Beach County, Florida",76066.0,1494805.0,166938,FLORIDA,PALM BEACH,11.167878084432417
"Pasco County, Florida",63187.0,569211.0,66197,FLORIDA,PASCO,11.629606595796638
"Pinellas County, Florida",66406.0,959918.0,107865,FLORIDA,PINELLAS,11.236897318312606
"Polk County, Florida",60901.0,736229.0,106728,FLORIDA,POLK,14.49657647280941
"Putnam County, Florida",44852.0,73604.0,16506,FLORIDA,PUTNAM,22.42541166240965
"St. Johns County, Florida",100020.0,278722.0,18720,FLORIDA,ST. JOHNS,6.716369716061164
"St. Lucie County, Florida",66154.0,334682.0,41337,FLORIDA,ST. LUCIE,12.351127338787267
"Santa Rosa County, Florida",84715.0,188994.0,16407,FLORIDA,SANTA ROSA,8.681227975491286
"Sarasota County, Florida",77213.0,439392.0,35122,FLORIDA,SARASOTA,7.993318039472726
"Seminole County, Florida",79490.0,471321.0,44796,FLORIDA,SEMINOLE,9.504350538168255
"Sumter County, Florida",70105.0,131832.0,11443,FLORIDA,SUMTER,8.679986649675344
"Suwannee County, Florida",49729.0,43881.0,5999,FLORIDA,SUWANNEE,13.67106492559422
"Taylor County, Florida",46239.0,21421.0,2777,FLORIDA,TAYLOR,12.963913916250409
"Union County, Florida",64043.0,15524.0,1656,FLORIDA,UNION,10.66735377480031
"Volusia County, Florida",63075.0,558520.0,66328,FLORIDA,VOLUSIA,11.875671417317195
"Wakulla County, Florida",72035.0,33732.0,1888,FLORIDA,WAKULLA,5.597059172299301
"Walton County, Florida",74832.0,76618.0,7898,FLORIDA,WALTON,10.308282648985879
"Washington County, Florida",47536.0,25014.0,5046,FLORIDA,WASHINGTON,20.172703286159752
"Appling County, Georgia",43268.0,18441.0,4577,GEORGIA,APPLING,24.819695244292607
"Atkinson County, Georgia",38007.0,8265.0,2266,GEORGIA,ATKINSON,27.416817906836055
"Bacon County, Georgia",43938.0,11138.0,2278,GEORGIA,BACON,20.45250493804992
"Baker County, Georgia",45417.0,2878.0,666,GEORGIA,BAKER,23.1410701876303
"Baldwin County, Georgia",54699.0,43778.0,8864,GEORGIA,BALDWIN,20.247612956279408
"Banks County, Georgia",69096.0,18381.0,2411,GEORGIA,BANKS,13.11680539687721
"Barrow County, Georgia",75053.0,84399.0,8009,GEORGIA,BARROW,9.489448927119989
"Bartow County, Georgia",74812.0,109410.0,11700,GEORGIA,BARTOW,10.693720866465588
"Ben Hill County, Georgia",38255.0,17169.0,4442,GEORGIA,BEN HILL,25.872211544061972
"Berrien County, Georgia",48670.0,18187.0,4167,GEORGIA,BERRIEN,22.91197008852477
"Bibb County, Georgia",48897.0,156554.0,37641,GEORGIA,BIBB,24.043461042196306
"Bleckley County, Georgia",56021.0,12413.0,1906,GEORGIA,BLECKLEY,15.35486989446548
"Brantley County, Georgia",40166.0,18105.0,2933,GEORGIA,BRANTLEY,16.19994476663905
"Brooks County, Georgia",42263.0,16275.0,4277,GEORGIA,BROOKS,26.27956989247312
"Bryan County, Georgia",90627.0,44995.0,3200,GEORGIA,BRYAN,7.111901322369151
"Bulloch County, Georgia",53675.0,79829.0,16576,GEORGIA,BULLOCH,20.764383870523243
"Burke County, Georgia",50321.0,24337.0,4150,GEORGIA,BURKE,17.052225007190696
"Butts County, Georgia",60076.0,25522.0,3612,GEORGIA,BUTTS,14.152495885902358
"Calhoun County, Georgia",48663.0,5594.0,1007,GEORGIA,CALHOUN,18.001430103682516
"Camden County, Georgia",68104.0,55105.0,8638,GEORGIA,CAMDEN,15.67552853643045
"Candler County, Georgia",45519.0,10946.0,1947,GEORGIA,CANDLER,17.787319568792253
"Carroll County, Georgia",66895.0,120060.0,19641,GEORGIA,CARROLL,16.359320339830084
"Catoosa County, Georgia",68896.0,68052.0,6012,GEORGIA,CATOOSA,8.834420737083407
"Charlton County, Georgia",45770.0,12547.0,2381,GEORGIA,CHARLTON,18.976647804255997
"Chatham County, Georgia",66171.0,296266.0,39871,GEORGIA,CHATHAM,13.45783856399317
"Chattahoochee County, Georgia",52943.0,9402.0,908,GEORGIA,CHATTAHOOCHEE,9.657519676664538
"Chattooga County, Georgia",43556.0,24902.0,4593,GEORGIA,CHATTOOGA,18.444301662517066
"Cherokee County, Georgia",100824.0,268567.0,17662,GEORGIA,CHEROKEE,6.576385036136234
"Clarke County, Georgia",48692.0,128864.0,31528,GEORGIA,CLARKE,24.466103799354357
"Clay County, Georgia",43264.0,2855.0,720,GEORGIA,CLAY,25.21891418563923
"Clayton County, Georgia",56207.0,296312.0,49313,GEORGIA,CLAYTON,16.642255460460596
"Clinch County, Georgia",53350.0,6713.0,2149,GEORGIA,CLINCH,32.012513034410844
"Cobb County, Georgia",94244.0,765813.0,62536,GEORGIA,COBB,8.165962186591244
"Coffee County, Georgia",48398.0,43056.0,8063,GEORGIA,COFFEE,18.72677443329617
"Colquitt County, Georgia",47235.0,45813.0,11024,GEORGIA,COLQUITT,24.063038875428372
"Columbia County, Georgia",92571.0,156921.0,11234,GEORGIA,COLUMBIA,7.159016320314043
"Cook County, Georgia",46706.0,17242.0,3694,GEORGIA,COOK,21.42442872056606
"Coweta County, Georgia",90031.0,147449.0,12209,GEORGIA,COWETA,8.280151103093273
"Crawford County, Georgia",56948.0,12156.0,1987,GEORGIA,CRAWFORD,16.345837446528463
"Crisp County, Georgia",47463.0,20255.0,4648,GEORGIA,CRISP,22.947420390027155
"Dade County, Georgia",59531.0,16239.0,985,GEORGIA,DADE,6.065644436233758
"Dawson County, Georgia",84516.0,27355.0,2623,GEORGIA,DAWSON,9.588740632425516
"Decatur County, Georgia",47383.0,29063.0,6805,GEORGIA,DECATUR,23.414650930736673
"DeKalb County, Georgia",76044.0,761209.0,100326,GEORGIA,DEKALB,13.179823149752565
"Dodge County, Georgia",46091.0,19977.0,4090,GEORGIA,DODGE,20.473544576262704
"Dooly County, Georgia",54109.0,11236.0,1942,GEORGIA,DOOLY,17.283730865076542
"Dougherty County, Georgia",45640.0,85038.0,21493,GEORGIA,DOUGHERTY,25.274583127542982
"Douglas County, Georgia",76930.0,144735.0,16579,GEORGIA,DOUGLAS,11.454727605624072
"Early County, Georgia",48355.0,10753.0,2356,GEORGIA,EARLY,21.91016460522645
"Echols County, Georgia",61184.0,3707.0,555,GEORGIA,ECHOLS,14.971675209063934
"Effingham County, Georgia",79474.0,65314.0,4290,GEORGIA,EFFINGHAM,6.5682702024068345
"Elbert County, Georgia",48190.0,19570.0,3653,GEORGIA,ELBERT,18.66632600919775
"Emanuel County, Georgia",47905.0,22907.0,4674,GEORGIA,EMANUEL,20.4042432444231
"Evans County, Georgia",55222.0,10759.0,2177,GEORGIA,EVANS,20.234222511385816
"Fannin County, Georgia",54857.0,25436.0,2973,GEORGIA,FANNIN,11.688158515489857
"Fayette County, Georgia",105910.0,119259.0,6226,GEORGIA,FAYETTE,5.22057035527717
"Floyd County, Georgia",57868.0,98541.0,16534,GEORGIA,FLOYD,16.778802731857805
"Forsyth County, Georgia",131660.0,253225.0,11591,GEORGIA,FORSYTH,4.5773521571724745
"Franklin County, Georgia",52597.0,23480.0,4162,GEORGIA,FRANKLIN,17.72572402044293
"Fulton County, Georgia",86267.0,1061944.0,128777,GEORGIA,FULTON,12.126533979192876
"Gilmer County, Georgia",70334.0,31519.0,4634,GEORGIA,GILMER,14.70224309146864
"Glascock County, Georgia",60469.0,2903.0,438,GEORGIA,GLASCOCK,15.087840165346195
"Glynn County, Georgia",65970.0,84566.0,13638,GEORGIA,GLYNN,16.127048695693304
"Gordon County, Georgia",57555.0,57785.0,8014,GEORGIA,GORDON,13.868651034005364
"Grady County, Georgia",51929.0,26075.0,5121,GEORGIA,GRADY,19.639501438159158
"Greene County, Georgia",77527.0,19020.0,2434,GEORGIA,GREENE,12.797055730809673
"Gwinnett County, Georgia",82296.0,957977.0,96291,GEORGIA,GWINNETT,10.051493929394963
"Habersham County, Georgia",61292.0,46326.0,5942,GEORGIA,HABERSHAM,12.826490523680006
"Hall County, Georgia",74153.0,204953.0,27392,GEORGIA,HALL,13.365015393773206
"Hancock County, Georgia",31767.0,8588.0,1932,GEORGIA,HANCOCK,22.496506753609687
"Haralson County, Georgia",65940.0,30178.0,3737,GEORGIA,HARALSON,12.383193054543044
"Harris County, Georgia",85936.0,34914.0,2588,GEORGIA,HARRIS,7.412499283954861
"Hart County, Georgia",61765.0,26110.0,2742,GEORGIA,HART,10.501723477594792
"Heard County, Georgia",62965.0,11489.0,1887,GEORGIA,HEARD,16.42440595352076
"Henry County, Georgia",79663.0,240853.0,20180,GEORGIA,HENRY,8.378554554022578
"Houston County, Georgia",76968.0,164117.0,15791,GEORGIA,HOUSTON,9.621794207790783
"Irwin County, Georgia",46383.0,9487.0,2028,GEORGIA,IRWIN,21.37662063876884
"Jackson County, Georgia",82056.0,77033.0,6198,GEORGIA,JACKSON,8.045902405462593
"Jasper County, Georgia",57374.0,14882.0,1963,GEORGIA,JASPER,13.19043139362989
"Jeff Davis County, Georgia",41780.0,14791.0,3326,GEORGIA,JEFF DAVIS,22.48664728551146
"Jefferson County, Georgia",46865.0,15591.0,2925,GEORGIA,JEFFERSON,18.76082355204926
"Jenkins County, Georgia",31463.0,8704.0,2163,GEORGIA,JENKINS,24.850643382352942
"Johnson County, Georgia",47796.0,9225.0,1762,GEORGIA,JOHNSON,19.100271002710027
"Jones County, Georgia",66288.0,28382.0,4016,GEORGIA,JONES,14.149813261926573
"Lamar County, Georgia",64966.0,18676.0,1967,GEORGIA,LAMAR,10.53223388305847
"Lanier County, Georgia",39971.0,9964.0,3114,GEORGIA,LANIER,31.25250903251706
"Laurens County, Georgia",46776.0,49407.0,11823,GEORGIA,LAURENS,23.92980751715344
"Lee County, Georgia",83632.0,32968.0,2802,GEORGIA,LEE,8.499150691579715
"Liberty County, Georgia",55149.0,65550.0,9676,GEORGIA,LIBERTY,14.761250953470634
"Lincoln County, Georgia",50754.0,7726.0,1388,GEORGIA,LINCOLN,17.96531193373026
"Long County, Georgia",56819.0,16804.0,2594,GEORGIA,LONG,15.436800761723399
"Lowndes County, Georgia",52821.0,118257.0,23507,GEORGIA,LOWNDES,19.877893063412735
"Lumpkin County, Georgia",67592.0,33405.0,4556,GEORGIA,LUMPKIN,13.638676844783715
"McDuffie County, Georgia",54752.0,21715.0,3430,GEORGIA,MCDUFFIE,15.79553304167626
"McIntosh County, Georgia",51262.0,11183.0,2240,GEORGIA,MCINTOSH,20.030403290709113
"Macon County, Georgia",33960.0,12099.0,2651,GEORGIA,MACON,21.91090172741549
"Madison County, Georgia",53626.0,30378.0,6203,GEORGIA,MADISON,20.419382447824084
"Marion County, Georgia",48836.0,7508.0,916,GEORGIA,MARION,12.200319659030367
"Meriwether County, Georgia",52392.0,20679.0,4540,GEORGIA,MERIWETHER,21.954639972919388
"Miller County, Georgia",52132.0,5923.0,1411,GEORGIA,MILLER,23.82238730373122
"Mitchell County, Georgia",45966.0,21634.0,5658,GEORGIA,MITCHELL,26.153277248775076
"Monroe County, Georgia",74867.0,28287.0,3708,GEORGIA,MONROE,13.10849506840598
"Montgomery County, Georgia",49138.0,8687.0,1312,GEORGIA,MONTGOMERY,15.103027512374814
"Morgan County, Georgia",81524.0,20171.0,1715,GEORGIA,MORGAN,8.502305289772446
"Murray County, Georgia",60617.0,40063.0,5165,GEORGIA,MURRAY,12.892194793200709
"Muscogee County, Georgia",54561.0,204572.0,37204,GEORGIA,MUSCOGEE,18.18626204954735
"Newton County, Georgia",70732.0,113298.0,14935,GEORGIA,NEWTON,13.182050874684462
"Oconee County, Georgia",116221.0,41978.0,1862,GEORGIA,OCONEE,4.435656772595169
"Oglethorpe County, Georgia",66672.0,14974.0,1646,GEORGIA,OGLETHORPE,10.992386803793242
"Paulding County, Georgia",89237.0,169898.0,11309,GEORGIA,PAULDING,6.656346749226007
"Peach County, Georgia",60940.0,28054.0,5463,GEORGIA,PEACH,19.473158907820633
"Pickens County, Georgia",72558.0,33439.0,4469,GEORGIA,PICKENS,13.364634109871707
"Pierce County, Georgia",54861.0,19822.0,2992,GEORGIA,PIERCE,15.09433962264151
"Pike County, Georgia",83866.0,19145.0,1531,GEORGIA,PIKE,7.996866022460172
"Polk County, Georgia",51956.0,43019.0,7337,GEORGIA,POLK,17.055254654919917
"Pulaski County, Georgia",42545.0,9887.0,1627,GEORGIA,PULASKI,16.455952260544148
"Putnam County, Georgia",60825.0,22206.0,3528,GEORGIA,PUTNAM,15.887597946500945
"Quitman County, Georgia",38889.0,2180.0,333,GEORGIA,QUITMAN,15.275229357798164
"Rabun County, Georgia",57261.0,16915.0,2397,GEORGIA,RABUN,14.170854271356784
"Randolph County, Georgia",24638.0,6365.0,1739,GEORGIA,RANDOLPH,27.32128829536528
"Richmond County, Georgia",50605.0,206153.0,40606,GEORGIA,RICHMOND,19.69702114448977
"Rockdale County, Georgia",68999.0,93641.0,10539,GEORGIA,ROCKDALE,11.25468544761376
"Schley County, Georgia",53274.0,4565.0,727,GEORGIA,SCHLEY,15.92552026286966
"Screven County, Georgia",49941.0,14026.0,2511,GEORGIA,SCREVEN,17.902466847283616
"Seminole County, Georgia",46063.0,9117.0,1890,GEORGIA,SEMINOLE,20.73050345508391
"Spalding County, Georgia",57367.0,67415.0,12412,GEORGIA,SPALDING,18.411332789438553
"Stephens County, Georgia",52901.0,26732.0,3289,GEORGIA,STEPHENS,12.303606164896005
"Stewart County, Georgia",43094.0,5121.0,746,GEORGIA,STEWART,14.56746729154462
"Sumter County, Georgia",38899.0,29378.0,6666,GEORGIA,SUMTER,22.690448635033018
"Talbot County, Georgia",48065.0,5793.0,1057,GEORGIA,TALBOT,18.246159157604005
"Taliaferro County, Georgia",45881.0,1635.0,308,GEORGIA,TALIAFERRO,18.837920489296636
"Tattnall County, Georgia",51868.0,24309.0,3864,GEORGIA,TATTNALL,15.895347402196716
"Taylor County, Georgia",40727.0,7799.0,2211,GEORGIA,TAYLOR,28.34978843441467
"Telfair County, Georgia",41801.0,12619.0,3138,GEORGIA,TELFAIR,24.86726365005151
"Terrell County, Georgia",43507.0,9004.0,2589,GEORGIA,TERRELL,28.75388716126166
"Thomas County, Georgia",55958.0,45665.0,8420,GEORGIA,THOMAS,18.438629147049163
"Tift County, Georgia",52561.0,41247.0,8245,GEORGIA,TIFT,19.989332557519333
"Toombs County, Georgia",47310.0,26946.0,5760,GEORGIA,TOOMBS,21.37608550434202
"Towns County, Georgia",55574.0,12546.0,1786,GEORGIA,TOWNS,14.235612944364737
"Treutlen County, Georgia",38641.0,6411.0,1700,GEORGIA,TREUTLEN,26.51692403681173
"Troup County, Georgia",53599.0,69527.0,13008,GEORGIA,TROUP,18.7092784098264
"Turner County, Georgia",39666.0,8894.0,1928,GEORGIA,TURNER,21.677535417135147
"Twiggs County, Georgia",50446.0,7955.0,1232,GEORGIA,TWIGGS,15.487115021998743
"Union County, Georgia",59783.0,24880.0,2845,GEORGIA,UNION,11.434887459807074
"Upson County, Georgia",48740.0,27638.0,6007,GEORGIA,UPSON,21.734568347926768
"Walker County, Georgia",52276.0,68065.0,9114,GEORGIA,WALKER,13.390141776243297
"Walton County, Georgia",79425.0,97752.0,12597,GEORGIA,WALTON,12.886692855389148
"Ware County, Georgia",44138.0,35917.0,7920,GEORGIA,WARE,22.050839435364868
"Warren County, Georgia",45091.0,5197.0,1175,GEORGIA,WARREN,22.60919761400808
"Washington County, Georgia",43810.0,19975.0,3045,GEORGIA,WASHINGTON,15.244055068836046
"Wayne County, Georgia",49847.0,30277.0,5150,GEORGIA,WAYNE,17.00961125606896
"Webster County, Georgia",35000.0,2354.0,655,GEORGIA,WEBSTER,27.8249787595582
"Wheeler County, Georgia",36354.0,7550.0,1856,GEORGIA,WHEELER,24.582781456953644
"White County, Georgia",66256.0,28165.0,3561,GEORGIA,WHITE,12.64335167761406
"Whitfield County, Georgia",59659.0,103033.0,13695,GEORGIA,WHITFIELD,13.29185794842429
"Wilcox County, Georgia",46759.0,8839.0,1608,GEORGIA,WILCOX,18.19210317909266
"Wilkes County, Georgia",51780.0,9610.0,1694,GEORGIA,WILKES,17.627471383975028
"Wilkinson County, Georgia",40757.0,8852.0,1896,GEORGIA,WILKINSON,21.41888838680524
"Worth County, Georgia",56496.0,20706.0,3982,GEORGIA,WORTH,19.23114073215493
"Hawaii County, Hawaii",74238.0,202163.0,28162,HAWAII,HAWAII,13.930343336812372
"Honolulu County, Hawaii",99816.0,1010100.0,86612,HAWAII,HONOLULU,8.574596574596574
"Kalawao County, Hawaii",87813.0,50.0,7,HAWAII,KALAWAO,14.000000000000002
"Kauai County, Hawaii",88869.0,73511.0,6040,HAWAII,KAUAI,8.216457400933194
"Maui County, Hawaii",95379.0,164765.0,15120,HAWAII,MAUI,9.176706217946773
"Ada County, Idaho",83881.0,497494.0,42460,IDAHO,ADA,8.534776298809634
"Adams County, Idaho",55891.0,4464.0,645,IDAHO,ADAMS,14.448924731182796
"Bannock County, Idaho",60998.0,87434.0,10541,IDAHO,BANNOCK,12.055950774298328
"Bear Lake County, Idaho",63244.0,6436.0,671,IDAHO,BEAR LAKE,10.425730267246736
"Benewah County, Idaho",54191.0,9731.0,1390,IDAHO,BENEWAH,14.284246223409722
"Bingham County, Idaho",69433.0,48253.0,4939,IDAHO,BINGHAM,10.235633017636209
"Blaine County, Idaho",81794.0,24248.0,1674,IDAHO,BLAINE,6.903662157703729
"Boise County, Idaho",70776.0,7809.0,733,IDAHO,BOISE,9.38660519912921
"Bonner County, Idaho",61816.0,47976.0,5621,IDAHO,BONNER,11.7162748040687
"Bonneville County, Idaho",73103.0,124490.0,11641,IDAHO,BONNEVILLE,9.350951883685436
"Boundary County, Idaho",58810.0,12335.0,2247,IDAHO,BOUNDARY,18.216457235508717
"Butte County, Idaho",37358.0,2605.0,568,IDAHO,BUTTE,21.8042226487524
"Camas County, Idaho",63750.0,1133.0,76,IDAHO,CAMAS,6.707855251544571
"Canyon County, Idaho",68473.0,235006.0,23412,IDAHO,CANYON,9.962298834923363
"Caribou County, Idaho",65380.0,7058.0,468,IDAHO,CARIBOU,6.630773590252197
"Cassia County, Idaho",63525.0,24859.0,2536,IDAHO,CASSIA,10.201536666800756
"Clark County, Idaho",53500.0,756.0,69,IDAHO,CLARK,9.126984126984127
"Clearwater County, Idaho",55885.0,8810.0,900,IDAHO,CLEARWATER,10.21566401816118
"Custer County, Idaho",60357.0,4344.0,497,IDAHO,CUSTER,11.441068139963168
"Elmore County, Idaho",55000.0,28752.0,3285,IDAHO,ELMORE,11.425292153589316
"Franklin County, Idaho",61679.0,14376.0,1367,IDAHO,FRANKLIN,9.508903728436282
"Fremont County, Idaho",67015.0,13519.0,1484,IDAHO,FREMONT,10.97714327982839
"Gem County, Idaho",65204.0,19250.0,2204,IDAHO,GEM,11.449350649350649
"Gooding County, Idaho",60938.0,15520.0,2043,IDAHO,GOODING,13.163659793814434
"Idaho County, Idaho",54745.0,16787.0,1688,IDAHO,IDAHO,10.055400011913981
"Jefferson County, Idaho",77491.0,31383.0,2791,IDAHO,JEFFERSON,8.893349902813625
"Jerome County, Idaho",67347.0,24474.0,3571,IDAHO,JEROME,14.59099452480183
"Kootenai County, Idaho",71949.0,173396.0,15857,IDAHO,KOOTENAI,9.14496297492445
"Latah County, Idaho",62258.0,39872.0,4751,IDAHO,LATAH,11.915630016051363
"Lemhi County, Idaho",49216.0,8043.0,846,IDAHO,LEMHI,10.51846325997762
"Lewis County, Idaho",46484.0,3630.0,637,IDAHO,LEWIS,17.548209366391184
"Lincoln County, Idaho",62250.0,5203.0,602,IDAHO,LINCOLN,11.570247933884298
"Madison County, Idaho",53025.0,52487.0,13963,IDAHO,MADISON,26.602777830700937
"Minidoka County, Idaho",63594.0,21626.0,3229,IDAHO,MINIDOKA,14.931101451955978
"Nez Perce County, Idaho",65023.0,42200.0,5749,IDAHO,NEZ PERCE,13.623222748815166
"Oneida County, Idaho",67383.0,4572.0,611,IDAHO,ONEIDA,13.36395450568679
"Owyhee County, Idaho",58440.0,12043.0,1560,IDAHO,OWYHEE,12.95358299427053
"Payette County, Idaho",62721.0,25571.0,2663,IDAHO,PAYETTE,10.414141019123226
"Power County, Idaho",56671.0,7918.0,875,IDAHO,POWER,11.05077039656479
"Shoshone County, Idaho",44807.0,13399.0,2098,IDAHO,SHOSHONE,15.657884916784834
"Teton County, Idaho",88906.0,11813.0,1178,IDAHO,TETON,9.972064674511131
"Twin Falls County, Idaho",61183.0,90592.0,11126,IDAHO,TWIN FALLS,12.281437654539031
"Valley County, Idaho",72878.0,11830.0,1628,IDAHO,VALLEY,13.761622992392223
"Washington County, Idaho",50046.0,10612.0,1894,IDAHO,WASHINGTON,17.84771956275914
"Adams County, Illinois",63767.0,65583.0,7731,ILLINOIS,ADAMS,11.788115822697955
"Alexander County, Illinois",40365.0,5261.0,1103,ILLINOIS,ALEXANDER,20.965595894316667
"Bond County, Illinois",58617.0,16750.0,2187,ILLINOIS,BOND,13.056716417910447
"Boone County, Illinois",80502.0,53459.0,5150,ILLINOIS,BOONE,9.633550945584467
"Brown County, Illinois",64760.0,6334.0,465,ILLINOIS,BROWN,7.341332491316703
"Bureau County, Illinois",64165.0,33203.0,4128,ILLINOIS,BUREAU,12.432611511008043
"Calhoun County, Illinois",88059.0,4472.0,364,ILLINOIS,CALHOUN,8.13953488372093
"Carroll County, Illinois",61539.0,15594.0,1641,ILLINOIS,CARROLL,10.523278183916892
"Cass County, Illinois",64826.0,12955.0,1577,ILLINOIS,CASS,12.172906213817058
"Champaign County, Illinois",61090.0,206525.0,35991,ILLINOIS,CHAMPAIGN,17.426945890328046
"Christian County, Illinois",56933.0,33893.0,3816,ILLINOIS,CHRISTIAN,11.258962027557311
"Clark County, Illinois",65874.0,15467.0,1371,ILLINOIS,CLARK,8.864033102734854
"Clay County, Illinois",58028.0,13248.0,2048,ILLINOIS,CLAY,15.458937198067632
"Clinton County, Illinois",78054.0,36998.0,2531,ILLINOIS,CLINTON,6.840910319476729
"Coles County, Illinois",53732.0,47076.0,8465,ILLINOIS,COLES,17.98156172996856
"Cook County, Illinois",78304.0,5225367.0,687906,ILLINOIS,COOK,13.164740390483578
"Crawford County, Illinois",64163.0,18729.0,1632,ILLINOIS,CRAWFORD,8.713759410539804
"Cumberland County, Illinois",71274.0,10447.0,1000,ILLINOIS,CUMBERLAND,9.572125969177755
"DeKalb County, Illinois",68617.0,100686.0,14841,ILLINOIS,DEKALB,14.739884393063585
"De Witt County, Illinois",61823.0,15535.0,1557,ILLINOIS,DE WITT,10.022529771483747
"Douglas County, Illinois",67177.0,19714.0,1833,ILLINOIS,DOUGLAS,9.297960840012175
"DuPage County, Illinois",107035.0,930559.0,57674,ILLINOIS,DUPAGE,6.197780044038046
"Edgar County, Illinois",56687.0,16852.0,1946,ILLINOIS,EDGAR,11.547590790410634
"Edwards County, Illinois",60784.0,6182.0,870,ILLINOIS,EDWARDS,14.073115496603043
"Effingham County, Illinois",73181.0,34594.0,3680,ILLINOIS,EFFINGHAM,10.63768283517373
"Fayette County, Illinois",51962.0,21464.0,2964,ILLINOIS,FAYETTE,13.809168840849795
"Ford County, Illinois",58930.0,13484.0,1578,ILLINOIS,FORD,11.7027588252744
"Franklin County, Illinois",51031.0,37810.0,6626,ILLINOIS,FRANKLIN,17.524464427400158
"Fulton County, Illinois",57223.0,33691.0,4223,ILLINOIS,FULTON,12.53450476388353
"Gallatin County, Illinois",51868.0,4967.0,950,ILLINOIS,GALLATIN,19.126233138715524
"Greene County, Illinois",58900.0,12015.0,1606,ILLINOIS,GREENE,13.36662505201831
"Grundy County, Illinois",89993.0,52624.0,3114,ILLINOIS,GRUNDY,5.917452113104287
"Hamilton County, Illinois",60574.0,8008.0,1021,ILLINOIS,HAMILTON,12.74975024975025
"Hancock County, Illinois",61026.0,17582.0,2272,ILLINOIS,HANCOCK,12.922306904788988
"Hardin County, Illinois",53026.0,3665.0,414,ILLINOIS,HARDIN,11.296043656207368
"Henderson County, Illinois",64946.0,6374.0,575,ILLINOIS,HENDERSON,9.021022905553812
"Henry County, Illinois",66313.0,49157.0,4461,ILLINOIS,HENRY,9.075004577171104
"Iroquois County, Illinois",62866.0,27043.0,2823,ILLINOIS,IROQUOIS,10.438930592020117
"Jackson County, Illinois",44847.0,53176.0,11449,ILLINOIS,JACKSON,21.530389649465924
"Jasper County, Illinois",67429.0,9295.0,845,ILLINOIS,JASPER,9.090909090909092
"Jefferson County, Illinois",58384.0,37043.0,4980,ILLINOIS,JEFFERSON,13.443835542477661
"Jersey County, Illinois",77607.0,21462.0,1655,ILLINOIS,JERSEY,7.711303699562016
"Jo Daviess County, Illinois",67729.0,21942.0,1689,ILLINOIS,JO DAVIESS,7.69756631118403
"Johnson County, Illinois",63295.0,13313.0,1865,ILLINOIS,JOHNSON,14.008863516863215
"Kane County, Illinois",96400.0,517254.0,42558,ILLINOIS,KANE,8.227679244626431
"Kankakee County, Illinois",65489.0,107421.0,14520,ILLINOIS,KANKAKEE,13.516910101376824
"Kendall County, Illinois",106358.0,132795.0,6280,ILLINOIS,KENDALL,4.729093715877857
"Knox County, Illinois",50263.0,49751.0,7469,ILLINOIS,KNOX,15.012763562541457
"Lake County, Illinois",104553.0,713159.0,54519,ILLINOIS,LAKE,7.644718779402631
"LaSalle County, Illinois",67942.0,109495.0,14495,ILLINOIS,LASALLE,13.238047399424632
"Lawrence County, Illinois",55811.0,15302.0,1840,ILLINOIS,LAWRENCE,12.024571951378906
"Lee County, Illinois",64588.0,34221.0,3931,ILLINOIS,LEE,11.487098565208498
"Livingston County, Illinois",68175.0,35771.0,3451,ILLINOIS,LIVINGSTON,9.647479802074306
"Logan County, Illinois",62547.0,28027.0,2842,ILLINOIS,LOGAN,10.140221928854318
"McDonough County, Illinois",48904.0,27370.0,4887,ILLINOIS,MCDONOUGH,17.85531603945926
"McHenry County, Illinois",100101.0,311133.0,18641,ILLINOIS,MCHENRY,5.991328467247126
"McLean County, Illinois",75356.0,171284.0,23023,ILLINOIS,MCLEAN,13.44141892996427
"Macon County, Illinois",59622.0,103542.0,15510,ILLINOIS,MACON,14.979428637654285
"Macoupin County, Illinois",64706.0,44907.0,6453,ILLINOIS,MACOUPIN,14.36969737457412
"Madison County, Illinois",71759.0,265512.0,31245,ILLINOIS,MADISON,11.767829702612312
"Marion County, Illinois",59099.0,37543.0,6157,ILLINOIS,MARION,16.39986149215566
"Marshall County, Illinois",64940.0,11740.0,1390,ILLINOIS,MARSHALL,11.839863713798977
"Mason County, Illinois",58479.0,13074.0,1767,ILLINOIS,MASON,13.515374024782009
"Massac County, Illinois",57365.0,14135.0,1901,ILLINOIS,MASSAC,13.448885744605587
"Menard County, Illinois",84846.0,12284.0,964,ILLINOIS,MENARD,7.847606642787365
"Mercer County, Illinois",67028.0,15692.0,1244,ILLINOIS,MERCER,7.927606423655366
"Monroe County, Illinois",100685.0,34905.0,1481,ILLINOIS,MONROE,4.242945136799885
"Montgomery County, Illinois",61796.0,28352.0,3640,ILLINOIS,MONTGOMERY,12.838600451467268
"Morgan County, Illinois",61188.0,32882.0,3938,ILLINOIS,MORGAN,11.97615716805547
"Moultrie County, Illinois",72833.0,14531.0,1307,ILLINOIS,MOULTRIE,8.994563347326405
"Ogle County, Illinois",75782.0,51672.0,4234,ILLINOIS,OGLE,8.193992878154512
"Peoria County, Illinois",63409.0,181186.0,27284,ILLINOIS,PEORIA,15.058558608280991
"Perry County, Illinois",56338.0,20996.0,3257,ILLINOIS,PERRY,15.512478567346161
"Piatt County, Illinois",81151.0,16698.0,1189,ILLINOIS,PIATT,7.12061324709546
"Pike County, Illinois",55514.0,14776.0,1925,ILLINOIS,PIKE,13.027883053600434
"Pope County, Illinois",57582.0,3799.0,678,ILLINOIS,POPE,17.84680178994472
"Pulaski County, Illinois",41038.0,5177.0,1271,ILLINOIS,PULASKI,24.550898203592812
"Putnam County, Illinois",75726.0,5628.0,492,ILLINOIS,PUTNAM,8.742004264392325
"Randolph County, Illinois",63860.0,30413.0,3428,ILLINOIS,RANDOLPH,11.271495741952455
"Richland County, Illinois",61607.0,15716.0,2113,ILLINOIS,RICHLAND,13.444896920335964
"Rock Island County, Illinois",64435.0,143819.0,21084,ILLINOIS,ROCK ISLAND,14.660093589859477
"St. Clair County, Illinois",68915.0,256791.0,34784,ILLINOIS,ST. CLAIR,13.545646070150433
"Saline County, Illinois",51710.0,23662.0,4156,ILLINOIS,SALINE,17.564026709492012
"Sangamon County, Illinois",71653.0,196122.0,24834,ILLINOIS,SANGAMON,12.662526386636888
"Schuyler County, Illinois",63737.0,6879.0,1318,ILLINOIS,SCHUYLER,19.159761593254835
"Scott County, Illinois",70500.0,4899.0,531,ILLINOIS,SCOTT,10.838946723821188
"Shelby County, Illinois",65585.0,21042.0,2138,ILLINOIS,SHELBY,10.160631118714951
"Stark County, Illinois",58125.0,5395.0,657,ILLINOIS,STARK,12.177942539388322
"Stephenson County, Illinois",57527.0,44482.0,5829,ILLINOIS,STEPHENSON,13.10417697045996
"Tazewell County, Illinois",74606.0,131276.0,11195,ILLINOIS,TAZEWELL,8.527834486120845
"Union County, Illinois",54090.0,17122.0,3372,ILLINOIS,UNION,19.693960985866138
"Vermilion County, Illinois",52787.0,74113.0,12407,ILLINOIS,VERMILION,16.740652786960453
"Wabash County, Illinois",54074.0,11321.0,1483,ILLINOIS,WABASH,13.099549509760621
"Warren County, Illinois",62700.0,16760.0,2346,ILLINOIS,WARREN,13.997613365155132
"Washington County, Illinois",75111.0,13781.0,1082,ILLINOIS,WASHINGTON,7.851389594369058
"Wayne County, Illinois",53522.0,16127.0,2237,ILLINOIS,WAYNE,13.87114776461834
"White County, Illinois",54605.0,13834.0,2049,ILLINOIS,WHITE,14.811334393523204
"Whiteside County, Illinois",62828.0,55569.0,6327,ILLINOIS,WHITESIDE,11.385844625600605
"Will County, Illinois",103678.0,696774.0,45737,ILLINOIS,WILL,6.5641083048449
"Williamson County, Illinois",60325.0,67120.0,8541,ILLINOIS,WILLIAMSON,12.724970202622169
"Winnebago County, Illinois",61738.0,284591.0,45057,ILLINOIS,WINNEBAGO,15.832194271779501
"Woodford County, Illinois",80093.0,38414.0,2788,ILLINOIS,WOODFORD,7.2577706044671215
"Adams County, Indiana",61731.0,35827.0,4040,INDIANA,ADAMS,11.276411644848856
"Allen County, Indiana",66222.0,385456.0,45562,INDIANA,ALLEN,11.820285583827985
"Bartholomew County, Indiana",76912.0,82371.0,9357,INDIANA,BARTHOLOMEW,11.359580434861783
"Benton County, Indiana",58620.0,8709.0,1217,INDIANA,BENTON,13.97404983350557
"Blackford County, Indiana",51108.0,12074.0,2019,INDIANA,BLACKFORD,16.721881729335763
"Boone County, Indiana",103038.0,71235.0,4050,INDIANA,BOONE,5.685407454200885
"Brown County, Indiana",73933.0,15513.0,1246,INDIANA,BROWN,8.031973183781345
"Carroll County, Indiana",61464.0,20397.0,1468,INDIANA,CARROLL,7.197136833848115
"Cass County, Indiana",55862.0,37820.0,5117,INDIANA,CASS,13.52987837123215
"Clark County, Indiana",69005.0,121484.0,11609,INDIANA,CLARK,9.555990912383523
"Clay County, Indiana",68364.0,26396.0,2806,INDIANA,CLAY,10.630398545234126
"Clinton County, Indiana",59515.0,33020.0,2877,INDIANA,CLINTON,8.71290127195639
"Crawford County, Indiana",46706.0,10511.0,2283,INDIANA,CRAWFORD,21.720102749500523
"Daviess County, Indiana",64113.0,33337.0,3150,INDIANA,DAVIESS,9.448960614332423
"Dearborn County, Indiana",80352.0,50709.0,4230,INDIANA,DEARBORN,8.341714488552327
"Decatur County, Indiana",71566.0,26432.0,2477,INDIANA,DECATUR,9.37121670702179
"DeKalb County, Indiana",68110.0,43312.0,4274,INDIANA,DEKALB,9.867934983376433
"Delaware County, Indiana",53377.0,112156.0,21600,INDIANA,DELAWARE,19.258889404044368
"Dubois County, Indiana",68945.0,43584.0,4111,INDIANA,DUBOIS,9.432360499265785
"Elkhart County, Indiana",63978.0,206841.0,24427,INDIANA,ELKHART,11.809554198635668
"Fayette County, Indiana",52219.0,23391.0,3761,INDIANA,FAYETTE,16.078833739472447
"Floyd County, Indiana",75686.0,80191.0,7359,INDIANA,FLOYD,9.176840293798556
"Fountain County, Indiana",60559.0,16468.0,1965,INDIANA,FOUNTAIN,11.932232207918387
"Franklin County, Indiana",75985.0,22850.0,1669,INDIANA,FRANKLIN,7.3041575492341355
"Fulton County, Indiana",62644.0,20420.0,2977,INDIANA,FULTON,14.578844270323213
"Gibson County, Indiana",64153.0,33006.0,3210,INDIANA,GIBSON,9.725504453735685
"Grant County, Indiana",53033.0,66560.0,11670,INDIANA,GRANT,17.533052884615387
"Greene County, Indiana",57771.0,30900.0,4257,INDIANA,GREENE,13.776699029126213
"Hamilton County, Indiana",114866.0,349527.0,14697,INDIANA,HAMILTON,4.204825378296956
"Hancock County, Indiana",85262.0,80170.0,3889,INDIANA,HANCOCK,4.850941748783835
"Harrison County, Indiana",71302.0,39684.0,2976,INDIANA,HARRISON,7.499244027819777
"Hendricks County, Indiana",95261.0,175639.0,8968,INDIANA,HENDRICKS,5.105927499017872
"Henry County, Indiana",57632.0,48913.0,6271,INDIANA,HENRY,12.820722507308895
"Howard County, Indiana",62014.0,83452.0,9910,INDIANA,HOWARD,11.87508987202224
"Huntington County, Indiana",59894.0,36699.0,3923,INDIANA,HUNTINGTON,10.689664568516854
"Jackson County, Indiana",65609.0,46212.0,5607,INDIANA,JACKSON,12.133212152687614
"Jasper County, Indiana",77777.0,33045.0,2427,INDIANA,JASPER,7.34453018610985
"Jay County, Indiana",52231.0,20451.0,2725,INDIANA,JAY,13.324531807735562
"Jefferson County, Indiana",57801.0,33057.0,3979,INDIANA,JEFFERSON,12.036784947212391
"Jennings County, Indiana",66892.0,27610.0,3745,INDIANA,JENNINGS,13.56392611372691
"Johnson County, Indiana",82730.0,161952.0,11886,INDIANA,JOHNSON,7.339211618257262
"Knox County, Indiana",58173.0,36148.0,4520,INDIANA,KNOX,12.50414960717052
"Kosciusko County, Indiana",70945.0,80442.0,7023,INDIANA,KOSCIUSKO,8.730513910643694
"LaGrange County, Indiana",81658.0,40364.0,2261,INDIANA,LAGRANGE,5.601526112377366
"Lake County, Indiana",66375.0,497682.0,72391,INDIANA,LAKE,14.545633557171044
"LaPorte County, Indiana",66854.0,112215.0,15485,INDIANA,LAPORTE,13.799402931871855
"Lawrence County, Indiana",64210.0,45113.0,4742,INDIANA,LAWRENCE,10.51138252831778
"Madison County, Indiana",60060.0,130545.0,17600,INDIANA,MADISON,13.481941093109656
"Marion County, Indiana",59504.0,971737.0,146353,INDIANA,MARION,15.060968142614719
"Marshall County, Indiana",66016.0,46208.0,4919,INDIANA,MARSHALL,10.645342797783934
"Martin County, Indiana",65489.0,9863.0,1372,INDIANA,MARTIN,13.91057487579844
"Miami County, Indiana",59551.0,35952.0,5306,INDIANA,MIAMI,14.758566978193146
"Monroe County, Indiana",60308.0,140065.0,25891,INDIANA,MONROE,18.48498911219791
"Montgomery County, Indiana",62937.0,38018.0,4640,INDIANA,MONTGOMERY,12.204745120732284
"Morgan County, Indiana",79134.0,71757.0,5994,INDIANA,MORGAN,8.353192023077888
"Newton County, Indiana",63673.0,13829.0,1718,INDIANA,NEWTON,12.423168703449274
"Noble County, Indiana",70286.0,47431.0,3366,INDIANA,NOBLE,7.096624570428622
"Ohio County, Indiana",66333.0,5974.0,592,INDIANA,OHIO,9.909608302644795
"Orange County, Indiana",60775.0,19768.0,2852,INDIANA,ORANGE,14.427357345204369
"Owen County, Indiana",57947.0,21361.0,2568,INDIANA,OWEN,12.021909086653247
"Parke County, Indiana",63393.0,16327.0,2366,INDIANA,PARKE,14.491333374165494
"Perry County, Indiana",58936.0,19186.0,2143,INDIANA,PERRY,11.169602835400813
"Pike County, Indiana",64182.0,12227.0,1321,INDIANA,PIKE,10.80395845260489
"Porter County, Indiana",82915.0,173355.0,15779,INDIANA,PORTER,9.102131464336189
"Posey County, Indiana",75594.0,25226.0,2490,INDIANA,POSEY,9.870768254975026
"Pulaski County, Indiana",56823.0,12498.0,1566,INDIANA,PULASKI,12.530004800768124
"Putnam County, Indiana",70609.0,36942.0,2869,INDIANA,PUTNAM,7.766228141410861
"Randolph County, Indiana",59674.0,24586.0,3134,INDIANA,RANDOLPH,12.747091840885055
"Ripley County, Indiana",70285.0,28990.0,2738,INDIANA,RIPLEY,9.444636081407381
"Rush County, Indiana",62386.0,16716.0,1923,INDIANA,RUSH,11.50394831299354
"St. Joseph County, Indiana",61877.0,272388.0,37546,INDIANA,ST. JOSEPH,13.784013980057857
"Scott County, Indiana",49343.0,24403.0,3705,INDIANA,SCOTT,15.182559521370322
"Shelby County, Indiana",66449.0,44940.0,5701,INDIANA,SHELBY,12.685803293279928
"Spencer County, Indiana",66168.0,19935.0,1415,INDIANA,SPENCER,7.098068723350891
"Starke County, Indiana",59916.0,23308.0,3144,INDIANA,STARKE,13.488930839196842
"Steuben County, Indiana",68837.0,34507.0,3063,INDIANA,STEUBEN,8.876459848726345
"Sullivan County, Indiana",54556.0,20791.0,2263,INDIANA,SULLIVAN,10.884517339233323
"Switzerland County, Indiana",66525.0,9896.0,1624,INDIANA,SWITZERLAND,16.410670978173002
"Tippecanoe County, Indiana",55728.0,186955.0,32688,INDIANA,TIPPECANOE,17.484421384825225
"Tipton County, Indiana",71947.0,15328.0,1821,INDIANA,TIPTON,11.880219206680584
"Union County, Indiana",68514.0,7041.0,418,INDIANA,UNION,5.9366567248970314
"Vanderburgh County, Indiana",58839.0,179900.0,24763,INDIANA,VANDERBURGH,13.764869371873262
"Vermillion County, Indiana",59567.0,15488.0,2263,INDIANA,VERMILLION,14.611311983471072
"Vigo County, Indiana",52789.0,106355.0,19702,INDIANA,VIGO,18.524752009778574
"Wabash County, Indiana",66194.0,31032.0,3194,INDIANA,WABASH,10.292601185872648
"Warren County, Indiana",72833.0,8454.0,1045,INDIANA,WARREN,12.36101253844334
"Warrick County, Indiana",91105.0,64065.0,3815,INDIANA,WARRICK,5.9548895652852565
"Washington County, Indiana",60695.0,28133.0,3626,INDIANA,WASHINGTON,12.888778303060464
"Wayne County, Indiana",54854.0,66522.0,10246,INDIANA,WAYNE,15.402423258470883
"Wells County, Indiana",68074.0,28167.0,1748,INDIANA,WELLS,6.205843717825824
"White County, Indiana",65345.0,24630.0,2109,INDIANA,WHITE,8.56272838002436
"Whitley County, Indiana",73636.0,34259.0,3090,INDIANA,WHITLEY,9.019527715344873
"Adair County, Iowa",63172.0,7479.0,736,IOWA,ADAIR,9.840887819227168
"Adams County, Iowa",64750.0,3680.0,341,IOWA,ADAMS,9.266304347826088
"Allamakee County, Iowa",64049.0,14046.0,1594,IOWA,ALLAMAKEE,11.348426598319806
"Appanoose County, Iowa",50684.0,12279.0,2104,IOWA,APPANOOSE,17.134945842495316
"Audubon County, Iowa",54973.0,5651.0,652,IOWA,AUDUBON,11.537780923730313
"Benton County, Iowa",79444.0,25652.0,2089,IOWA,BENTON,8.143614532979884
"Black Hawk County, Iowa",62329.0,131041.0,19808,IOWA,BLACK HAWK,15.115879762822324
"Boone County, Iowa",75759.0,26700.0,1956,IOWA,BOONE,7.325842696629213
"Bremer County, Iowa",84727.0,25012.0,1541,IOWA,BREMER,6.161042699504238
"Buchanan County, Iowa",73493.0,20631.0,1764,IOWA,BUCHANAN,8.550239930202123
"Buena Vista County, Iowa",62662.0,20687.0,1391,IOWA,BUENA VISTA,6.724029583796587
"Butler County, Iowa",65743.0,14376.0,1669,IOWA,BUTLER,11.609627156371731
"Calhoun County, Iowa",65614.0,9893.0,832,IOWA,CALHOUN,8.409986859395532
"Carroll County, Iowa",68041.0,20728.0,1587,IOWA,CARROLL,7.656310304901583
"Cass County, Iowa",60815.0,13116.0,1973,IOWA,CASS,15.042695943885331
"Cedar County, Iowa",76959.0,18479.0,1418,IOWA,CEDAR,7.673575409924779
"Cerro Gordo County, Iowa",63149.0,42979.0,3929,IOWA,CERRO GORDO,9.141673840712906
"Cherokee County, Iowa",63638.0,11601.0,1506,IOWA,CHEROKEE,12.981639513835013
"Chickasaw County, Iowa",72734.0,11957.0,740,IOWA,CHICKASAW,6.188843355356695
"Clarke County, Iowa",63120.0,9737.0,1611,IOWA,CLARKE,16.54513710588477
"Clay County, Iowa",61756.0,16423.0,1845,IOWA,CLAY,11.23424465688364
"Clayton County, Iowa",60441.0,17123.0,2194,IOWA,CLAYTON,12.813175261344389
"Clinton County, Iowa",61080.0,46488.0,5649,IOWA,CLINTON,12.151522973670623
"Crawford County, Iowa",61188.0,16450.0,2759,IOWA,CRAWFORD,16.772036474164135
"Dallas County, Iowa",99533.0,100367.0,5657,IOWA,DALLAS,5.636314724959399
"Davis County, Iowa",77176.0,9093.0,843,IOWA,DAVIS,9.270867700428902
"Decatur County, Iowa",56068.0,7684.0,1011,IOWA,DECATUR,13.157209786569496
"Delaware County, Iowa",75896.0,17523.0,1152,IOWA,DELAWARE,6.574216743708269
"Des Moines County, Iowa",58084.0,38824.0,5557,IOWA,DES MOINES,14.313311353801772
"Dickinson County, Iowa",72446.0,17692.0,1086,IOWA,DICKINSON,6.138367623784761
"Dubuque County, Iowa",73495.0,98812.0,9479,IOWA,DUBUQUE,9.592964417277255
"Emmet County, Iowa",64461.0,9349.0,1096,IOWA,EMMET,11.72317894962028
"Fayette County, Iowa",56043.0,19519.0,2232,IOWA,FAYETTE,11.435012039551207
"Floyd County, Iowa",62356.0,15601.0,1673,IOWA,FLOYD,10.723671559515417
"Franklin County, Iowa",62214.0,10015.0,1353,IOWA,FRANKLIN,13.509735396904643
"Fremont County, Iowa",69375.0,6639.0,489,IOWA,FREMONT,7.36556710347944
"Greene County, Iowa",56884.0,8801.0,999,IOWA,GREENE,11.350982842858766
"Grundy County, Iowa",80701.0,12351.0,724,IOWA,GRUNDY,5.86187353250749
"Guthrie County, Iowa",75795.0,10619.0,1061,IOWA,GUTHRIE,9.991524625670966
"Hamilton County, Iowa",66685.0,14979.0,1144,IOWA,HAMILTON,7.63735896922358
"Hancock County, Iowa",67865.0,10790.0,1046,IOWA,HANCOCK,9.69416126042632
"Hardin County, Iowa",64656.0,16861.0,1355,IOWA,HARDIN,8.036296779550442
"Harrison County, Iowa",75830.0,14623.0,1092,IOWA,HARRISON,7.467687888942078
"Henry County, Iowa",62365.0,20436.0,2125,IOWA,HENRY,10.39831669602662
"Howard County, Iowa",63947.0,9479.0,805,IOWA,HOWARD,8.492457010233148
"Humboldt County, Iowa",66617.0,9606.0,1267,IOWA,HUMBOLDT,13.189673120966065
"Ida County, Iowa",63125.0,6969.0,785,IOWA,IDA,11.264169895250395
"Iowa County, Iowa",69787.0,16575.0,1490,IOWA,IOWA,8.989441930618401
"Jackson County, Iowa",69709.0,19470.0,1967,IOWA,JACKSON,10.102722136620441
"Jasper County, Iowa",67784.0,37808.0,3183,IOWA,JASPER,8.4188531527719
"Jefferson County, Iowa",52210.0,15785.0,2074,IOWA,JEFFERSON,13.139056065885335
"Johnson County, Iowa",72977.0,153360.0,24647,IOWA,JOHNSON,16.071335419926967
"Jones County, Iowa",68781.0,20733.0,2218,IOWA,JONES,10.697921188443544
"Keokuk County, Iowa",60016.0,10026.0,1207,IOWA,KEOKUK,12.03869938160782
"Kossuth County, Iowa",62553.0,14718.0,1514,IOWA,KOSSUTH,10.28672373963854
"Lee County, Iowa",58094.0,33442.0,4092,IOWA,LEE,12.236110280485617
"Linn County, Iowa",75457.0,229308.0,21239,IOWA,LINN,9.262215012123432
"Louisa County, Iowa",72500.0,10823.0,1072,IOWA,LOUISA,9.904832301579969
"Lucas County, Iowa",63405.0,8666.0,1422,IOWA,LUCAS,16.40895453496423
"Lyon County, Iowa",73735.0,12023.0,459,IOWA,LYON,3.8176827746818596
"Madison County, Iowa",88110.0,16609.0,1007,IOWA,MADISON,6.062977903546271
"Mahaska County, Iowa",65200.0,22059.0,2552,IOWA,MAHASKA,11.568974114873749
"Marion County, Iowa",74193.0,33487.0,2438,IOWA,MARION,7.28043718457909
"Marshall County, Iowa",70828.0,40049.0,4294,IOWA,MARSHALL,10.721865714499739
"Mills County, Iowa",81907.0,14605.0,996,IOWA,MILLS,6.819582334816844
"Mitchell County, Iowa",66056.0,10537.0,688,IOWA,MITCHELL,6.529372686722976
"Monona County, Iowa",59897.0,8671.0,1040,IOWA,MONONA,11.994002998500749
"Monroe County, Iowa",76324.0,7574.0,805,IOWA,MONROE,10.628465804066543
"Montgomery County, Iowa",61261.0,10285.0,1461,IOWA,MONTGOMERY,14.205153135634419
"Muscatine County, Iowa",67427.0,42968.0,4937,IOWA,MUSCATINE,11.489946006330293
"O'Brien County, Iowa",65076.0,14138.0,1683,IOWA,O'BRIEN,11.904088272740134
"Osceola County, Iowa",67561.0,6149.0,760,IOWA,OSCEOLA,12.359733289965847
"Page County, Iowa",58264.0,15225.0,1918,IOWA,PAGE,12.597701149425285
"Palo Alto County, Iowa",67306.0,8938.0,913,IOWA,PALO ALTO,10.214813157305885
"Plymouth County, Iowa",79963.0,25621.0,1433,IOWA,PLYMOUTH,5.593068186253464
"Pocahontas County, Iowa",61434.0,7061.0,626,IOWA,POCAHONTAS,8.8655997734032
"Polk County, Iowa",78827.0,493378.0,50072,IOWA,POLK,10.148810850909443
"Pottawattamie County, Iowa",68718.0,93543.0,10317,IOWA,POTTAWATTAMIE,11.029152368429493
"Poweshiek County, Iowa",61192.0,18608.0,1828,IOWA,POWESHIEK,9.823731728288907
"Ringgold County, Iowa",67898.0,4690.0,369,IOWA,RINGGOLD,7.867803837953091
"Sac County, Iowa",68778.0,9778.0,831,IOWA,SAC,8.49867048476171
"Scott County, Iowa",72792.0,174315.0,20277,IOWA,SCOTT,11.632389639445831
"Shelby County, Iowa",70295.0,11737.0,1011,IOWA,SHELBY,8.613785464769533
"Sioux County, Iowa",81914.0,35815.0,2039,IOWA,SIOUX,5.693145330168924
"Story County, Iowa",66197.0,98573.0,16953,IOWA,STORY,17.198421474440263
"Tama County, Iowa",65483.0,17017.0,2513,IOWA,TAMA,14.76758535582065
"Taylor County, Iowa",65926.0,5916.0,496,IOWA,TAYLOR,8.384043272481406
"Union County, Iowa",56495.0,12107.0,1401,IOWA,UNION,11.571817956554058
"Van Buren County, Iowa",58417.0,7207.0,788,IOWA,VAN BUREN,10.93381434716248
"Wapello County, Iowa",56209.0,35292.0,6001,IOWA,WAPELLO,17.003853564547207
"Warren County, Iowa",89741.0,52709.0,3135,IOWA,WARREN,5.947750858487166
"Washington County, Iowa",71122.0,22534.0,1655,IOWA,WASHINGTON,7.34445726457797
"Wayne County, Iowa",58257.0,6484.0,847,IOWA,WAYNE,13.062924120913017
"Webster County, Iowa",65335.0,36986.0,4151,IOWA,WEBSTER,11.223165522089438
"Winnebago County, Iowa",62853.0,10704.0,779,IOWA,WINNEBAGO,7.277653213751869
"Winneshiek County, Iowa",67770.0,20050.0,1601,IOWA,WINNESHIEK,7.98503740648379
"Woodbury County, Iowa",68399.0,105526.0,13876,IOWA,WOODBURY,13.14936603301556
"Worth County, Iowa",69897.0,7417.0,537,IOWA,WORTH,7.240124039369017
"Wright County, Iowa",58240.0,12897.0,1810,IOWA,WRIGHT,14.034271536016126
"Allen County, Kansas",55059.0,12554.0,1841,KANSAS,ALLEN,14.664648717540226
"Anderson County, Kansas",67651.0,7799.0,1004,KANSAS,ANDERSON,12.87344531350173
"Atchison County, Kansas",55281.0,16309.0,2149,KANSAS,ATCHISON,13.176773560610705
"Barber County, Kansas",53774.0,4081.0,809,KANSAS,BARBER,19.823572653761335
"Barton County, Kansas",54634.0,25477.0,3592,KANSAS,BARTON,14.098991247007103
"Bourbon County, Kansas",55826.0,14405.0,1785,KANSAS,BOURBON,12.39153071850052
"Brown County, Kansas",55876.0,9486.0,1347,KANSAS,BROWN,14.19987349778621
"Butler County, Kansas",77724.0,67618.0,5088,KANSAS,BUTLER,7.524623620929338
"Chase County, Kansas",52481.0,2570.0,216,KANSAS,CHASE,8.40466926070039
"Chautauqua County, Kansas",51210.0,3389.0,587,KANSAS,CHAUTAUQUA,17.320743582177634
"Cherokee County, Kansas",53382.0,19380.0,2615,KANSAS,CHEROKEE,13.493292053663572
"Cheyenne County, Kansas",52730.0,2619.0,392,KANSAS,CHEYENNE,14.967544864452082
"Clark County, Kansas",58287.0,1977.0,220,KANSAS,CLARK,11.127971674253919
"Clay County, Kansas",57765.0,8088.0,899,KANSAS,CLAY,11.115232443125619
"Cloud County, Kansas",51197.0,9008.0,1024,KANSAS,CLOUD,11.367673179396093
"Coffey County, Kansas",67645.0,8334.0,923,KANSAS,COFFEY,11.075113990880729
"Comanche County, Kansas",49754.0,1825.0,152,KANSAS,COMANCHE,8.32876712328767
"Cowley County, Kansas",55726.0,34661.0,4519,KANSAS,COWLEY,13.037708086898819
"Crawford County, Kansas",49779.0,39012.0,7742,KANSAS,CRAWFORD,19.845175843330257
"Decatur County, Kansas",49412.0,2771.0,329,KANSAS,DECATUR,11.872970046914471
"Dickinson County, Kansas",62971.0,18492.0,1601,KANSAS,DICKINSON,8.657797966688298
"Doniphan County, Kansas",66358.0,7501.0,768,KANSAS,DONIPHAN,10.238634848686843
"Douglas County, Kansas",66153.0,119094.0,18017,KANSAS,DOUGLAS,15.128385980821871
"Edwards County, Kansas",52750.0,2849.0,378,KANSAS,EDWARDS,13.267813267813267
"Elk County, Kansas",50000.0,2453.0,362,KANSAS,ELK,14.757439869547492
"Ellis County, Kansas",59665.0,28921.0,4223,KANSAS,ELLIS,14.601846409183638
"Ellsworth County, Kansas",59844.0,6374.0,471,KANSAS,ELLSWORTH,7.389394414810166
"Finney County, Kansas",68481.0,38187.0,4791,KANSAS,FINNEY,12.546154450467437
"Ford County, Kansas",67997.0,34212.0,3959,KANSAS,FORD,11.571963053899216
"Franklin County, Kansas",68217.0,25968.0,2100,KANSAS,FRANKLIN,8.086876155268023
"Geary County, Kansas",57992.0,36247.0,6544,KANSAS,GEARY,18.053907909620108
"Gove County, Kansas",59417.0,2758.0,173,KANSAS,GOVE,6.272661348803481
"Graham County, Kansas",47071.0,2430.0,238,KANSAS,GRAHAM,9.794238683127572
"Grant County, Kansas",84808.0,7336.0,387,KANSAS,GRANT,5.275354416575791
"Gray County, Kansas",74500.0,5719.0,228,KANSAS,GRAY,3.9867109634551494
"Greeley County, Kansas",69948.0,1279.0,101,KANSAS,GREELEY,7.8967943706020325
"Greenwood County, Kansas",51812.0,6001.0,903,KANSAS,GREENWOOD,15.047492084652559
"Hamilton County, Kansas",58750.0,2520.0,198,KANSAS,HAMILTON,7.857142857142857
"Harper County, Kansas",53032.0,5457.0,825,KANSAS,HARPER,15.118196811434853
"Harvey County, Kansas",70685.0,33959.0,3163,KANSAS,HARVEY,9.314172973291322
"Haskell County, Kansas",66458.0,3735.0,332,KANSAS,HASKELL,8.88888888888889
"Hodgeman County, Kansas",63125.0,1770.0,152,KANSAS,HODGEMAN,8.587570621468926
"Jackson County, Kansas",70385.0,13274.0,1036,KANSAS,JACKSON,7.804731053186681
"Jefferson County, Kansas",74562.0,18387.0,1096,KANSAS,JEFFERSON,5.960733126665579
"Jewell County, Kansas",47109.0,2929.0,543,KANSAS,JEWELL,18.538750426766814
"Johnson County, Kansas",103644.0,610742.0,31858,KANSAS,JOHNSON,5.21627790458164
"Kearny County, Kansas",68750.0,3964.0,607,KANSAS,KEARNY,15.312815338042382
"Kingman County, Kansas",59640.0,7369.0,570,KANSAS,KINGMAN,7.73510652734428
"Kiowa County, Kansas",70347.0,2445.0,116,KANSAS,KIOWA,4.74437627811861
"Labette County, Kansas",56143.0,20096.0,2988,KANSAS,LABETTE,14.868630573248407
"Lane County, Kansas",52222.0,1528.0,137,KANSAS,LANE,8.965968586387435
"Leavenworth County, Kansas",84307.0,82050.0,7711,KANSAS,LEAVENWORTH,9.397928092626447
"Lincoln County, Kansas",52540.0,2929.0,368,KANSAS,LINCOLN,12.564015022191874
"Linn County, Kansas",56697.0,9696.0,1105,KANSAS,LINN,11.396452145214521
"Logan County, Kansas",70382.0,2752.0,269,KANSAS,LOGAN,9.774709302325581
"Lyon County, Kansas",56415.0,32182.0,5034,KANSAS,LYON,15.642284506867194
"McPherson County, Kansas",71250.0,30085.0,3020,KANSAS,MCPHERSON,10.038225029084261
"Marion County, Kansas",60011.0,11867.0,970,KANSAS,MARION,8.17392769866015
"Marshall County, Kansas",64306.0,10014.0,1036,KANSAS,MARSHALL,10.345516277211903
"Meade County, Kansas",74063.0,4019.0,276,KANSAS,MEADE,6.867379945260015
"Miami County, Kansas",85564.0,34312.0,2347,KANSAS,MIAMI,6.840172534390302
"Mitchell County, Kansas",63008.0,5829.0,854,KANSAS,MITCHELL,14.650883513467146
"Montgomery County, Kansas",51513.0,31448.0,5146,KANSAS,MONTGOMERY,16.36352073263801
"Morris County, Kansas",52866.0,5385.0,582,KANSAS,MORRIS,10.807799442896936
"Morton County, Kansas",57943.0,2688.0,345,KANSAS,MORTON,12.834821428571427
"Nemaha County, Kansas",72788.0,10219.0,863,KANSAS,NEMAHA,8.445053332028573
"Neosho County, Kansas",54894.0,15826.0,2286,KANSAS,NEOSHO,14.444584860356374
"Ness County, Kansas",64907.0,2677.0,276,KANSAS,NESS,10.310048561822937
"Norton County, Kansas",52710.0,5431.0,420,KANSAS,NORTON,7.733382434174185
"Osage County, Kansas",66155.0,15787.0,1726,KANSAS,OSAGE,10.933046177234433
"Osborne County, Kansas",58750.0,3493.0,454,KANSAS,OSBORNE,12.997423418265102
"Ottawa County, Kansas",74551.0,5768.0,589,KANSAS,OTTAWA,10.211511789181692
"Pawnee County, Kansas",54141.0,6288.0,642,KANSAS,PAWNEE,10.209923664122138
"Phillips County, Kansas",57611.0,4960.0,799,KANSAS,PHILLIPS,16.108870967741936
"Pottawatomie County, Kansas",85241.0,25482.0,1821,KANSAS,POTTAWATOMIE,7.14622086178479
"Pratt County, Kansas",61685.0,9175.0,1005,KANSAS,PRATT,10.95367847411444
"Rawlins County, Kansas",61827.0,2544.0,274,KANSAS,RAWLINS,10.770440251572328
"Reno County, Kansas",57390.0,61881.0,7243,KANSAS,RENO,11.70472358235969
"Republic County, Kansas",54531.0,4686.0,465,KANSAS,REPUBLIC,9.923175416133162
"Rice County, Kansas",58523.0,9441.0,854,KANSAS,RICE,9.045651943650038
"Riley County, Kansas",56327.0,72105.0,13920,KANSAS,RILEY,19.30517994591221
"Rooks County, Kansas",60821.0,4925.0,218,KANSAS,ROOKS,4.426395939086294
"Rush County, Kansas",53523.0,2939.0,368,KANSAS,RUSH,12.521265736645118
"Russell County, Kansas",49929.0,6702.0,1143,KANSAS,RUSSELL,17.054610564010744
"Saline County, Kansas",59887.0,54160.0,6293,KANSAS,SALINE,11.619276218611521
"Scott County, Kansas",53365.0,5128.0,379,KANSAS,SCOTT,7.390795631825273
"Sedgwick County, Kansas",65372.0,522700.0,70351,KANSAS,SEDGWICK,13.45915439066386
"Seward County, Kansas",57131.0,21942.0,2918,KANSAS,SEWARD,13.298696563667853
"Shawnee County, Kansas",63463.0,178625.0,22395,KANSAS,SHAWNEE,12.537438768369489
"Sheridan County, Kansas",66719.0,2450.0,186,KANSAS,SHERIDAN,7.591836734693877
"Sherman County, Kansas",61404.0,5940.0,590,KANSAS,SHERMAN,9.932659932659933
"Smith County, Kansas",50943.0,3561.0,256,KANSAS,SMITH,7.188991856220163
"Stafford County, Kansas",60000.0,4054.0,436,KANSAS,STAFFORD,10.754810064134189
"Stanton County, Kansas",66000.0,2060.0,268,KANSAS,STANTON,13.009708737864079
"Stevens County, Kansas",67950.0,5275.0,816,KANSAS,STEVENS,15.469194312796208
"Sumner County, Kansas",59397.0,22517.0,2553,KANSAS,SUMNER,11.338100102145047
"Thomas County, Kansas",72417.0,7907.0,489,KANSAS,THOMAS,6.184393575313014
"Trego County, Kansas",77500.0,2798.0,198,KANSAS,TREGO,7.076483202287348
"Wabaunsee County, Kansas",70000.0,6922.0,402,KANSAS,WABAUNSEE,5.807570066454782
"Wallace County, Kansas",57708.0,1489.0,228,KANSAS,WALLACE,15.312290127602418
"Washington County, Kansas",59432.0,5529.0,538,KANSAS,WASHINGTON,9.730511846626877
"Wichita County, Kansas",69551.0,2131.0,315,KANSAS,WICHITA,14.781792585640543
"Wilson County, Kansas",55439.0,8667.0,1387,KANSAS,WILSON,16.003230644975194
"Woodson County, Kansas",50670.0,3134.0,408,KANSAS,WOODSON,13.018506700701979
"Wyandotte County, Kansas",57771.0,167989.0,27937,KANSAS,WYANDOTTE,16.630255552446886
"Adair County, Kentucky",49690.0,18887.0,3490,KENTUCKY,ADAIR,18.478318420077304
"Allen County, Kentucky",57159.0,20773.0,3381,KENTUCKY,ALLEN,16.27593510807298
"Anderson County, Kentucky",69885.0,23839.0,3160,KENTUCKY,ANDERSON,13.255589580099835
"Ballard County, Kentucky",57111.0,7742.0,1085,KENTUCKY,BALLARD,14.014466546112118
"Barren County, Kentucky",48141.0,44511.0,9187,KENTUCKY,BARREN,20.639841836849318
"Bath County, Kentucky",51471.0,12739.0,2916,KENTUCKY,BATH,22.890336761127248
"Bell County, Kentucky",33658.0,24248.0,6153,KENTUCKY,BELL,25.37528868360277
"Boone County, Kentucky",91697.0,136150.0,7725,KENTUCKY,BOONE,5.673889092912229
"Bourbon County, Kentucky",54580.0,20228.0,3015,KENTUCKY,BOURBON,14.905082064465097
"Boyd County, Kentucky",58327.0,48242.0,8071,KENTUCKY,BOYD,16.730235064881224
"Boyle County, Kentucky",56568.0,30613.0,4154,KENTUCKY,BOYLE,13.56939862150067
"Bracken County, Kentucky",59911.0,8420.0,1410,KENTUCKY,BRACKEN,16.7458432304038
"Breathitt County, Kentucky",38209.0,13580.0,3801,KENTUCKY,BREATHITT,27.989690721649485
"Breckinridge County, Kentucky",51756.0,20528.0,4734,KENTUCKY,BRECKINRIDGE,23.061184723304752
"Bullitt County, Kentucky",73900.0,82482.0,8667,KENTUCKY,BULLITT,10.5077471448316
"Butler County, Kentucky",47589.0,12365.0,2367,KENTUCKY,BUTLER,19.142741609381318
"Caldwell County, Kentucky",52488.0,12635.0,2024,KENTUCKY,CALDWELL,16.018994855559953
"Calloway County, Kentucky",48276.0,37345.0,6405,KENTUCKY,CALLOWAY,17.150890346766634
"Campbell County, Kentucky",71979.0,93122.0,10536,KENTUCKY,CAMPBELL,11.31418998732845
"Carlisle County, Kentucky",53065.0,4782.0,949,KENTUCKY,CARLISLE,19.8452530322041
"Carroll County, Kentucky",50625.0,10842.0,2140,KENTUCKY,CARROLL,19.738055709278733
"Carter County, Kentucky",47004.0,26671.0,6195,KENTUCKY,CARTER,23.227475535225526
"Casey County, Kentucky",42190.0,15942.0,4059,KENTUCKY,CASEY,25.46104629281144
"Christian County, Kentucky",48920.0,72766.0,11227,KENTUCKY,CHRISTIAN,15.428909105901106
"Clark County, Kentucky",61878.0,36897.0,5451,KENTUCKY,CLARK,14.773558825920807
"Clay County, Kentucky",37888.0,20322.0,5891,KENTUCKY,CLAY,28.988288554276153
"Clinton County, Kentucky",41180.0,9295.0,1850,KENTUCKY,CLINTON,19.903173749327596
"Crittenden County, Kentucky",45810.0,8979.0,1560,KENTUCKY,CRITTENDEN,17.373872368860674
"Cumberland County, Kentucky",40515.0,5974.0,1658,KENTUCKY,CUMBERLAND,27.75359892869099
"Daviess County, Kentucky",64021.0,102916.0,13990,KENTUCKY,DAVIESS,13.59361032298185
"Edmonson County, Kentucky",53029.0,12179.0,2035,KENTUCKY,EDMONSON,16.70908941620823
"Elliott County, Kentucky",39469.0,7378.0,1492,KENTUCKY,ELLIOTT,20.222282461371645
"Estill County, Kentucky",39980.0,14138.0,3353,KENTUCKY,ESTILL,23.716225774508416
"Fayette County, Kentucky",66087.0,321276.0,46179,KENTUCKY,FAYETTE,14.373622679565234
"Fleming County, Kentucky",46885.0,15111.0,3167,KENTUCKY,FLEMING,20.958242340017204
"Floyd County, Kentucky",38723.0,35780.0,10254,KENTUCKY,FLOYD,28.658468418110676
"Franklin County, Kentucky",62929.0,51475.0,6596,KENTUCKY,FRANKLIN,12.813987372510926
"Fulton County, Kentucky",35449.0,6480.0,1633,KENTUCKY,FULTON,25.200617283950617
"Gallatin County, Kentucky",58641.0,8720.0,1445,KENTUCKY,GALLATIN,16.571100917431192
"Garrard County, Kentucky",58263.0,17175.0,2657,KENTUCKY,GARRARD,15.470160116448325
"Grant County, Kentucky",65461.0,25085.0,3157,KENTUCKY,GRANT,12.585210285030895
"Graves County, Kentucky",52526.0,36701.0,7141,KENTUCKY,GRAVES,19.457235497670364
"Grayson County, Kentucky",47024.0,26465.0,5462,KENTUCKY,GRAYSON,20.63857925562063
"Green County, Kentucky",38595.0,11198.0,2356,KENTUCKY,GREEN,21.039471334166816
"Greenup County, Kentucky",58562.0,35853.0,5323,KENTUCKY,GREENUP,14.846735280171814
"Hancock County, Kentucky",68102.0,9058.0,1345,KENTUCKY,HANCOCK,14.848752483992051
"Hardin County, Kentucky",64136.0,111005.0,12401,KENTUCKY,HARDIN,11.171568848250079
"Harlan County, Kentucky",35128.0,26589.0,7799,KENTUCKY,HARLAN,29.331678513671065
"Harrison County, Kentucky",58840.0,18803.0,2925,KENTUCKY,HARRISON,15.556028293357443
"Hart County, Kentucky",45561.0,19345.0,4259,KENTUCKY,HART,22.01602481261308
"Henderson County, Kentucky",56912.0,44770.0,7431,KENTUCKY,HENDERSON,16.598168416350234
"Henry County, Kentucky",58294.0,15731.0,2534,KENTUCKY,HENRY,16.108321149322993
"Hickman County, Kentucky",68589.0,4491.0,726,KENTUCKY,HICKMAN,16.165664662658653
"Hopkins County, Kentucky",54466.0,45223.0,8424,KENTUCKY,HOPKINS,18.6276894500586
"Jackson County, Kentucky",38516.0,13002.0,2905,KENTUCKY,JACKSON,22.342716505153053
"Jefferson County, Kentucky",66296.0,779232.0,107897,KENTUCKY,JEFFERSON,13.846582275881895
"Jessamine County, Kentucky",69905.0,53381.0,6254,KENTUCKY,JESSAMINE,11.715779022498642
"Johnson County, Kentucky",44231.0,22631.0,4728,KENTUCKY,JOHNSON,20.89169722946401
"Kenton County, Kentucky",76016.0,169066.0,19922,KENTUCKY,KENTON,11.783563815314729
"Knott County, Kentucky",38336.0,14282.0,3798,KENTUCKY,KNOTT,26.592914157680998
"Knox County, Kentucky",34254.0,30207.0,10030,KENTUCKY,KNOX,33.20422418644685
"Larue County, Kentucky",57867.0,14902.0,2760,KENTUCKY,LARUE,18.52100389209502
"Laurel County, Kentucky",53693.0,62442.0,12608,KENTUCKY,LAUREL,20.191537747029244
"Lawrence County, Kentucky",42488.0,16228.0,4236,KENTUCKY,LAWRENCE,26.103031796894253
"Lee County, Kentucky",31682.0,7338.0,2082,KENTUCKY,LEE,28.37285363859362
"Leslie County, Kentucky",37019.0,10468.0,3381,KENTUCKY,LESLIE,32.298433320596104
"Letcher County, Kentucky",38466.0,21490.0,6082,KENTUCKY,LETCHER,28.301535597952537
"Lewis County, Kentucky",36662.0,13063.0,3428,KENTUCKY,LEWIS,26.24205772027865
"Lincoln County, Kentucky",49487.0,24320.0,4150,KENTUCKY,LINCOLN,17.064144736842106
"Livingston County, Kentucky",56125.0,8980.0,1503,KENTUCKY,LIVINGSTON,16.737193763919823
"Logan County, Kentucky",58869.0,27498.0,4268,KENTUCKY,LOGAN,15.521128809367953
"Lyon County, Kentucky",64081.0,8721.0,724,KENTUCKY,LYON,8.301800252264648
"McCracken County, Kentucky",58490.0,67573.0,10045,KENTUCKY,MCCRACKEN,14.865404821452355
"McCreary County, Kentucky",35000.0,16892.0,5147,KENTUCKY,MCCREARY,30.470044991712054
"McLean County, Kentucky",64020.0,9173.0,721,KENTUCKY,MCLEAN,7.86002398342963
"Madison County, Kentucky",59797.0,92955.0,14057,KENTUCKY,MADISON,15.122371039750417
"Magoffin County, Kentucky",31927.0,11647.0,3503,KENTUCKY,MAGOFFIN,30.076414527346095
"Marion County, Kentucky",49627.0,19627.0,4180,KENTUCKY,MARION,21.297192642787994
"Marshall County, Kentucky",64597.0,31706.0,3744,KENTUCKY,MARSHALL,11.808490506528733
"Martin County, Kentucky",45265.0,11298.0,2357,KENTUCKY,MARTIN,20.862099486634804
"Mason County, Kentucky",48460.0,17068.0,3142,KENTUCKY,MASON,18.408718068900868
"Meade County, Kentucky",68518.0,29964.0,3925,KENTUCKY,MEADE,13.099052195968497
"Menifee County, Kentucky",43797.0,6174.0,1643,KENTUCKY,MENIFEE,26.611597019760286
"Mercer County, Kentucky",60728.0,22662.0,2515,KENTUCKY,MERCER,11.097873091518842
"Metcalfe County, Kentucky",46932.0,10313.0,2447,KENTUCKY,METCALFE,23.72733443226995
"Monroe County, Kentucky",47252.0,11331.0,2334,KENTUCKY,MONROE,20.598358485570557
"Montgomery County, Kentucky",53436.0,28188.0,4525,KENTUCKY,MONTGOMERY,16.052930324960975
"Morgan County, Kentucky",46018.0,13840.0,2494,KENTUCKY,MORGAN,18.02023121387283
"Muhlenberg County, Kentucky",50935.0,30735.0,4840,KENTUCKY,MUHLENBERG,15.747519115015454
"Nelson County, Kentucky",66212.0,46779.0,4051,KENTUCKY,NELSON,8.659868744522115
"Nicholas County, Kentucky",57539.0,7613.0,1215,KENTUCKY,NICHOLAS,15.95954288716669
"Ohio County, Kentucky",52474.0,23782.0,3263,KENTUCKY,OHIO,13.720460852745775
"Oldham County, Kentucky",117334.0,67997.0,2561,KENTUCKY,OLDHAM,3.76634263276321
"Owen County, Kentucky",56485.0,11229.0,1571,KENTUCKY,OWEN,13.99056015673702
"Owsley County, Kentucky",32844.0,4054.0,1114,KENTUCKY,OWSLEY,27.47903305377405
"Pendleton County, Kentucky",58723.0,14638.0,2550,KENTUCKY,PENDLETON,17.420412624675503
"Perry County, Kentucky",45330.0,28136.0,6521,KENTUCKY,PERRY,23.176713107762296
"Pike County, Kentucky",41271.0,58196.0,13607,KENTUCKY,PIKE,23.381332050312736
"Powell County, Kentucky",38415.0,13089.0,2680,KENTUCKY,POWELL,20.475208190083276
"Pulaski County, Kentucky",48768.0,65145.0,13636,KENTUCKY,PULASKI,20.931767595364185
"Robertson County, Kentucky",53798.0,2207.0,450,KENTUCKY,ROBERTSON,20.389669234254644
"Rockcastle County, Kentucky",45693.0,16171.0,3693,KENTUCKY,ROCKCASTLE,22.837177663719004
"Rowan County, Kentucky",50038.0,24551.0,5366,KENTUCKY,ROWAN,21.856543521648813
"Russell County, Kentucky",48220.0,18021.0,3803,KENTUCKY,RUSSELL,21.10315742744576
"Scott County, Kentucky",80782.0,57286.0,5173,KENTUCKY,SCOTT,9.030129525538525
"Shelby County, Kentucky",81012.0,48105.0,3706,KENTUCKY,SHELBY,7.703980875168901
"Simpson County, Kentucky",55907.0,19574.0,2694,KENTUCKY,SIMPSON,13.763155205885358
"Spencer County, Kentucky",101118.0,19549.0,1607,KENTUCKY,SPENCER,8.220369328354392
"Taylor County, Kentucky",63211.0,26056.0,3551,KENTUCKY,TAYLOR,13.628338962235187
"Todd County, Kentucky",57891.0,12281.0,2548,KENTUCKY,TODD,20.74749613223679
"Trigg County, Kentucky",55864.0,14154.0,2556,KENTUCKY,TRIGG,18.058499364137344
"Trimble County, Kentucky",66492.0,8510.0,1147,KENTUCKY,TRIMBLE,13.478260869565217
"Union County, Kentucky",58260.0,13495.0,2487,KENTUCKY,UNION,18.429047795479807
"Warren County, Kentucky",63074.0,135307.0,22132,KENTUCKY,WARREN,16.356877323420075
"Washington County, Kentucky",65456.0,12025.0,1657,KENTUCKY,WASHINGTON,13.779625779625778
"Wayne County, Kentucky",41583.0,19666.0,4898,KENTUCKY,WAYNE,24.905929014542867
"Webster County, Kentucky",55451.0,12951.0,2022,KENTUCKY,WEBSTER,15.612694000463284
"Whitley County, Kentucky",44332.0,36648.0,8189,KENTUCKY,WHITLEY,22.345012006112203
"Wolfe County, Kentucky",28666.0,6573.0,2362,KENTUCKY,WOLFE,35.93488513616309
"Woodford County, Kentucky",78295.0,26886.0,2228,KENTUCKY,WOODFORD,8.286840734954994
"Acadia Parish, Louisiana",44977.0,57674.0,13459,LOUISIANA,ACADIA PARISH,23.336338731490795
"Allen Parish, Louisiana",52755.0,22798.0,3711,LOUISIANA,ALLEN PARISH,16.277743661724713
"Ascension Parish, Louisiana",93800.0,126973.0,12453,LOUISIANA,ASCENSION PARISH,9.807596890677546
"Assumption Parish, Louisiana",47023.0,21067.0,3354,LOUISIANA,ASSUMPTION PARISH,15.9206341671809
"Avoyelles Parish, Louisiana",38696.0,39529.0,10160,LOUISIANA,AVOYELLES PARISH,25.70264868830479
"Beauregard Parish, Louisiana",68525.0,36553.0,4765,LOUISIANA,BEAUREGARD PARISH,13.035865729215113
"Bienville Parish, Louisiana",34268.0,12958.0,3928,LOUISIANA,BIENVILLE PARISH,30.313319956783452
"Bossier Parish, Louisiana",64598.0,128877.0,21074,LOUISIANA,BOSSIER PARISH,16.352025574772846
"Caddo Parish, Louisiana",47572.0,236259.0,50825,LOUISIANA,CADDO PARISH,21.512407992923023
"Calcasieu Parish, Louisiana",64370.0,210770.0,35580,LOUISIANA,CALCASIEU PARISH,16.880960288466103
"Caldwell Parish, Louisiana",45707.0,9658.0,2327,LOUISIANA,CALDWELL PARISH,24.094015324083664
"Cameron Parish, Louisiana",69847.0,5447.0,669,LOUISIANA,CAMERON PARISH,12.28199008628603
"Catahoula Parish, Louisiana",48259.0,8895.0,1873,LOUISIANA,CATAHOULA PARISH,21.056773468240582
"Claiborne Parish, Louisiana",32034.0,14203.0,4005,LOUISIANA,CLAIBORNE PARISH,28.198267971555307
"Concordia Parish, Louisiana",38929.0,18677.0,5864,LOUISIANA,CONCORDIA PARISH,31.39690528457461
"De Soto Parish, Louisiana",49807.0,26821.0,5381,LOUISIANA,DE SOTO PARISH,20.062637485552365
"East Baton Rouge Parish, Louisiana",62083.0,454369.0,78833,LOUISIANA,EAST BATON ROUGE PARISH,17.349995268163102
"East Carroll Parish, Louisiana",30856.0,7371.0,2216,LOUISIANA,EAST CARROLL PARISH,30.063763397096732
"East Feliciana Parish, Louisiana",64709.0,19452.0,2441,LOUISIANA,EAST FELICIANA PARISH,12.54883816574131
"Evangeline Parish, Louisiana",34526.0,32335.0,8576,LOUISIANA,EVANGELINE PARISH,26.522344209061387
"Franklin Parish, Louisiana",41129.0,19752.0,4884,LOUISIANA,FRANKLIN PARISH,24.726609963547997
"Grant Parish, Louisiana",57362.0,22185.0,2855,LOUISIANA,GRANT PARISH,12.86905566824431
"Iberia Parish, Louisiana",55190.0,69958.0,15953,LOUISIANA,IBERIA PARISH,22.803682209325597
"Iberville Parish, Louisiana",59410.0,30210.0,4597,LOUISIANA,IBERVILLE PARISH,15.216815623965573
"Jackson Parish, Louisiana",40406.0,15093.0,3706,LOUISIANA,JACKSON PARISH,24.554429205591997
"Jefferson Parish, Louisiana",63257.0,436171.0,66951,LOUISIANA,JEFFERSON PARISH,15.349713759053216
"Jefferson Davis Parish, Louisiana",52470.0,32277.0,5074,LOUISIANA,JEFFERSON DAVIS PARISH,15.720172258884036
"Lafayette Parish, Louisiana",66617.0,243175.0,40006,LOUISIANA,LAFAYETTE PARISH,16.451526678318086
"Lafourche Parish, Louisiana",61381.0,97220.0,15695,LOUISIANA,LAFOURCHE PARISH,16.143797572515943
"LaSalle Parish, Louisiana",59926.0,14764.0,2081,LOUISIANA,LASALLE PARISH,14.095096179897046
"Lincoln Parish, Louisiana",37001.0,48323.0,13210,LOUISIANA,LINCOLN PARISH,27.33687891894129
"Livingston Parish, Louisiana",77978.0,143425.0,16496,LOUISIANA,LIVINGSTON PARISH,11.501481610597873
"Madison Parish, Louisiana",34508.0,10028.0,3223,LOUISIANA,MADISON PARISH,32.14000797766254
"Morehouse Parish, Louisiana",37875.0,25438.0,7067,LOUISIANA,MOREHOUSE PARISH,27.78127211258747
"Natchitoches Parish, Louisiana",41310.0,37478.0,9184,LOUISIANA,NATCHITOCHES PARISH,24.505042958535675
"Orleans Parish, Louisiana",51116.0,380408.0,84133,LOUISIANA,ORLEANS PARISH,22.116517002796996
"Ouachita Parish, Louisiana",49261.0,159585.0,36050,LOUISIANA,OUACHITA PARISH,22.589842403734686
"Plaquemines Parish, Louisiana",77996.0,23305.0,3379,LOUISIANA,PLAQUEMINES PARISH,14.49903454194379
"Pointe Coupee Parish, Louisiana",53045.0,20652.0,3922,LOUISIANA,POINTE COUPEE PARISH,18.990896765446447
"Rapides Parish, Louisiana",55407.0,129536.0,23102,LOUISIANA,RAPIDES PARISH,17.834424407114625
"Red River Parish, Louisiana",43821.0,7631.0,1800,LOUISIANA,RED RIVER PARISH,23.587996330756127
"Richland Parish, Louisiana",48125.0,20028.0,4591,LOUISIANA,RICHLAND PARISH,22.92290792889954
"Sabine Parish, Louisiana",40777.0,22209.0,5237,LOUISIANA,SABINE PARISH,23.58053041559728
"St. Bernard Parish, Louisiana",55857.0,44038.0,9840,LOUISIANA,ST. BERNARD PARISH,22.34433897997184
"St. Charles Parish, Louisiana",79191.0,52191.0,5249,LOUISIANA,ST. CHARLES PARISH,10.057289570998831
"St. Helena Parish, Louisiana",46402.0,10872.0,2942,LOUISIANA,ST. HELENA PARISH,27.060338484179542
"St. James Parish, Louisiana",62946.0,20090.0,2282,LOUISIANA,ST. JAMES PARISH,11.358885017421603
"St. John the Baptist Parish, Louisiana",65114.0,41986.0,5830,LOUISIANA,ST. JOHN THE BAPTIST PARISH,13.885580907921687
"St. Landry Parish, Louisiana",44478.0,82574.0,22276,LOUISIANA,ST. LANDRY PARISH,26.977014556640107
"St. Martin Parish, Louisiana",50806.0,51856.0,9019,LOUISIANA,ST. MARTIN PARISH,17.392394322739896
"St. Mary Parish, Louisiana",47322.0,49114.0,10623,LOUISIANA,ST. MARY PARISH,21.629270676385552
"St. Tammany Parish, Louisiana",76914.0,266168.0,30682,LOUISIANA,ST. TAMMANY PARISH,11.527306062336569
"Tangipahoa Parish, Louisiana",55274.0,133953.0,24896,LOUISIANA,TANGIPAHOA PARISH,18.58562331564056
"Tensas Parish, Louisiana",35653.0,4127.0,1403,LOUISIANA,TENSAS PARISH,33.995638478313545
"Terrebonne Parish, Louisiana",63088.0,108862.0,17532,LOUISIANA,TERREBONNE PARISH,16.104793224449303
"Union Parish, Louisiana",47068.0,21049.0,5507,LOUISIANA,UNION PARISH,26.162763076630718
"Vermilion Parish, Louisiana",56194.0,57202.0,10909,LOUISIANA,VERMILION PARISH,19.071011503094297
"Vernon Parish, Louisiana",56547.0,48452.0,8390,LOUISIANA,VERNON PARISH,17.31610666226368
"Washington Parish, Louisiana",41803.0,45514.0,10294,LOUISIANA,WASHINGTON PARISH,22.6172166805818
"Webster Parish, Louisiana",34263.0,36761.0,9888,LOUISIANA,WEBSTER PARISH,26.89807132558962
"West Baton Rouge Parish, Louisiana",80510.0,27377.0,3922,LOUISIANA,WEST BATON ROUGE PARISH,14.325893998611974
"West Carroll Parish, Louisiana",45035.0,9800.0,1827,LOUISIANA,WEST CARROLL PARISH,18.642857142857142
"West Feliciana Parish, Louisiana",71985.0,15358.0,1676,LOUISIANA,WEST FELICIANA PARISH,10.9128792811564
"Winn Parish, Louisiana",44922.0,13665.0,2361,LOUISIANA,WINN PARISH,17.277716794731067
"Androscoggin County, Maine",64500.0,111532.0,13334,MAINE,ANDROSCOGGIN,11.95531327332066
"Aroostook County, Maine",50843.0,67237.0,9755,MAINE,AROOSTOOK,14.508380802236864
"Cumberland County, Maine",87710.0,303357.0,21265,MAINE,CUMBERLAND,7.009892634750475
"Franklin County, Maine",56890.0,29839.0,3477,MAINE,FRANKLIN,11.65253527262978
"Hancock County, Maine",64149.0,55851.0,5949,MAINE,HANCOCK,10.651555030348606
"Kennebec County, Maine",62118.0,124003.0,14938,MAINE,KENNEBEC,12.046482746385168
"Knox County, Maine",68904.0,40729.0,3892,MAINE,KNOX,9.555844729799407
"Lincoln County, Maine",69638.0,35466.0,3182,MAINE,LINCOLN,8.971973157390178
"Oxford County, Maine",54780.0,58276.0,8259,MAINE,OXFORD,14.17221497700597
"Penobscot County, Maine",59438.0,152640.0,19608,MAINE,PENOBSCOT,12.845911949685535
"Piscataquis County, Maine",51805.0,16936.0,2479,MAINE,PISCATAQUIS,14.637458667926312
"Sagadahoc County, Maine",77591.0,36868.0,3979,MAINE,SAGADAHOC,10.792557231203212
"Somerset County, Maine",53527.0,50656.0,8331,MAINE,SOMERSET,16.44622552116235
"Waldo County, Maine",62694.0,39772.0,5035,MAINE,WALDO,12.659660062355426
"Washington County, Maine",51669.0,31096.0,5276,MAINE,WASHINGTON,16.966812451762284
"York County, Maine",79743.0,212691.0,16732,MAINE,YORK,7.866811477683589
"Allegany County, Maryland",55248.0,68161.0,9692,MARYLAND,ALLEGANY,14.219274951951997
"Anne Arundel County, Maryland",116009.0,588109.0,33687,MARYLAND,ANNE ARUNDEL,5.728019805852316
"Baltimore County, Maryland",88157.0,850737.0,84846,MARYLAND,BALTIMORE,9.973234971559954
"Calvert County, Maryland",128078.0,93244.0,3959,MARYLAND,CALVERT,4.245849598901806
"Caroline County, Maryland",65326.0,33320.0,4228,MARYLAND,CAROLINE,12.6890756302521
"Carroll County, Maryland",111672.0,173225.0,8646,MARYLAND,CARROLL,4.991196420839948
"Cecil County, Maryland",86869.0,103876.0,10341,MARYLAND,CECIL,9.955138819361546
"Charles County, Maryland",116882.0,167035.0,9729,MARYLAND,CHARLES,5.8245277935761965
"Dorchester County, Maryland",57490.0,32557.0,4951,MARYLAND,DORCHESTER,15.207175108271647
"Frederick County, Maryland",115724.0,273829.0,16599,MARYLAND,FREDERICK,6.061812298916477
"Garrett County, Maryland",64447.0,28856.0,3123,MARYLAND,GARRETT,10.822705849736623
"Harford County, Maryland",106417.0,261059.0,18524,MARYLAND,HARFORD,7.095713995686799
"Howard County, Maryland",140971.0,332011.0,17671,MARYLAND,HOWARD,5.322414016403071
"Kent County, Maryland",71635.0,19289.0,1693,MARYLAND,KENT,8.777023173829644
"Montgomery County, Maryland",125583.0,1056910.0,75205,MARYLAND,MONTGOMERY,7.115553831452064
"Prince George's County, Maryland",97935.0,957189.0,89651,MARYLAND,PRINCE GEORGE'S,9.366070859569009
"Queen Anne's County, Maryland",108332.0,50316.0,3419,MARYLAND,QUEEN ANNE'S,6.79505525081485
"St. Mary's County, Maryland",113668.0,113814.0,8456,MARYLAND,ST. MARY'S,7.429665946192911
"Somerset County, Maryland",52149.0,24672.0,3922,MARYLAND,SOMERSET,15.896562905317769
"Talbot County, Maryland",81667.0,37663.0,3460,MARYLAND,TALBOT,9.186734991901867
"Washington County, Maryland",73017.0,154645.0,18137,MARYLAND,WASHINGTON,11.728151572957419
"Wicomico County, Maryland",69421.0,103815.0,13844,MARYLAND,WICOMICO,13.335259837210423
"Worcester County, Maryland",76689.0,52827.0,4275,MARYLAND,WORCESTER,8.092452723039354
"Baltimore city, Maryland",58349.0,584548.0,110509,MARYLAND,BALTIMORE CITY,18.905034317113394
"Barnstable County, Massachusetts",90447.0,229436.0,15911,MASSACHUSETTS,BARNSTABLE,6.934831499851811
"Berkshire County, Massachusetts",69744.0,128763.0,13518,MASSACHUSETTS,BERKSHIRE,10.498357447403368
"Bristol County, Massachusetts",80628.0,576699.0,62801,MASSACHUSETTS,BRISTOL,10.88973624022237
"Dukes County, Massachusetts",93225.0,20543.0,1364,MASSACHUSETTS,DUKES,6.6397312953317424
"Essex County, Massachusetts",94378.0,806103.0,76850,MASSACHUSETTS,ESSEX,9.53352115052295
"Franklin County, Massachusetts",70383.0,70980.0,8360,MASSACHUSETTS,FRANKLIN,11.77796562411947
"Hampden County, Massachusetts",66619.0,464575.0,71252,MASSACHUSETTS,HAMPDEN,15.33702846687833
"Hampshire County, Massachusetts",84025.0,153931.0,14133,MASSACHUSETTS,HAMPSHIRE,9.181386465364351
"Middlesex County, Massachusetts",121304.0,1623109.0,117050,MASSACHUSETTS,MIDDLESEX,7.2114688539093805
"Nantucket County, Massachusetts",135590.0,14065.0,687,MASSACHUSETTS,NANTUCKET,4.884464984002844
"Norfolk County, Massachusetts",120621.0,722112.0,45607,MASSACHUSETTS,NORFOLK,6.315779269697776
"Plymouth County, Massachusetts",105387.0,529548.0,34547,MASSACHUSETTS,PLYMOUTH,6.5238656363540235
"Suffolk County, Massachusetts",87669.0,785443.0,126977,MASSACHUSETTS,SUFFOLK,16.166290870247746
"Worcester County, Massachusetts",88524.0,858898.0,83304,MASSACHUSETTS,WORCESTER,9.698939804260808
"Alcona County, Michigan",50295.0,10238.0,1604,MICHIGAN,ALCONA,15.667122484860323
"Alger County, Michigan",55528.0,8866.0,801,MICHIGAN,ALGER,9.03451387322355
"Allegan County, Michigan",75543.0,120189.0,11307,MICHIGAN,ALLEGAN,9.407682899433393
"Alpena County, Michigan",49133.0,28911.0,4685,MICHIGAN,ALPENA,16.20490470755076
"Antrim County, Michigan",68850.0,23662.0,2199,MICHIGAN,ANTRIM,9.293381793593102
"Arenac County, Michigan",53487.0,15031.0,2019,MICHIGAN,ARENAC,13.432240037256339
"Baraga County, Michigan",51911.0,8245.0,877,MICHIGAN,BARAGA,10.636749545178896
"Barry County, Michigan",75182.0,62581.0,5163,MICHIGAN,BARRY,8.250107860213165
"Bay County, Michigan",57887.0,103752.0,15715,MICHIGAN,BAY,15.146695967306654
"Benzie County, Michigan",71327.0,18058.0,1862,MICHIGAN,BENZIE,10.311219404142207
"Berrien County, Michigan",60379.0,153938.0,23756,MICHIGAN,BERRIEN,15.43218698437033
"Branch County, Michigan",60600.0,44795.0,6409,MICHIGAN,BRANCH,14.30740037950664
"Calhoun County, Michigan",58191.0,134011.0,19360,MICHIGAN,CALHOUN,14.446575281133638
"Cass County, Michigan",65183.0,51604.0,6573,MICHIGAN,CASS,12.737384698860554
"Charlevoix County, Michigan",69764.0,26174.0,2230,MICHIGAN,CHARLEVOIX,8.519905249484221
"Cheboygan County, Michigan",59557.0,25709.0,3029,MICHIGAN,CHEBOYGAN,11.781866272511571
"Chippewa County, Michigan",58408.0,36670.0,5441,MICHIGAN,CHIPPEWA,14.837742023452414
"Clare County, Michigan",47816.0,30998.0,6765,MICHIGAN,CLARE,21.823988644428674
"Clinton County, Michigan",82594.0,79249.0,7488,MICHIGAN,CLINTON,9.448699668134614
"Crawford County, Michigan",57998.0,13197.0,1798,MICHIGAN,CRAWFORD,13.624308554974615
"Delta County, Michigan",53852.0,36839.0,4802,MICHIGAN,DELTA,13.035098672602405
"Dickinson County, Michigan",59651.0,25937.0,2477,MICHIGAN,DICKINSON,9.550063615684158
"Eaton County, Michigan",77158.0,109072.0,8156,MICHIGAN,EATON,7.477629455772333
"Emmet County, Michigan",69690.0,34072.0,2816,MICHIGAN,EMMET,8.264850903968068
"Genesee County, Michigan",58594.0,405280.0,65056,MICHIGAN,GENESEE,16.052112120015792
"Gladwin County, Michigan",53717.0,25461.0,3574,MICHIGAN,GLADWIN,14.037154864302268
"Gogebic County, Michigan",47913.0,14597.0,1993,MICHIGAN,GOGEBIC,13.653490443241761
"Grand Traverse County, Michigan",75553.0,95315.0,9772,MICHIGAN,GRAND TRAVERSE,10.25232125059015
"Gratiot County, Michigan",57934.0,41534.0,5007,MICHIGAN,GRATIOT,12.055183704916454
"Hillsdale County, Michigan",59425.0,45698.0,6682,MICHIGAN,HILLSDALE,14.622084117466846
"Houghton County, Michigan",52736.0,37414.0,5838,MICHIGAN,HOUGHTON,15.603784679531726
"Huron County, Michigan",54475.0,31461.0,3501,MICHIGAN,HURON,11.12806331648708
"Ingham County, Michigan",62548.0,282540.0,43825,MICHIGAN,INGHAM,15.511078077440363
"Ionia County, Michigan",71720.0,66663.0,6508,MICHIGAN,IONIA,9.762536939531675
"Iosco County, Michigan",46224.0,25319.0,3767,MICHIGAN,IOSCO,14.878154745448082
"Iron County, Michigan",52241.0,11585.0,1642,MICHIGAN,IRON,14.17350021579629
"Isabella County, Michigan",52638.0,64938.0,13998,MICHIGAN,ISABELLA,21.555945671255657
"Jackson County, Michigan",62581.0,160637.0,18276,MICHIGAN,JACKSON,11.377204504566196
"Kalamazoo County, Michigan",67905.0,261426.0,33911,MICHIGAN,KALAMAZOO,12.971548354027526
"Kalkaska County, Michigan",56380.0,17934.0,2615,MICHIGAN,KALKASKA,14.581242332998773
"Kent County, Michigan",76247.0,657321.0,69388,MICHIGAN,KENT,10.556181835054716
"Keweenaw County, Michigan",55560.0,2088.0,163,MICHIGAN,KEWEENAW,7.806513409961687
"Lake County, Michigan",45946.0,12285.0,2434,MICHIGAN,LAKE,19.812779812779812
"Lapeer County, Michigan",75402.0,88687.0,8832,MICHIGAN,LAPEER,9.958618512296052
"Leelanau County, Michigan",82345.0,22426.0,1483,MICHIGAN,LEELANAU,6.612860073129403
"Lenawee County, Michigan",65484.0,99263.0,10451,MICHIGAN,LENAWEE,10.52859575068253
"Livingston County, Michigan",96135.0,194302.0,9362,MICHIGAN,LIVINGSTON,4.8182725859744115
"Luce County, Michigan",51015.0,5442.0,804,MICHIGAN,LUCE,14.773980154355016
"Mackinac County, Michigan",60620.0,10843.0,1685,MICHIGAN,MACKINAC,15.539979710412247
"Macomb County, Michigan",73876.0,878453.0,85418,MICHIGAN,MACOMB,9.723684704816307
"Manistee County, Michigan",59467.0,25058.0,2667,MICHIGAN,MANISTEE,10.64330752653843
"Marquette County, Michigan",63115.0,66376.0,8535,MICHIGAN,MARQUETTE,12.858563336145595
"Mason County, Michigan",60744.0,29178.0,3944,MICHIGAN,MASON,13.517033381314688
"Mecosta County, Michigan",54132.0,40128.0,6778,MICHIGAN,MECOSTA,16.890948963317385
"Menominee County, Michigan",54074.0,23433.0,2464,MICHIGAN,MENOMINEE,10.51508556309478
"Midland County, Michigan",73643.0,83503.0,8337,MICHIGAN,MIDLAND,9.984072428535502
"Missaukee County, Michigan",57667.0,15089.0,1676,MICHIGAN,MISSAUKEE,11.107429253098283
"Monroe County, Michigan",72573.0,154823.0,16690,MICHIGAN,MONROE,10.780052059448533
"Montcalm County, Michigan",61250.0,66901.0,7882,MICHIGAN,MONTCALM,11.781587719167128
"Montmorency County, Michigan",46345.0,9261.0,1690,MICHIGAN,MONTMORENCY,18.248569268977434
"Muskegon County, Michigan",61347.0,175947.0,21923,MICHIGAN,MUSKEGON,12.460002159741286
"Newaygo County, Michigan",59065.0,50130.0,7537,MICHIGAN,NEWAYGO,15.034909235986435
"Oakland County, Michigan",92620.0,1272264.0,97107,MICHIGAN,OAKLAND,7.632613985776537
"Oceana County, Michigan",60691.0,26707.0,3657,MICHIGAN,OCEANA,13.693039278091886
"Ogemaw County, Michigan",50377.0,20820.0,3485,MICHIGAN,OGEMAW,16.738712776176754
"Ontonagon County, Michigan",48316.0,5862.0,794,MICHIGAN,ONTONAGON,13.54486523370863
"Osceola County, Michigan",54875.0,23022.0,3551,MICHIGAN,OSCEOLA,15.424376683172616
"Oscoda County, Michigan",48692.0,8264.0,1139,MICHIGAN,OSCODA,13.782671829622458
"Otsego County, Michigan",62865.0,25221.0,2653,MICHIGAN,OTSEGO,10.519011934499028
"Ottawa County, Michigan",83932.0,296183.0,21639,MICHIGAN,OTTAWA,7.305956114969462
"Presque Isle County, Michigan",55986.0,13083.0,1645,MICHIGAN,PRESQUE ISLE,12.573568753344034
"Roscommon County, Michigan",49898.0,23556.0,3758,MICHIGAN,ROSCOMMON,15.953472575989133
"Saginaw County, Michigan",56579.0,189821.0,33469,MICHIGAN,SAGINAW,17.631874239415026
"St. Clair County, Michigan",66887.0,160257.0,18761,MICHIGAN,ST. CLAIR,11.70682091889902
"St. Joseph County, Michigan",62281.0,60887.0,7714,MICHIGAN,ST. JOSEPH,12.6693711301263
"Sanilac County, Michigan",55740.0,40759.0,6004,MICHIGAN,SANILAC,14.730488971760838
"Schoolcraft County, Michigan",55071.0,8062.0,1272,MICHIGAN,SCHOOLCRAFT,15.777722649466632
"Shiawassee County, Michigan",62498.0,68124.0,7402,MICHIGAN,SHIAWASSEE,10.865480594210556
"Tuscola County, Michigan",59815.0,53218.0,6443,MICHIGAN,TUSCOLA,12.106805967905595
"Van Buren County, Michigan",65531.0,75636.0,10591,MICHIGAN,VAN BUREN,14.002591358612301
"Washtenaw County, Michigan",84245.0,370231.0,48358,MICHIGAN,WASHTENAW,13.061575070699105
"Wayne County, Michigan",57223.0,1781641.0,355857,MICHIGAN,WAYNE,19.97355247213103
"Wexford County, Michigan",58652.0,33766.0,4425,MICHIGAN,WEXFORD,13.104898418527513
"Aitkin County, Minnesota",56406.0,15859.0,1931,MINNESOTA,AITKIN,12.17605145343338
"Anoka County, Minnesota",95782.0,363985.0,22852,MINNESOTA,ANOKA,6.278280698380427
"Becker County, Minnesota",68683.0,35202.0,3754,MINNESOTA,BECKER,10.664166808704051
"Beltrami County, Minnesota",62173.0,46274.0,7160,MINNESOTA,BELTRAMI,15.473051821757359
"Benton County, Minnesota",70346.0,41300.0,3780,MINNESOTA,BENTON,9.152542372881356
"Big Stone County, Minnesota",63024.0,5161.0,523,MINNESOTA,BIG STONE,10.133695020344895
"Blue Earth County, Minnesota",70906.0,69022.0,10756,MINNESOTA,BLUE EARTH,15.583437164961897
"Brown County, Minnesota",67038.0,25880.0,1918,MINNESOTA,BROWN,7.4111282843894895
"Carlton County, Minnesota",74660.0,36362.0,4396,MINNESOTA,CARLTON,12.089544029481326
"Carver County, Minnesota",116308.0,107216.0,4012,MINNESOTA,CARVER,3.7419788091329655
"Cass County, Minnesota",61970.0,30288.0,3653,MINNESOTA,CASS,12.060882197569994
"Chippewa County, Minnesota",62112.0,12466.0,1368,MINNESOTA,CHIPPEWA,10.973848868923472
"Chisago County, Minnesota",97446.0,56927.0,3471,MINNESOTA,CHISAGO,6.097282484585522
"Clay County, Minnesota",75006.0,65307.0,9165,MINNESOTA,CLAY,14.033717671918783
"Clearwater County, Minnesota",62723.0,8541.0,943,MINNESOTA,CLEARWATER,11.040861725793233
"Cook County, Minnesota",71937.0,5611.0,477,MINNESOTA,COOK,8.501158438780966
"Cottonwood County, Minnesota",63586.0,11481.0,1448,MINNESOTA,COTTONWOOD,12.612141799494816
"Crow Wing County, Minnesota",65975.0,66558.0,6841,MINNESOTA,CROW WING,10.278253553291867
"Dakota County, Minnesota",101360.0,439179.0,24600,MINNESOTA,DAKOTA,5.601360720799492
"Dodge County, Minnesota",92890.0,20893.0,1018,MINNESOTA,DODGE,4.87244531661322
"Douglas County, Minnesota",72472.0,39081.0,3281,MINNESOTA,DOUGLAS,8.395383946163097
"Faribault County, Minnesota",64000.0,13931.0,1555,MINNESOTA,FARIBAULT,11.162156341971144
"Fillmore County, Minnesota",73234.0,21251.0,1805,MINNESOTA,FILLMORE,8.49371794268505
"Freeborn County, Minnesota",65679.0,30857.0,2895,MINNESOTA,FREEBORN,9.381987879573517
"Goodhue County, Minnesota",78338.0,47697.0,4253,MINNESOTA,GOODHUE,8.916703356605238
"Grant County, Minnesota",67600.0,6091.0,607,MINNESOTA,GRANT,9.965522902643244
"Hennepin County, Minnesota",92595.0,1270787.0,122904,MINNESOTA,HENNEPIN,9.671487039134016
"Houston County, Minnesota",71580.0,18826.0,1337,MINNESOTA,HOUSTON,7.10188037820036
"Hubbard County, Minnesota",67197.0,21479.0,2143,MINNESOTA,HUBBARD,9.977187019879882
"Isanti County, Minnesota",84063.0,41257.0,3591,MINNESOTA,ISANTI,8.703977506847323
"Itasca County, Minnesota",63962.0,45054.0,5161,MINNESOTA,ITASCA,11.455142717627735
"Jackson County, Minnesota",68368.0,9990.0,958,MINNESOTA,JACKSON,9.58958958958959
"Kanabec County, Minnesota",68995.0,16145.0,1549,MINNESOTA,KANABEC,9.594301641375038
"Kandiyohi County, Minnesota",73285.0,43686.0,4640,MINNESOTA,KANDIYOHI,10.621251659570571
"Kittson County, Minnesota",66000.0,4191.0,443,MINNESOTA,KITTSON,10.570269625387736
"Koochiching County, Minnesota",59779.0,12072.0,1375,MINNESOTA,KOOCHICHING,11.389993373094764
"Lac qui Parle County, Minnesota",66967.0,6736.0,570,MINNESOTA,LAC QUI PARLE,8.461995249406176
"Lake County, Minnesota",73860.0,10915.0,921,MINNESOTA,LAKE,8.437929454878608
"Lake of the Woods County, Minnesota",61667.0,3786.0,399,MINNESOTA,LAKE OF THE WOODS,10.538827258320127
"Le Sueur County, Minnesota",87180.0,28795.0,2123,MINNESOTA,LE SUEUR,7.372807779128321
"Lincoln County, Minnesota",64750.0,5630.0,496,MINNESOTA,LINCOLN,8.809946714031971
"Lyon County, Minnesota",68919.0,25352.0,3017,MINNESOTA,LYON,11.900441779741243
"McLeod County, Minnesota",73296.0,36727.0,2587,MINNESOTA,MCLEOD,7.043864187110301
"Mahnomen County, Minnesota",52739.0,5389.0,1083,MINNESOTA,MAHNOMEN,20.096492855817406
"Marshall County, Minnesota",69396.0,9017.0,655,MINNESOTA,MARSHALL,7.2640567816346895
"Martin County, Minnesota",61674.0,19960.0,2305,MINNESOTA,MARTIN,11.54809619238477
"Meeker County, Minnesota",75926.0,23352.0,1736,MINNESOTA,MEEKER,7.434052757793765
"Mille Lacs County, Minnesota",68088.0,26680.0,2871,MINNESOTA,MILLE LACS,10.760869565217392
"Morrison County, Minnesota",66264.0,34023.0,3448,MINNESOTA,MORRISON,10.134320900567264
"Mower County, Minnesota",66972.0,40082.0,4665,MINNESOTA,MOWER,11.638640786387905
"Murray County, Minnesota",71500.0,8170.0,595,MINNESOTA,MURRAY,7.282741738066095
"Nicollet County, Minnesota",79113.0,34380.0,3308,MINNESOTA,NICOLLET,9.621873182082606
"Nobles County, Minnesota",62973.0,22194.0,2665,MINNESOTA,NOBLES,12.007749842299722
"Norman County, Minnesota",65278.0,6457.0,562,MINNESOTA,NORMAN,8.703732383459812
"Olmsted County, Minnesota",90420.0,162307.0,12551,MINNESOTA,OLMSTED,7.732876585729513
"Otter Tail County, Minnesota",67990.0,60072.0,5110,MINNESOTA,OTTER TAIL,8.506458915967507
"Pennington County, Minnesota",71504.0,13995.0,1325,MINNESOTA,PENNINGTON,9.467667023937121
"Pine County, Minnesota",65059.0,29090.0,2933,MINNESOTA,PINE,10.082502578205569
"Pipestone County, Minnesota",68341.0,9380.0,1198,MINNESOTA,PIPESTONE,12.771855010660982
"Polk County, Minnesota",69540.0,31128.0,3468,MINNESOTA,POLK,11.141094834232845
"Pope County, Minnesota",71212.0,11312.0,1067,MINNESOTA,POPE,9.432461103253182
"Ramsey County, Minnesota",78108.0,547202.0,68789,MINNESOTA,RAMSEY,12.571043234491103
"Red Lake County, Minnesota",73889.0,3912.0,363,MINNESOTA,RED LAKE,9.27914110429448
"Redwood County, Minnesota",65617.0,15428.0,1519,MINNESOTA,REDWOOD,9.845735027223231
"Renville County, Minnesota",66313.0,14707.0,1489,MINNESOTA,RENVILLE,10.124430543278711
"Rice County, Minnesota",78214.0,67152.0,5503,MINNESOTA,RICE,8.194841553490589
"Rock County, Minnesota",75060.0,9659.0,827,MINNESOTA,ROCK,8.561962936121752
"Roseau County, Minnesota",70122.0,15294.0,1563,MINNESOTA,ROSEAU,10.219693997646136
"St. Louis County, Minnesota",66491.0,200122.0,26458,MINNESOTA,ST. LOUIS,13.220935229510001
"Scott County, Minnesota",118268.0,151347.0,7517,MINNESOTA,SCOTT,4.966732079261565
"Sherburne County, Minnesota",99431.0,97820.0,5570,MINNESOTA,SHERBURNE,5.69413207932938
"Sibley County, Minnesota",74781.0,14950.0,1278,MINNESOTA,SIBLEY,8.548494983277592
"Stearns County, Minnesota",73105.0,158622.0,19300,MINNESOTA,STEARNS,12.167290791945632
"Steele County, Minnesota",79722.0,37396.0,3121,MINNESOTA,STEELE,8.345812386351481
"Stevens County, Minnesota",69737.0,9682.0,1095,MINNESOTA,STEVENS,11.30964676719686
"Swift County, Minnesota",58362.0,9806.0,1034,MINNESOTA,SWIFT,10.54456455231491
"Todd County, Minnesota",63216.0,25277.0,2988,MINNESOTA,TODD,11.821023064445939
"Traverse County, Minnesota",63456.0,3345.0,273,MINNESOTA,TRAVERSE,8.161434977578477
"Wabasha County, Minnesota",75063.0,21460.0,1606,MINNESOTA,WABASHA,7.483690587138862
"Wadena County, Minnesota",54747.0,14108.0,1642,MINNESOTA,WADENA,11.638786504111142
"Waseca County, Minnesota",71856.0,18953.0,1198,MINNESOTA,WASECA,6.320899066110906
"Washington County, Minnesota",110828.0,268651.0,12377,MINNESOTA,WASHINGTON,4.60709247313429
"Watonwan County, Minnesota",65197.0,11205.0,1467,MINNESOTA,WATONWAN,13.092369477911648
"Wilkin County, Minnesota",67114.0,6454.0,856,MINNESOTA,WILKIN,13.263092655717385
"Winona County, Minnesota",66162.0,49792.0,6518,MINNESOTA,WINONA,13.090456298200515
"Wright County, Minnesota",102980.0,142543.0,6771,MINNESOTA,WRIGHT,4.750145570108669
"Yellow Medicine County, Minnesota",70605.0,9569.0,941,MINNESOTA,YELLOW MEDICINE,9.833838436618246
"Adams County, Mississippi",37271.0,29425.0,7461,MISSISSIPPI,ADAMS,25.355989804587935
"Alcorn County, Mississippi",47716.0,34717.0,5791,MISSISSIPPI,ALCORN,16.680588760549586
"Amite County, Mississippi",34866.0,12683.0,3398,MISSISSIPPI,AMITE,26.79176850902783
"Attala County, Mississippi",42680.0,17842.0,4103,MISSISSIPPI,ATTALA,22.996300863131935
"Benton County, Mississippi",38750.0,7637.0,1328,MISSISSIPPI,BENTON,17.389027104884118
"Bolivar County, Mississippi",37845.0,30688.0,9054,MISSISSIPPI,BOLIVAR,29.5033889468196
"Calhoun County, Mississippi",44505.0,13193.0,2426,MISSISSIPPI,CALHOUN,18.38853937694232
"Carroll County, Mississippi",42285.0,9930.0,2084,MISSISSIPPI,CARROLL,20.986908358509567
"Chickasaw County, Mississippi",40224.0,17024.0,4392,MISSISSIPPI,CHICKASAW,25.798872180451127
"Choctaw County, Mississippi",41887.0,8208.0,1543,MISSISSIPPI,CHOCTAW,18.798732943469787
"Claiborne County, Mississippi",34282.0,9044.0,2419,MISSISSIPPI,CLAIBORNE,26.747014595311807
"Clarke County, Mississippi",46329.0,15553.0,3176,MISSISSIPPI,CLARKE,20.420497653185883
"Clay County, Mississippi",37412.0,18598.0,4214,MISSISSIPPI,CLAY,22.65835036025379
"Coahoma County, Mississippi",36075.0,21264.0,7623,MISSISSIPPI,COAHOMA,35.84932279909707
"Copiah County, Mississippi",46889.0,28210.0,6353,MISSISSIPPI,COPIAH,22.52038284296349
"Covington County, Mississippi",40164.0,18323.0,4251,MISSISSIPPI,COVINGTON,23.200349287780387
"DeSoto County, Mississippi",79666.0,186214.0,18083,MISSISSIPPI,DESOTO,9.710870289022308
"Forrest County, Mississippi",49340.0,77917.0,16868,MISSISSIPPI,FORREST,21.648677438813095
"Franklin County, Mississippi",43942.0,7690.0,1805,MISSISSIPPI,FRANKLIN,23.472041612483746
"George County, Mississippi",51349.0,24547.0,4986,MISSISSIPPI,GEORGE,20.312054426202796
"Greene County, Mississippi",50000.0,13672.0,1824,MISSISSIPPI,GREENE,13.34113516676419
"Grenada County, Mississippi",45745.0,21474.0,4669,MISSISSIPPI,GRENADA,21.74257241315079
"Hancock County, Mississippi",63623.0,46010.0,6263,MISSISSIPPI,HANCOCK,13.6122582047381
"Harrison County, Mississippi",55211.0,208748.0,37450,MISSISSIPPI,HARRISON,17.94029164351275
"Hinds County, Mississippi",48596.0,226541.0,45809,MISSISSIPPI,HINDS,20.221063736807025
"Holmes County, Mississippi",28818.0,16848.0,5598,MISSISSIPPI,HOLMES,33.22649572649573
"Humphreys County, Mississippi",31907.0,7744.0,2453,MISSISSIPPI,HUMPHREYS,31.676136363636363
"Issaquena County, Mississippi",17900.0,1206.0,176,MISSISSIPPI,ISSAQUENA,14.593698175787729
"Itawamba County, Mississippi",57252.0,23888.0,2324,MISSISSIPPI,ITAWAMBA,9.728734092431345
"Jackson County, Mississippi",60045.0,143721.0,22256,MISSISSIPPI,JACKSON,15.485558825780505
"Jasper County, Mississippi",43914.0,16320.0,2785,MISSISSIPPI,JASPER,17.064950980392158
"Jefferson County, Mississippi",31544.0,7207.0,2139,MISSISSIPPI,JEFFERSON,29.679478285000695
"Jefferson Davis County, Mississippi",36473.0,11291.0,2579,MISSISSIPPI,JEFFERSON DAVIS,22.841200956514037
"Jones County, Mississippi",49451.0,67152.0,13933,MISSISSIPPI,JONES,20.74845127472004
"Kemper County, Mississippi",42947.0,8980.0,1778,MISSISSIPPI,KEMPER,19.79955456570156
"Lafayette County, Mississippi",59748.0,56172.0,9967,MISSISSIPPI,LAFAYETTE,17.74371573025707
"Lamar County, Mississippi",67972.0,64425.0,10759,MISSISSIPPI,LAMAR,16.700038804811797
"Lauderdale County, Mississippi",45649.0,72741.0,17290,MISSISSIPPI,LAUDERDALE,23.769263551504654
"Lawrence County, Mississippi",41096.0,11933.0,2683,MISSISSIPPI,LAWRENCE,22.483868264476662
"Leake County, Mississippi",46669.0,21335.0,4335,MISSISSIPPI,LEAKE,20.318725099601593
"Lee County, Mississippi",64479.0,83343.0,11039,MISSISSIPPI,LEE,13.245263549428266
"Leflore County, Mississippi",33115.0,27920.0,8524,MISSISSIPPI,LEFLORE,30.53008595988539
"Lincoln County, Mississippi",47069.0,34855.0,7675,MISSISSIPPI,LINCOLN,22.019796298952805
"Lowndes County, Mississippi",53687.0,58547.0,10235,MISSISSIPPI,LOWNDES,17.481681384187063
"Madison County, Mississippi",79105.0,109257.0,10534,MISSISSIPPI,MADISON,9.641487501944955
"Marion County, Mississippi",38399.0,24362.0,5362,MISSISSIPPI,MARION,22.00968721779821
"Marshall County, Mississippi",51431.0,33980.0,6181,MISSISSIPPI,MARSHALL,18.190111830488522
"Monroe County, Mississippi",51190.0,34168.0,5557,MISSISSIPPI,MONROE,16.263755560758604
"Montgomery County, Mississippi",36845.0,9803.0,2337,MISSISSIPPI,MONTGOMERY,23.839640926247068
"Neshoba County, Mississippi",47400.0,28970.0,7938,MISSISSIPPI,NESHOBA,27.40075940628236
"Newton County, Mississippi",49160.0,21275.0,4803,MISSISSIPPI,NEWTON,22.575793184488838
"Noxubee County, Mississippi",42298.0,10261.0,2337,MISSISSIPPI,NOXUBEE,22.775557937822825
"Oktibbeha County, Mississippi",42953.0,51388.0,13133,MISSISSIPPI,OKTIBBEHA,25.556550167354246
"Panola County, Mississippi",47894.0,33157.0,6712,MISSISSIPPI,PANOLA,20.24308592454082
"Pearl River County, Mississippi",54220.0,56351.0,8663,MISSISSIPPI,PEARL RIVER,15.37328530105943
"Perry County, Mississippi",48333.0,11511.0,2304,MISSISSIPPI,PERRY,20.01563721657545
"Pike County, Mississippi",40131.0,40098.0,11875,MISSISSIPPI,PIKE,29.61494338869769
"Pontotoc County, Mississippi",54414.0,31202.0,5166,MISSISSIPPI,PONTOTOC,16.55663098519326
"Prentiss County, Mississippi",51578.0,24945.0,3866,MISSISSIPPI,PRENTISS,15.498095810783724
"Quitman County, Mississippi",31192.0,6113.0,1789,MISSISSIPPI,QUITMAN,29.2654997546213
"Rankin County, Mississippi",76460.0,157185.0,14417,MISSISSIPPI,RANKIN,9.171994783217228
"Scott County, Mississippi",44968.0,27943.0,6030,MISSISSIPPI,SCOTT,21.579644275847258
"Sharkey County, Mississippi",41000.0,3910.0,1025,MISSISSIPPI,SHARKEY,26.214833759590796
"Simpson County, Mississippi",50867.0,25889.0,4321,MISSISSIPPI,SIMPSON,16.690486306925724
"Smith County, Mississippi",51983.0,14310.0,2578,MISSISSIPPI,SMITH,18.01537386443047
"Stone County, Mississippi",55894.0,18360.0,3660,MISSISSIPPI,STONE,19.934640522875817
"Sunflower County, Mississippi",37403.0,25867.0,6347,MISSISSIPPI,SUNFLOWER,24.537054934859086
"Tallahatchie County, Mississippi",35428.0,12621.0,3095,MISSISSIPPI,TALLAHATCHIE,24.522621028444654
"Tate County, Mississippi",61286.0,28094.0,4352,MISSISSIPPI,TATE,15.490852139246813
"Tippah County, Mississippi",47968.0,21769.0,4013,MISSISSIPPI,TIPPAH,18.434471036795443
"Tishomingo County, Mississippi",45545.0,18837.0,3561,MISSISSIPPI,TISHOMINGO,18.904284121675428
"Tunica County, Mississippi",41676.0,9787.0,3002,MISSISSIPPI,TUNICA,30.673342188617553
"Union County, Mississippi",55970.0,27880.0,3388,MISSISSIPPI,UNION,12.152080344332855
"Walthall County, Mississippi",37145.0,13888.0,2783,MISSISSIPPI,WALTHALL,20.038882488479263
"Warren County, Mississippi",54117.0,44341.0,7923,MISSISSIPPI,WARREN,17.86833855799373
"Washington County, Mississippi",38394.0,44604.0,12788,MISSISSIPPI,WASHINGTON,28.670074432786297
"Wayne County, Mississippi",34875.0,19760.0,4343,MISSISSIPPI,WAYNE,21.978744939271255
"Webster County, Mississippi",55657.0,9942.0,1550,MISSISSIPPI,WEBSTER,15.590424461878898
"Wilkinson County, Mississippi",34928.0,8531.0,1601,MISSISSIPPI,WILKINSON,18.766850310631813
"Winston County, Mississippi",45516.0,17741.0,4490,MISSISSIPPI,WINSTON,25.308607181105913
"Yalobusha County, Mississippi",47006.0,12499.0,2510,MISSISSIPPI,YALOBUSHA,20.08160652852228
"Yazoo County, Mississippi",41867.0,27467.0,6569,MISSISSIPPI,YAZOO,23.91597189354498
"Adair County, Missouri",51020.0,25299.0,5438,MISSOURI,ADAIR,21.494920747855648
"Andrew County, Missouri",68774.0,18069.0,1346,MISSOURI,ANDREW,7.449222425148043
"Atchison County, Missouri",58521.0,5270.0,600,MISSOURI,ATCHISON,11.385199240986717
"Audrain County, Missouri",51745.0,24873.0,4255,MISSOURI,AUDRAIN,17.106903067583325
"Barry County, Missouri",55592.0,34701.0,6330,MISSOURI,BARRY,18.241549234892364
"Barton County, Missouri",48105.0,11683.0,2558,MISSOURI,BARTON,21.895061200034238
"Bates County, Missouri",54122.0,16101.0,2993,MISSOURI,BATES,18.58890752127197
"Benton County, Missouri",50229.0,19616.0,3396,MISSOURI,BENTON,17.312398042414358
"Bollinger County, Missouri",52306.0,10658.0,1570,MISSOURI,BOLLINGER,14.730718708951024
"Boone County, Missouri",66564.0,184043.0,31074,MISSOURI,BOONE,16.884097738028615
"Buchanan County, Missouri",58303.0,84544.0,13398,MISSOURI,BUCHANAN,15.84736941710825
"Butler County, Missouri",47245.0,42280.0,8718,MISSOURI,BUTLER,20.619678334910123
"Caldwell County, Missouri",58269.0,8876.0,1392,MISSOURI,CALDWELL,15.682739972960794
"Callaway County, Missouri",70599.0,44517.0,3854,MISSOURI,CALLAWAY,8.657366848619628
"Camden County, Missouri",59834.0,43227.0,5726,MISSOURI,CAMDEN,13.246350660466838
"Cape Girardeau County, Missouri",65070.0,81703.0,11340,MISSOURI,CAPE GIRARDEAU,13.879539307002192
"Carroll County, Missouri",59101.0,8513.0,793,MISSOURI,CARROLL,9.315165041700928
"Carter County, Missouri",45737.0,5299.0,1069,MISSOURI,CARTER,20.173617663710132
"Cass County, Missouri",82473.0,108205.0,7440,MISSOURI,CASS,6.875837530613188
"Cedar County, Missouri",43589.0,14314.0,2586,MISSOURI,CEDAR,18.06622886684365
"Chariton County, Missouri",61910.0,7417.0,953,MISSOURI,CHARITON,12.848860725360659
"Christian County, Missouri",75787.0,89568.0,7682,MISSOURI,CHRISTIAN,8.576723829939265
"Clark County, Missouri",53362.0,6693.0,720,MISSOURI,CLARK,10.757507844016136
"Clay County, Missouri",82264.0,253085.0,20681,MISSOURI,CLAY,8.171562913645614
"Clinton County, Missouri",66494.0,21155.0,2333,MISSOURI,CLINTON,11.028125738596078
"Cole County, Missouri",70667.0,76890.0,6795,MISSOURI,COLE,8.837300039016776
"Cooper County, Missouri",62239.0,16893.0,2004,MISSOURI,COOPER,11.862901793642337
"Crawford County, Missouri",52367.0,23023.0,3305,MISSOURI,CRAWFORD,14.35521000738392
"Dade County, Missouri",46806.0,7598.0,1267,MISSOURI,DADE,16.67544090550145
"Dallas County, Missouri",46547.0,17158.0,3484,MISSOURI,DALLAS,20.305396899405526
"Daviess County, Missouri",59706.0,8418.0,1131,MISSOURI,DAVIESS,13.435495367070564
"DeKalb County, Missouri",67910.0,11838.0,959,MISSOURI,DEKALB,8.101030579489779
"Dent County, Missouri",51410.0,14509.0,2412,MISSOURI,DENT,16.624164311806464
"Douglas County, Missouri",47848.0,11803.0,2289,MISSOURI,DOUGLAS,19.39337456578836
"Dunklin County, Missouri",44868.0,28174.0,6019,MISSOURI,DUNKLIN,21.363668630652374
"Franklin County, Missouri",70111.0,104858.0,8364,MISSOURI,FRANKLIN,7.976501554483207
"Gasconade County, Missouri",62638.0,14801.0,1722,MISSOURI,GASCONADE,11.634349030470915
"Gentry County, Missouri",53799.0,6219.0,923,MISSOURI,GENTRY,14.841614407461007
"Greene County, Missouri",54968.0,299188.0,41987,MISSOURI,GREENE,14.033651082262658
"Grundy County, Missouri",51045.0,9878.0,1581,MISSOURI,GRUNDY,16.00526422352703
"Harrison County, Missouri",51809.0,8190.0,1312,MISSOURI,HARRISON,16.01953601953602
"Henry County, Missouri",54903.0,22064.0,3263,MISSOURI,HENRY,14.78879622915156
"Hickory County, Missouri",33302.0,8452.0,1464,MISSOURI,HICKORY,17.321344060577378
"Holt County, Missouri",55153.0,4274.0,391,MISSOURI,HOLT,9.148338792700047
"Howard County, Missouri",59023.0,10142.0,1206,MISSOURI,HOWARD,11.891145730625123
"Howell County, Missouri",46401.0,39960.0,9006,MISSOURI,HOWELL,22.53753753753754
"Iron County, Missouri",53401.0,9538.0,1792,MISSOURI,IRON,18.788005871251833
"Jackson County, Missouri",65169.0,715526.0,97773,MISSOURI,JACKSON,13.664492974399254
"Jasper County, Missouri",54963.0,122788.0,22265,MISSOURI,JASPER,18.132879434472425
"Jefferson County, Missouri",77217.0,226984.0,18549,MISSOURI,JEFFERSON,8.171941634652663
"Johnson County, Missouri",62503.0,54025.0,6115,MISSOURI,JOHNSON,11.318833873206849
"Knox County, Missouri",49167.0,3772.0,470,MISSOURI,KNOX,12.460233297985154
"Laclede County, Missouri",49202.0,36060.0,6058,MISSOURI,LACLEDE,16.799778147531892
"Lafayette County, Missouri",78397.0,32858.0,2975,MISSOURI,LAFAYETTE,9.054111631870473
"Lawrence County, Missouri",52225.0,38231.0,5486,MISSOURI,LAWRENCE,14.349611571761137
"Lewis County, Missouri",49779.0,9987.0,1513,MISSOURI,LEWIS,15.14969460298388
"Lincoln County, Missouri",82543.0,60172.0,6793,MISSOURI,LINCOLN,11.28930399521372
"Linn County, Missouri",58435.0,11892.0,1965,MISSOURI,LINN,16.523713420787082
"Livingston County, Missouri",58772.0,14402.0,1377,MISSOURI,LIVINGSTON,9.561172059436188
"McDonald County, Missouri",46494.0,23381.0,3912,MISSOURI,MCDONALD,16.731534151661606
"Macon County, Missouri",54113.0,15173.0,1632,MISSOURI,MACON,10.755948065642919
"Madison County, Missouri",54042.0,12649.0,1497,MISSOURI,MADISON,11.834927662265791
"Maries County, Missouri",56491.0,8454.0,1463,MISSOURI,MARIES,17.305417553820675
"Marion County, Missouri",62492.0,28525.0,3870,MISSOURI,MARION,13.567046450482035
"Mercer County, Missouri",55592.0,3517.0,516,MISSOURI,MERCER,14.671595109468297
"Miller County, Missouri",53490.0,24855.0,3906,MISSOURI,MILLER,15.71514785757393
"Mississippi County, Missouri",40833.0,12305.0,2560,MISSOURI,MISSISSIPPI,20.80455099553027
"Moniteau County, Missouri",66792.0,15401.0,1530,MISSOURI,MONITEAU,9.934419842867346
"Monroe County, Missouri",50245.0,8668.0,1404,MISSOURI,MONROE,16.197508075680663
"Montgomery County, Missouri",58660.0,11421.0,1644,MISSOURI,MONTGOMERY,14.394536380351983
"Morgan County, Missouri",48841.0,21169.0,4088,MISSOURI,MORGAN,19.31125702678445
"New Madrid County, Missouri",44092.0,16341.0,2744,MISSOURI,NEW MADRID,16.79211798543541
"Newton County, Missouri",60313.0,59019.0,8618,MISSOURI,NEWTON,14.6020772971416
"Nodaway County, Missouri",53917.0,21140.0,3559,MISSOURI,NODAWAY,16.835383159886472
"Oregon County, Missouri",41365.0,8783.0,1973,MISSOURI,OREGON,22.463850620516908
"Osage County, Missouri",70313.0,13374.0,999,MISSOURI,OSAGE,7.469717362045761
"Ozark County, Missouri",39125.0,8688.0,1931,MISSOURI,OZARK,22.226058931860038
"Pemiscot County, Missouri",37426.0,15555.0,4489,MISSOURI,PEMISCOT,28.85888781742205
"Perry County, Missouri",61486.0,18970.0,2109,MISSOURI,PERRY,11.117554032683184
"Pettis County, Missouri",57581.0,43059.0,6274,MISSOURI,PETTIS,14.570705311317031
"Phelps County, Missouri",53242.0,44843.0,7357,MISSOURI,PHELPS,16.40612804674085
"Pike County, Missouri",53363.0,17719.0,2513,MISSOURI,PIKE,14.182515943337659
"Platte County, Missouri",92543.0,107033.0,7389,MISSOURI,PLATTE,6.9034783664851025
"Polk County, Missouri",54487.0,31877.0,5215,MISSOURI,POLK,16.35975781911723
"Pulaski County, Missouri",62541.0,53726.0,6382,MISSOURI,PULASKI,11.878792391021108
"Putnam County, Missouri",50950.0,4698.0,564,MISSOURI,PUTNAM,12.005108556832694
"Ralls County, Missouri",62615.0,10356.0,1269,MISSOURI,RALLS,12.253765932792584
"Randolph County, Missouri",51480.0,24652.0,3901,MISSOURI,RANDOLPH,15.824273892584781
"Ray County, Missouri",69779.0,23122.0,2784,MISSOURI,RAY,12.040480927255427
"Reynolds County, Missouri",43856.0,6102.0,1073,MISSOURI,REYNOLDS,17.584398557849884
"Ripley County, Missouri",42541.0,10839.0,2212,MISSOURI,RIPLEY,20.407786696189685
"St. Charles County, Missouri",99596.0,406262.0,18026,MISSOURI,ST. CHARLES,4.437038167487976
"St. Clair County, Missouri",43483.0,9330.0,1412,MISSOURI,ST. CLAIR,15.133976420150052
"Ste. Genevieve County, Missouri",61215.0,18494.0,1660,MISSOURI,STE. GENEVIEVE,8.975884070509355
"St. Francois County, Missouri",53083.0,66814.0,10749,MISSOURI,ST. FRANCOIS,16.087945640135302
"St. Louis County, Missouri",78067.0,999703.0,94056,MISSOURI,ST. LOUIS,9.408394293105053
"Saline County, Missouri",55396.0,23219.0,2821,MISSOURI,SALINE,12.149532710280374
"Schuyler County, Missouri",53728.0,4066.0,414,MISSOURI,SCHUYLER,10.181997048696507
"Scotland County, Missouri",58656.0,4720.0,343,MISSOURI,SCOTLAND,7.266949152542374
"Scott County, Missouri",54621.0,38055.0,5826,MISSOURI,SCOTT,15.309420575482854
"Shannon County, Missouri",46767.0,7132.0,1021,MISSOURI,SHANNON,14.315759955131801
"Shelby County, Missouri",50387.0,6049.0,866,MISSOURI,SHELBY,14.316415936518434
"Stoddard County, Missouri",51703.0,28656.0,4643,MISSOURI,STODDARD,16.20254048017867
"Stone County, Missouri",58392.0,31314.0,4344,MISSOURI,STONE,13.872389346618125
"Sullivan County, Missouri",53438.0,5983.0,879,MISSOURI,SULLIVAN,14.691626274444259
"Taney County, Missouri",54467.0,56202.0,8906,MISSOURI,TANEY,15.846411159745205
"Texas County, Missouri",42870.0,24828.0,4674,MISSOURI,TEXAS,18.825519574673756
"Vernon County, Missouri",53318.0,19777.0,3454,MISSOURI,VERNON,17.464731759114123
"Warren County, Missouri",75531.0,35729.0,3593,MISSOURI,WARREN,10.056256822189258
"Washington County, Missouri",49364.0,23580.0,4182,MISSOURI,WASHINGTON,17.735368956743002
"Wayne County, Missouri",42758.0,11081.0,2739,MISSOURI,WAYNE,24.717985741359083
"Webster County, Missouri",65103.0,39265.0,5967,MISSOURI,WEBSTER,15.196740099325098
"Worth County, Missouri",43536.0,1982.0,323,MISSOURI,WORTH,16.296670030272452
"Wright County, Missouri",43573.0,18475.0,3674,MISSOURI,WRIGHT,19.88633288227334
"St. Louis city, Missouri",52941.0,298018.0,58373,MISSOURI,ST. LOUIS CITY,19.587071921830226
"Beaverhead County, Montana",55867.0,9469.0,1387,MONTANA,BEAVERHEAD,14.647798077938537
"Big Horn County, Montana",52463.0,13090.0,3292,MONTANA,BIG HORN,25.148968678380445
"Blaine County, Montana",58507.0,7030.0,1395,MONTANA,BLAINE,19.84352773826458
"Broadwater County, Montana",61679.0,6977.0,633,MONTANA,BROADWATER,9.07266733553103
"Carbon County, Montana",66780.0,10645.0,1073,MONTANA,CARBON,10.079849694692344
"Carter County, Montana",46486.0,1332.0,222,MONTANA,CARTER,16.666666666666664
"Cascade County, Montana",61351.0,84423.0,11172,MONTANA,CASCADE,13.233360577093919
"Chouteau County, Montana",51791.0,5897.0,878,MONTANA,CHOUTEAU,14.888926572833643
"Custer County, Montana",61114.0,11957.0,1281,MONTANA,CUSTER,10.713389646232333
"Daniels County, Montana",47378.0,1535.0,183,MONTANA,DANIELS,11.921824104234528
"Dawson County, Montana",68168.0,8915.0,634,MONTANA,DAWSON,7.111609646662928
"Deer Lodge County, Montana",46436.0,9435.0,2070,MONTANA,DEER LODGE,21.939586645468996
"Fallon County, Montana",79750.0,2941.0,365,MONTANA,FALLON,12.410744644678681
"Fergus County, Montana",58321.0,11496.0,1651,MONTANA,FERGUS,14.36151704940849
"Flathead County, Montana",68025.0,105950.0,9727,MONTANA,FLATHEAD,9.180745634733364
"Gallatin County, Montana",83434.0,119685.0,12231,MONTANA,GALLATIN,10.219325730041358
"Garfield County, Montana",61786.0,976.0,91,MONTANA,GARFIELD,9.323770491803279
"Glacier County, Montana",41078.0,13781.0,3986,MONTANA,GLACIER,28.923880705318915
"Golden Valley County, Montana",54792.0,841.0,135,MONTANA,GOLDEN VALLEY,16.05231866825208
"Granite County, Montana",53917.0,3368.0,431,MONTANA,GRANITE,12.796912114014253
"Hill County, Montana",58427.0,16238.0,2679,MONTANA,HILL,16.498337233649465
"Jefferson County, Montana",73875.0,12273.0,609,MONTANA,JEFFERSON,4.962111953067709
"Judith Basin County, Montana",58750.0,2039.0,357,MONTANA,JUDITH BASIN,17.508582638548308
"Lake County, Montana",58009.0,31509.0,5901,MONTANA,LAKE,18.72798248119585
"Lewis and Clark County, Montana",71967.0,71487.0,6568,MONTANA,LEWIS AND CLARK,9.187684474100186
"Liberty County, Montana",48047.0,1993.0,515,MONTANA,LIBERTY,25.840441545408932
"Lincoln County, Montana",44593.0,20157.0,3360,MONTANA,LINCOLN,16.669147194522996
"McCone County, Montana",79022.0,1746.0,42,MONTANA,MCCONE,2.405498281786942
"Madison County, Montana",61226.0,8742.0,592,MONTANA,MADISON,6.771905742393044
"Meagher County, Montana",55753.0,1948.0,223,MONTANA,MEAGHER,11.447638603696099
"Mineral County, Montana",56098.0,4652.0,639,MONTANA,MINERAL,13.736027515047292
"Missoula County, Montana",66840.0,118541.0,13756,MONTANA,MISSOULA,11.60442378586312
"Musselshell County, Montana",54875.0,4924.0,576,MONTANA,MUSSELSHELL,11.697806661251017
"Park County, Montana",67602.0,17320.0,1968,MONTANA,PARK,11.36258660508083
"Petroleum County, Montana",57981.0,416.0,26,MONTANA,PETROLEUM,6.25
"Phillips County, Montana",61250.0,4233.0,290,MONTANA,PHILLIPS,6.850933144342074
"Pondera County, Montana",59861.0,5987.0,1272,MONTANA,PONDERA,21.246033071655255
"Powder River County, Montana",60313.0,1773.0,220,MONTANA,POWDER RIVER,12.408347433728144
"Powell County, Montana",60994.0,6998.0,271,MONTANA,POWELL,3.872535010002858
"Prairie County, Montana",44107.0,1283.0,278,MONTANA,PRAIRIE,21.66796570537802
"Ravalli County, Montana",67424.0,44876.0,4372,MONTANA,RAVALLI,9.742401283536857
"Richland County, Montana",67515.0,11366.0,942,MONTANA,RICHLAND,8.287876121766672
"Roosevelt County, Montana",51038.0,10799.0,3271,MONTANA,ROOSEVELT,30.289841652004817
"Rosebud County, Montana",57656.0,8310.0,1670,MONTANA,ROSEBUD,20.09626955475331
"Sanders County, Montana",47110.0,12615.0,2027,MONTANA,SANDERS,16.06817281014665
"Sheridan County, Montana",67457.0,3700.0,356,MONTANA,SHERIDAN,9.621621621621621
"Silver Bow County, Montana",56297.0,35306.0,5438,MONTANA,SILVER BOW,15.402481164674558
"Stillwater County, Montana",78380.0,8978.0,713,MONTANA,STILLWATER,7.941635108041881
"Sweet Grass County, Montana",64872.0,3697.0,219,MONTANA,SWEET GRASS,5.923721936705436
"Teton County, Montana",65224.0,6238.0,886,MONTANA,TETON,14.203270278935557
"Toole County, Montana",54040.0,5018.0,468,MONTANA,TOOLE,9.32642487046632
"Treasure County, Montana",70096.0,680.0,67,MONTANA,TREASURE,9.852941176470589
"Valley County, Montana",59725.0,7552.0,910,MONTANA,VALLEY,12.04978813559322
"Wheatland County, Montana",48272.0,2060.0,460,MONTANA,WHEATLAND,22.330097087378643
"Wibaux County, Montana",58750.0,1119.0,195,MONTANA,WIBAUX,17.426273458445042
"Yellowstone County, Montana",72300.0,165524.0,17356,MONTANA,YELLOWSTONE,10.485488509219207
"Adams County, Nebraska",61502.0,31143.0,3563,NEBRASKA,ADAMS,11.440773207462351
"Antelope County, Nebraska",61924.0,6302.0,686,NEBRASKA,ANTELOPE,10.885433195810853
"Arthur County, Nebraska",66667.0,485.0,34,NEBRASKA,ARTHUR,7.010309278350515
"Banner County, Nebraska",62375.0,670.0,49,NEBRASKA,BANNER,7.313432835820896
"Blaine County, Nebraska",52083.0,384.0,44,NEBRASKA,BLAINE,11.458333333333332
"Boone County, Nebraska",66800.0,5397.0,389,NEBRASKA,BOONE,7.207707985918102
"Box Butte County, Nebraska",67893.0,10778.0,1271,NEBRASKA,BOX BUTTE,11.792540359992577
"Boyd County, Nebraska",57120.0,1767.0,202,NEBRASKA,BOYD,11.43180531975099
"Brown County, Nebraska",44267.0,2691.0,236,NEBRASKA,BROWN,8.769973987365292
"Buffalo County, Nebraska",70093.0,50103.0,5653,NEBRASKA,BUFFALO,11.28275751950981
"Burt County, Nebraska",54950.0,6717.0,941,NEBRASKA,BURT,14.00923031115081
"Butler County, Nebraska",75690.0,8373.0,647,NEBRASKA,BUTLER,7.727218440224531
"Cass County, Nebraska",87673.0,26749.0,1482,NEBRASKA,CASS,5.54039403342181
"Cedar County, Nebraska",72035.0,8375.0,444,NEBRASKA,CEDAR,5.3014925373134325
"Chase County, Nebraska",57313.0,3704.0,298,NEBRASKA,CHASE,8.04535637149028
"Cherry County, Nebraska",62373.0,5473.0,530,NEBRASKA,CHERRY,9.68390279554175
"Cheyenne County, Nebraska",54038.0,9489.0,1086,NEBRASKA,CHEYENNE,11.444830856781536
"Clay County, Nebraska",73933.0,6088.0,520,NEBRASKA,CLAY,8.541392904073588
"Colfax County, Nebraska",71205.0,10563.0,1057,NEBRASKA,COLFAX,10.006626905235255
"Cuming County, Nebraska",68917.0,9000.0,678,NEBRASKA,CUMING,7.533333333333333
"Custer County, Nebraska",62288.0,10566.0,1177,NEBRASKA,CUSTER,11.139504069657391
"Dakota County, Nebraska",66112.0,21308.0,2354,NEBRASKA,DAKOTA,11.047493899005069
"Dawes County, Nebraska",53760.0,8279.0,964,NEBRASKA,DAWES,11.643918347626524
"Dawson County, Nebraska",67462.0,24037.0,3378,NEBRASKA,DAWSON,14.05333444273412
"Deuel County, Nebraska",58875.0,1858.0,132,NEBRASKA,DEUEL,7.104413347685684
"Dixon County, Nebraska",60568.0,5579.0,518,NEBRASKA,DIXON,9.284818067754077
"Dodge County, Nebraska",66793.0,37175.0,3255,NEBRASKA,DODGE,8.755884330867518
"Douglas County, Nebraska",76083.0,582638.0,62856,NEBRASKA,DOUGLAS,10.788173788870619
"Dundy County, Nebraska",58977.0,1825.0,224,NEBRASKA,DUNDY,12.273972602739725
"Fillmore County, Nebraska",72335.0,5557.0,375,NEBRASKA,FILLMORE,6.748245456181393
"Franklin County, Nebraska",55625.0,2901.0,421,NEBRASKA,FRANKLIN,14.512237159600138
"Frontier County, Nebraska",62928.0,2491.0,295,NEBRASKA,FRONTIER,11.842633480529907
"Furnas County, Nebraska",58895.0,4630.0,506,NEBRASKA,FURNAS,10.928725701943845
"Gage County, Nebraska",60035.0,21654.0,2835,NEBRASKA,GAGE,13.092269326683292
"Garden County, Nebraska",47139.0,1778.0,168,NEBRASKA,GARDEN,9.448818897637794
"Garfield County, Nebraska",64957.0,1833.0,213,NEBRASKA,GARFIELD,11.620294599018004
"Gosper County, Nebraska",76583.0,1873.0,120,NEBRASKA,GOSPER,6.406833956219968
"Grant County, Nebraska",65139.0,649.0,68,NEBRASKA,GRANT,10.477657935285054
"Greeley County, Nebraska",52813.0,2212.0,271,NEBRASKA,GREELEY,12.25135623869801
"Hall County, Nebraska",63553.0,62575.0,7860,NEBRASKA,HALL,12.56092688773472
"Hamilton County, Nebraska",73254.0,9400.0,510,NEBRASKA,HAMILTON,5.425531914893617
"Harlan County, Nebraska",64583.0,3094.0,224,NEBRASKA,HARLAN,7.239819004524888
"Hayes County, Nebraska",59405.0,919.0,135,NEBRASKA,HAYES,14.689880304678999
"Hitchcock County, Nebraska",49456.0,2620.0,319,NEBRASKA,HITCHCOCK,12.17557251908397
"Holt County, Nebraska",66325.0,10149.0,986,NEBRASKA,HOLT,9.715242881072026
"Hooker County, Nebraska",43333.0,659.0,51,NEBRASKA,HOOKER,7.7389984825493165
"Howard County, Nebraska",70766.0,6476.0,312,NEBRASKA,HOWARD,4.817788758492897
"Jefferson County, Nebraska",54494.0,7185.0,780,NEBRASKA,JEFFERSON,10.855949895615867
"Johnson County, Nebraska",64352.0,5294.0,265,NEBRASKA,JOHNSON,5.005666792595391
"Kearney County, Nebraska",74276.0,6655.0,619,NEBRASKA,KEARNEY,9.301277235161534
"Keith County, Nebraska",59511.0,8303.0,978,NEBRASKA,KEITH,11.778875105383596
"Keya Paha County, Nebraska",63977.0,987.0,85,NEBRASKA,KEYA PAHA,8.611955420466058
"Kimball County, Nebraska",53151.0,3395.0,333,NEBRASKA,KIMBALL,9.808541973490428
"Knox County, Nebraska",61250.0,8415.0,983,NEBRASKA,KNOX,11.681521093285799
"Lancaster County, Nebraska",70387.0,322063.0,36483,NEBRASKA,LANCASTER,11.327907893797176
"Lincoln County, Nebraska",63019.0,34532.0,3699,NEBRASKA,LINCOLN,10.7118035445384
"Logan County, Nebraska",69250.0,839.0,77,NEBRASKA,LOGAN,9.177592371871276
"Loup County, Nebraska",50000.0,629.0,50,NEBRASKA,LOUP,7.94912559618442
"McPherson County, Nebraska",58250.0,456.0,35,NEBRASKA,MCPHERSON,7.675438596491229
"Madison County, Nebraska",61139.0,35538.0,4201,NEBRASKA,MADISON,11.821149192413754
"Merrick County, Nebraska",57873.0,7675.0,772,NEBRASKA,MERRICK,10.058631921824105
"Morrill County, Nebraska",57325.0,4562.0,423,NEBRASKA,MORRILL,9.27224901359053
"Nance County, Nebraska",60054.0,3366.0,446,NEBRASKA,NANCE,13.25014854426619
"Nemaha County, Nebraska",57196.0,7019.0,1001,NEBRASKA,NEMAHA,14.2612907821627
"Nuckolls County, Nebraska",66000.0,4092.0,253,NEBRASKA,NUCKOLLS,6.182795698924731
"Otoe County, Nebraska",73031.0,15995.0,1804,NEBRASKA,OTOE,11.278524538918413
"Pawnee County, Nebraska",55833.0,2553.0,332,NEBRASKA,PAWNEE,13.00430865648257
"Perkins County, Nebraska",61786.0,2860.0,245,NEBRASKA,PERKINS,8.566433566433567
"Phelps County, Nebraska",65114.0,8966.0,1257,NEBRASKA,PHELPS,14.019629712246266
"Pierce County, Nebraska",65603.0,7301.0,569,NEBRASKA,PIERCE,7.793452951650459
"Platte County, Nebraska",69943.0,34219.0,2774,NEBRASKA,PLATTE,8.106607440310938
"Polk County, Nebraska",67695.0,5182.0,393,NEBRASKA,POLK,7.583944423002702
"Red Willow County, Nebraska",58344.0,10690.0,1262,NEBRASKA,RED WILLOW,11.805425631431245
"Richardson County, Nebraska",50321.0,7850.0,837,NEBRASKA,RICHARDSON,10.662420382165605
"Rock County, Nebraska",57566.0,1312.0,113,NEBRASKA,ROCK,8.61280487804878
"Saline County, Nebraska",71104.0,14275.0,1524,NEBRASKA,SALINE,10.67600700525394
"Sarpy County, Nebraska",95911.0,191272.0,10398,NEBRASKA,SARPY,5.436237400142206
"Saunders County, Nebraska",84474.0,22374.0,1471,NEBRASKA,SAUNDERS,6.574595512648609
"Scotts Bluff County, Nebraska",60137.0,36048.0,4379,NEBRASKA,SCOTTS BLUFF,12.1476919662672
"Seward County, Nebraska",79677.0,17644.0,1104,NEBRASKA,SEWARD,6.257084561323962
"Sheridan County, Nebraska",53609.0,5102.0,539,NEBRASKA,SHERIDAN,10.564484515876128
"Sherman County, Nebraska",60194.0,2970.0,318,NEBRASKA,SHERMAN,10.707070707070706
"Sioux County, Nebraska",50833.0,1162.0,202,NEBRASKA,SIOUX,17.38382099827883
"Stanton County, Nebraska",76035.0,5828.0,404,NEBRASKA,STANTON,6.9320521619766655
"Thayer County, Nebraska",60305.0,5006.0,468,NEBRASKA,THAYER,9.348781462245306
"Thomas County, Nebraska",70069.0,592.0,39,NEBRASKA,THOMAS,6.587837837837837
"Thurston County, Nebraska",63459.0,6716.0,1253,NEBRASKA,THURSTON,18.65693865396069
"Valley County, Nebraska",62321.0,4053.0,353,NEBRASKA,VALLEY,8.709597828768812
"Washington County, Nebraska",89671.0,20884.0,1644,NEBRASKA,WASHINGTON,7.872055161846389
"Wayne County, Nebraska",64951.0,9701.0,1381,NEBRASKA,WAYNE,14.23564580971034
"Webster County, Nebraska",62571.0,3410.0,262,NEBRASKA,WEBSTER,7.683284457478005
"Wheeler County, Nebraska",59167.0,771.0,79,NEBRASKA,WHEELER,10.246433203631646
"York County, Nebraska",72914.0,14212.0,1242,NEBRASKA,YORK,8.739093723613847
"Churchill County, Nevada",69922.0,25409.0,2464,NEVADA,CHURCHILL,9.697351332205125
"Clark County, Nevada",69911.0,2265926.0,299459,NEVADA,CLARK,13.215744909586633
"Douglas County, Nevada",84262.0,49476.0,3678,NEVADA,DOUGLAS,7.433907349017706
"Elko County, Nevada",87755.0,53600.0,5473,NEVADA,ELKO,10.210820895522389
"Esmeralda County, Nevada",40694.0,980.0,157,NEVADA,ESMERALDA,16.020408163265305
"Eureka County, Nevada",73929.0,1622.0,285,NEVADA,EUREKA,17.57090012330456
"Humboldt County, Nevada",75574.0,17266.0,2448,NEVADA,HUMBOLDT,14.178153596663964
"Lander County, Nevada",92388.0,5728.0,611,NEVADA,LANDER,10.666899441340782
"Lincoln County, Nevada",67412.0,4507.0,288,NEVADA,LINCOLN,6.390059906811627
"Lyon County, Nevada",70026.0,59435.0,6114,NEVADA,LYON,10.286868007066543
"Mineral County, Nevada",46625.0,4568.0,828,NEVADA,MINERAL,18.126094570928196
"Nye County, Nevada",53602.0,51698.0,7746,NEVADA,NYE,14.983171495995975
"Pershing County, Nevada",66304.0,6587.0,472,NEVADA,PERSHING,7.165629269773797
"Storey County, Nevada",86932.0,4095.0,371,NEVADA,STOREY,9.05982905982906
"Washoe County, Nevada",81531.0,486674.0,52165,NEVADA,WASHOE,10.718674102171063
"White Pine County, Nevada",71297.0,8997.0,684,NEVADA,WHITE PINE,7.602534178059353
"Carson City, Nevada",67465.0,58249.0,6213,NEVADA,CARSON CITY,10.666277532661505
"Belknap County, New Hampshire",80719.0,63914.0,5408,NEW HAMPSHIRE,BELKNAP,8.461369965891667
"Carroll County, New Hampshire",77049.0,50679.0,3998,NEW HAMPSHIRE,CARROLL,7.888869156849977
"Cheshire County, New Hampshire",76551.0,76610.0,6538,NEW HAMPSHIRE,CHESHIRE,8.534133925075055
"Coos County, New Hampshire",55247.0,31430.0,3419,NEW HAMPSHIRE,COOS,10.87814190264079
"Grafton County, New Hampshire",79949.0,90836.0,8361,NEW HAMPSHIRE,GRAFTON,9.204500418336343
"Hillsborough County, New Hampshire",95112.0,422733.0,28465,NEW HAMPSHIRE,HILLSBOROUGH,6.7335646850376
"Merrimack County, New Hampshire",88806.0,153918.0,10722,NEW HAMPSHIRE,MERRIMACK,6.966046856118193
"Rockingham County, New Hampshire",110225.0,315169.0,15149,NEW HAMPSHIRE,ROCKINGHAM,4.806627555375053
"Strafford County, New Hampshire",83212.0,130965.0,11112,NEW HAMPSHIRE,STRAFFORD,8.484709655251404
"Sullivan County, New Hampshire",70788.0,43356.0,4990,NEW HAMPSHIRE,SULLIVAN,11.509364332502999
"Atlantic County, New Jersey",73113.0,274339.0,34989,NEW JERSEY,ATLANTIC,12.75392853367549
"Bergen County, New Jersey",118714.0,953243.0,63825,NEW JERSEY,BERGEN,6.695564509783969
"Burlington County, New Jersey",102615.0,461853.0,29718,NEW JERSEY,BURLINGTON,6.434514878110567
"Camden County, New Jersey",82005.0,522581.0,64050,NEW JERSEY,CAMDEN,12.25647315918489
"Cape May County, New Jersey",83870.0,95456.0,8443,NEW JERSEY,CAPE MAY,8.8449128394234
"Cumberland County, New Jersey",62310.0,153588.0,22292,NEW JERSEY,CUMBERLAND,14.514154751673308
"Essex County, New Jersey",73785.0,853374.0,125228,NEW JERSEY,ESSEX,14.674456920412387
"Gloucester County, New Jersey",99668.0,302621.0,22231,NEW JERSEY,GLOUCESTER,7.346152448111665
"Hudson County, New Jersey",86854.0,712029.0,99546,NEW JERSEY,HUDSON,13.980610340309173
"Hunterdon County, New Jersey",133534.0,129099.0,4685,NEW JERSEY,HUNTERDON,3.6289979008357927
"Mercer County, New Jersey",92697.0,383732.0,41079,NEW JERSEY,MERCER,10.705127536926813
"Middlesex County, New Jersey",105206.0,860147.0,69626,NEW JERSEY,MIDDLESEX,8.094662889017808
"Monmouth County, New Jersey",118527.0,643064.0,40595,NEW JERSEY,MONMOUTH,6.312746476244977
"Morris County, New Jersey",130808.0,508816.0,24800,NEW JERSEY,MORRIS,4.874060564133203
"Ocean County, New Jersey",82379.0,638691.0,66258,NEW JERSEY,OCEAN,10.374030634532192
"Passaic County, New Jersey",84465.0,519986.0,68995,NEW JERSEY,PASSAIC,13.268626463020158
"Salem County, New Jersey",73378.0,64840.0,8271,NEW JERSEY,SALEM,12.756014805675509
"Somerset County, New Jersey",131948.0,344978.0,18097,NEW JERSEY,SOMERSET,5.245841763822621
"Sussex County, New Jersey",111094.0,144808.0,7948,NEW JERSEY,SUSSEX,5.488647036075355
"Union County, New Jersey",95000.0,572079.0,50130,NEW JERSEY,UNION,8.762775770479251
"Warren County, New Jersey",92620.0,109739.0,8373,NEW JERSEY,WARREN,7.629921905612408
"Bernalillo County, New Mexico",62220.0,674692.0,109353,NEW MEXICO,BERNALILLO,16.20784002181736
"Catron County, New Mexico",44777.0,3635.0,756,NEW MEXICO,CATRON,20.79779917469051
"Chaves County, New Mexico",49673.0,64701.0,13522,NEW MEXICO,CHAVES,20.899213304276596
"Cibola County, New Mexico",49866.0,27211.0,7063,NEW MEXICO,CIBOLA,25.95641468523759
"Colfax County, New Mexico",46286.0,12370.0,2130,NEW MEXICO,COLFAX,17.219078415521423
"Curry County, New Mexico",55427.0,48327.0,9113,NEW MEXICO,CURRY,18.856953669791213
"De Baca County, New Mexico",34702.0,1695.0,273,NEW MEXICO,DE BACA,16.10619469026549
"Doña Ana County, New Mexico",51232.0,219870.0,48732,NEW MEXICO,DOÑA ANA,22.164006003547552
"Eddy County, New Mexico",77458.0,61264.0,7132,NEW MEXICO,EDDY,11.641420736484722
"Grant County, New Mexico",44895.0,28006.0,5538,NEW MEXICO,GRANT,19.77433407127044
"Guadalupe County, New Mexico",38713.0,4413.0,801,NEW MEXICO,GUADALUPE,18.150917743031954
"Harding County, New Mexico",39489.0,671.0,96,NEW MEXICO,HARDING,14.307004470938898
"Hidalgo County, New Mexico",53651.0,4160.0,939,NEW MEXICO,HIDALGO,22.572115384615383
"Lea County, New Mexico",65855.0,73103.0,12557,NEW MEXICO,LEA,17.17713363336662
"Lincoln County, New Mexico",47919.0,20222.0,3140,NEW MEXICO,LINCOLN,15.527643160913856
"Los Alamos County, New Mexico",135801.0,19253.0,710,NEW MEXICO,LOS ALAMOS,3.68773697605568
"Luna County, New Mexico",38241.0,25393.0,5816,NEW MEXICO,LUNA,22.90394990745481
"McKinley County, New Mexico",44029.0,72073.0,23950,NEW MEXICO,MCKINLEY,33.23019716121155
"Mora County, New Mexico",40231.0,4208.0,911,NEW MEXICO,MORA,21.649239543726235
"Otero County, New Mexico",50833.0,67850.0,12457,NEW MEXICO,OTERO,18.35961680176861
"Quay County, New Mexico",38998.0,8641.0,2094,NEW MEXICO,QUAY,24.23330633028585
"Rio Arriba County, New Mexico",52031.0,40285.0,8722,NEW MEXICO,RIO ARRIBA,21.650738488271067
"Roosevelt County, New Mexico",52644.0,19142.0,3697,NEW MEXICO,ROOSEVELT,19.313551353045657
"Sandoval County, New Mexico",76424.0,149460.0,14965,NEW MEXICO,SANDOVAL,10.012712431419777
"San Juan County, New Mexico",50734.0,121798.0,29458,NEW MEXICO,SAN JUAN,24.18594722409235
"San Miguel County, New Mexico",43490.0,27215.0,6092,NEW MEXICO,SAN MIGUEL,22.384714311960316
"Santa Fe County, New Mexico",70522.0,154481.0,18751,NEW MEXICO,SANTA FE,12.138062285976916
"Sierra County, New Mexico",35256.0,11506.0,2834,NEW MEXICO,SIERRA,24.630627498696334
"Socorro County, New Mexico",40699.0,16453.0,4812,NEW MEXICO,SOCORRO,29.246945845742417
"Taos County, New Mexico",55145.0,34475.0,5087,NEW MEXICO,TAOS,14.755620014503263
"Torrance County, New Mexico",50727.0,15203.0,3219,NEW MEXICO,TORRANCE,21.173452608037888
"Union County, New Mexico",41714.0,4074.0,639,NEW MEXICO,UNION,15.68483063328424
"Valencia County, New Mexico",56246.0,76613.0,13292,NEW MEXICO,VALENCIA,17.3495359795335
"Albany County, New York",78829.0,315041.0,37608,NEW YORK,ALBANY,11.937493850006826
"Allegany County, New York",58725.0,47222.0,7236,NEW YORK,ALLEGANY,15.323366227605778
"Bronx County, New York",47036.0,1443229.0,379925,NEW YORK,BRONX,26.324651181482633
"Broome County, New York",58317.0,198365.0,35991,NEW YORK,BROOME,18.143825775716483
"Cattaraugus County, New York",56889.0,77000.0,13016,NEW YORK,CATTARAUGUS,16.903896103896106
"Cayuga County, New York",63227.0,76171.0,9744,NEW YORK,CAYUGA,12.79227002402489
"Chautauqua County, New York",54625.0,127440.0,21513,NEW YORK,CHAUTAUQUA,16.880885122410547
"Chemung County, New York",61358.0,83584.0,12118,NEW YORK,CHEMUNG,14.497990045941808
"Chenango County, New York",61741.0,47096.0,5747,NEW YORK,CHENANGO,12.202734839476813
"Clinton County, New York",67097.0,79839.0,9586,NEW YORK,CLINTON,12.006663410112854
"Columbia County, New York",81741.0,61469.0,6157,NEW YORK,COLUMBIA,10.016431046543786
"Cortland County, New York",65029.0,46755.0,5575,NEW YORK,CORTLAND,11.923858410865149
"Delaware County, New York",58338.0,44637.0,6295,NEW YORK,DELAWARE,14.102650267715125
"Dutchess County, New York",94578.0,296467.0,24165,NEW YORK,DUTCHESS,8.150991510016292
"Erie County, New York",68014.0,951232.0,127623,NEW YORK,ERIE,13.416600787189667
"Essex County, New York",68090.0,37314.0,3670,NEW YORK,ESSEX,9.835450501152382
"Franklin County, New York",60270.0,47459.0,7719,NEW YORK,FRANKLIN,16.264565203649468
"Fulton County, New York",60557.0,53280.0,7280,NEW YORK,FULTON,13.663663663663664
"Genesee County, New York",68178.0,58204.0,5974,NEW YORK,GENESEE,10.263899388358189
"Greene County, New York",70294.0,48067.0,4713,NEW YORK,GREENE,9.80506376516113
"Hamilton County, New York",66891.0,5090.0,541,NEW YORK,HAMILTON,10.628683693516699
"Herkimer County, New York",68104.0,60293.0,7140,NEW YORK,HERKIMER,11.842170732920904
"Jefferson County, New York",62782.0,117445.0,14310,NEW YORK,JEFFERSON,12.184426752948188
"Kings County, New York",74692.0,2679620.0,503524,NEW YORK,KINGS,18.790873332785992
"Lewis County, New York",64401.0,26690.0,3459,NEW YORK,LEWIS,12.959910078681153
"Livingston County, New York",70443.0,61980.0,6667,NEW YORK,LIVINGSTON,10.756695708292998
"Madison County, New York",68869.0,68020.0,5961,NEW YORK,MADISON,8.763598941487798
"Monroe County, New York",71450.0,756406.0,98468,NEW YORK,MONROE,13.017876642966872
"Montgomery County, New York",58033.0,49624.0,7383,NEW YORK,MONTGOMERY,14.877881670159601
"Nassau County, New York",137709.0,1389160.0,73765,NEW YORK,NASSAU,5.3100434795127995
"New York County, New York",99880.0,1645867.0,252677,NEW YORK,NEW YORK,15.352212542082682
"Niagara County, New York",65882.0,212230.0,27046,NEW YORK,NIAGARA,12.743721434292985
"Oneida County, New York",66402.0,231055.0,31854,NEW YORK,ONEIDA,13.786327930579297
"Onondaga County, New York",71479.0,472637.0,63066,NEW YORK,ONONDAGA,13.343432697820951
"Ontario County, New York",76603.0,112288.0,9803,NEW YORK,ONTARIO,8.730229410088345
"Orange County, New York",91806.0,401237.0,51059,NEW YORK,ORANGE,12.725396710672246
"Orleans County, New York",61069.0,40148.0,4801,NEW YORK,ORLEANS,11.958254458503536
"Oswego County, New York",65054.0,118037.0,19320,NEW YORK,OSWEGO,16.367749095622557
"Otsego County, New York",65778.0,59678.0,7090,NEW YORK,OTSEGO,11.88042494721673
"Putnam County, New York",120970.0,97942.0,6129,NEW YORK,PUTNAM,6.257785219823978
"Queens County, New York",82431.0,2360826.0,272926,NEW YORK,QUEENS,11.560614801768534
"Rensselaer County, New York",83734.0,160943.0,17789,NEW YORK,RENSSELAER,11.0529814903413
"Richmond County, New York",96185.0,492925.0,50556,NEW YORK,RICHMOND,10.256327027438251
"Rockland County, New York",106173.0,337326.0,50181,NEW YORK,ROCKLAND,14.876113907614593
"St. Lawrence County, New York",58339.0,108670.0,16674,NEW YORK,ST. LAWRENCE,15.343701113462776
"Saratoga County, New York",97038.0,236328.0,15248,NEW YORK,SARATOGA,6.452049693646118
"Schenectady County, New York",75056.0,159447.0,18013,NEW YORK,SCHENECTADY,11.297170846739043
"Schoharie County, New York",71479.0,29970.0,2904,NEW YORK,SCHOHARIE,9.68968968968969
"Schuyler County, New York",61316.0,17855.0,2781,NEW YORK,SCHUYLER,15.575469056286753
"Seneca County, New York",64050.0,33651.0,4144,NEW YORK,SENECA,12.314641466821193
"Steuben County, New York",62506.0,93584.0,12388,NEW YORK,STEUBEN,13.237305522311507
"Suffolk County, New York",122498.0,1524486.0,97307,NEW YORK,SUFFOLK,6.3829382493509295
"Sullivan County, New York",67841.0,78725.0,11211,NEW YORK,SULLIVAN,14.24071133693236
"Tioga County, New York",70427.0,48344.0,4848,NEW YORK,TIOGA,10.028131722654312
"Tompkins County, New York",69995.0,102555.0,14232,NEW YORK,TOMPKINS,13.877431622056458
"Ulster County, New York",77197.0,182153.0,25740,NEW YORK,ULSTER,14.130977804373245
"Warren County, New York",74531.0,65684.0,5607,NEW YORK,WARREN,8.536325436940503
"Washington County, New York",68703.0,61310.0,6641,NEW YORK,WASHINGTON,10.831838199314957
"Wayne County, New York",71007.0,91324.0,9958,NEW YORK,WAYNE,10.904033988874776
"Westchester County, New York",114651.0,997904.0,83412,NEW YORK,WESTCHESTER,8.358719876861903
"Wyoming County, New York",65066.0,40338.0,4037,NEW YORK,WYOMING,10.007932966433636
"Yates County, New York",63974.0,24713.0,3347,NEW YORK,YATES,13.543479140533323
"Alamance County, North Carolina",60866.0,171779.0,23763,NORTH CAROLINA,ALAMANCE,13.833472077494921
"Alexander County, North Carolina",62764.0,36505.0,4295,NORTH CAROLINA,ALEXANDER,11.765511573757019
"Alleghany County, North Carolina",42115.0,10989.0,2127,NORTH CAROLINA,ALLEGHANY,19.355719355719355
"Anson County, North Carolina",42000.0,22200.0,3913,NORTH CAROLINA,ANSON,17.626126126126128
"Ashe County, North Carolina",49176.0,26759.0,3734,NORTH CAROLINA,ASHE,13.954183639149445
"Avery County, North Carolina",53513.0,17679.0,1653,NORTH CAROLINA,AVERY,9.350076361785169
"Beaufort County, North Carolina",56081.0,44711.0,7524,NORTH CAROLINA,BEAUFORT,16.82807362841359
"Bertie County, North Carolina",41652.0,17818.0,3500,NORTH CAROLINA,BERTIE,19.643057582220226
"Bladen County, North Carolina",40476.0,29807.0,7188,NORTH CAROLINA,BLADEN,24.11514073875264
"Brunswick County, North Carolina",71193.0,139721.0,12578,NORTH CAROLINA,BRUNSWICK,9.002225864401199
"Buncombe County, North Carolina",66531.0,269449.0,29543,NORTH CAROLINA,BUNCOMBE,10.964226996574492
"Burke County, North Carolina",53732.0,87799.0,14453,NORTH CAROLINA,BURKE,16.461463114614062
"Cabarrus County, North Carolina",83828.0,226396.0,18865,NORTH CAROLINA,CABARRUS,8.332744394777293
"Caldwell County, North Carolina",52362.0,80716.0,10551,NORTH CAROLINA,CALDWELL,13.07175776797661
"Camden County, North Carolina",79120.0,10547.0,619,NORTH CAROLINA,CAMDEN,5.868967478903954
"Carteret County, North Carolina",66965.0,68353.0,6489,NORTH CAROLINA,CARTERET,9.493365324126227
"Caswell County, North Carolina",56999.0,22747.0,3288,NORTH CAROLINA,CASWELL,14.454653360882755
"Catawba County, North Carolina",62070.0,161011.0,20605,NORTH CAROLINA,CATAWBA,12.797262298849146
"Chatham County, North Carolina",84222.0,76754.0,7877,NORTH CAROLINA,CHATHAM,10.2626573207911
"Cherokee County, North Carolina",49254.0,28868.0,4770,NORTH CAROLINA,CHEROKEE,16.52348621310794
"Chowan County, North Carolina",51188.0,13835.0,2837,NORTH CAROLINA,CHOWAN,20.50596313697145
"Clay County, North Carolina",57065.0,11186.0,1493,NORTH CAROLINA,CLAY,13.34704094403719
"Cleveland County, North Carolina",50723.0,99527.0,17926,NORTH CAROLINA,CLEVELAND,18.011192942618585
"Columbus County, North Carolina",43206.0,50827.0,10149,NORTH CAROLINA,COLUMBUS,19.96773368485254
"Craven County, North Carolina",61676.0,101098.0,13507,NORTH CAROLINA,CRAVEN,13.360303863577915
"Cumberland County, North Carolina",55551.0,335207.0,55872,NORTH CAROLINA,CUMBERLAND,16.66790967969046
"Currituck County, North Carolina",82793.0,28616.0,2409,NORTH CAROLINA,CURRITUCK,8.418367346938775
"Dare County, North Carolina",79742.0,37160.0,2398,NORTH CAROLINA,DARE,6.453175457481162
"Davidson County, North Carolina",58473.0,169498.0,23343,NORTH CAROLINA,DAVIDSON,13.771843915562426
"Davie County, North Carolina",69105.0,43030.0,4958,NORTH CAROLINA,DAVIE,11.522193818266325
"Duplin County, North Carolina",49376.0,49312.0,9024,NORTH CAROLINA,DUPLIN,18.299805321219985
"Durham County, North Carolina",74927.0,325101.0,38202,NORTH CAROLINA,DURHAM,11.750809748355126
"Edgecombe County, North Carolina",46370.0,49067.0,10652,NORTH CAROLINA,EDGECOMBE,21.709091650192594
"Forsyth County, North Carolina",61229.0,383739.0,56760,NORTH CAROLINA,FORSYTH,14.791303464073238
"Franklin County, North Carolina",70493.0,69680.0,6614,NORTH CAROLINA,FRANKLIN,9.491963260619977
"Gaston County, North Carolina",62628.0,228972.0,27965,NORTH CAROLINA,GASTON,12.21328372028021
"Gates County, North Carolina",55750.0,10509.0,1482,NORTH CAROLINA,GATES,14.102198115900658
"Graham County, North Carolina",46010.0,8047.0,894,NORTH CAROLINA,GRAHAM,11.10973033428607
"Granville County, North Carolina",68079.0,61161.0,8245,NORTH CAROLINA,GRANVILLE,13.480812936348327
"Greene County, North Carolina",50320.0,20407.0,4016,NORTH CAROLINA,GREENE,19.679521732738767
"Guilford County, North Carolina",62880.0,539557.0,78085,NORTH CAROLINA,GUILFORD,14.472057632465152
"Halifax County, North Carolina",41629.0,48772.0,11347,NORTH CAROLINA,HALIFAX,23.265398179283196
"Harnett County, North Carolina",64992.0,134718.0,18893,NORTH CAROLINA,HARNETT,14.02410962157989
"Haywood County, North Carolina",56596.0,62152.0,7440,NORTH CAROLINA,HAYWOOD,11.970652593641395
"Henderson County, North Carolina",65508.0,116469.0,13087,NORTH CAROLINA,HENDERSON,11.236466355854349
"Hertford County, North Carolina",46196.0,21633.0,3959,NORTH CAROLINA,HERTFORD,18.300744233347203
"Hoke County, North Carolina",57141.0,52612.0,8840,NORTH CAROLINA,HOKE,16.802250437162623
"Hyde County, North Carolina",43724.0,4636.0,1209,NORTH CAROLINA,HYDE,26.078515962036235
"Iredell County, North Carolina",73103.0,187839.0,17505,NORTH CAROLINA,IREDELL,9.319150975037132
"Jackson County, North Carolina",51482.0,42388.0,7476,NORTH CAROLINA,JACKSON,17.637067094460697
"Johnston County, North Carolina",75288.0,219042.0,23185,NORTH CAROLINA,JOHNSTON,10.584728043023713
"Jones County, North Carolina",53053.0,9263.0,1622,NORTH CAROLINA,JONES,17.51052574759797
"Lee County, North Carolina",60941.0,63560.0,9934,NORTH CAROLINA,LEE,15.629326620516048
"Lenoir County, North Carolina",43063.0,55071.0,12093,NORTH CAROLINA,LENOIR,21.958925750394943
"Lincoln County, North Carolina",75672.0,87933.0,8062,NORTH CAROLINA,LINCOLN,9.168344080151934
"McDowell County, North Carolina",53532.0,44629.0,6463,NORTH CAROLINA,MCDOWELL,14.481615093324967
"Macon County, North Carolina",51042.0,37088.0,5661,NORTH CAROLINA,MACON,15.263697152717858
"Madison County, North Carolina",56664.0,21414.0,2566,NORTH CAROLINA,MADISON,11.982814980853647
"Martin County, North Carolina",44799.0,21992.0,4425,NORTH CAROLINA,MARTIN,20.120953073845037
"Mecklenburg County, North Carolina",79265.0,1115403.0,115796,NORTH CAROLINA,MECKLENBURG,10.381539228422373
"Mitchell County, North Carolina",55534.0,14989.0,1959,NORTH CAROLINA,MITCHELL,13.069584361865369
"Montgomery County, North Carolina",55523.0,25839.0,4035,NORTH CAROLINA,MONTGOMERY,15.615929409032859
"Moore County, North Carolina",77981.0,100759.0,9380,NORTH CAROLINA,MOORE,9.309342093510258
"Nash County, North Carolina",56770.0,95015.0,13523,NORTH CAROLINA,NASH,14.232489606904172
"New Hanover County, North Carolina",67515.0,228134.0,28197,NORTH CAROLINA,NEW HANOVER,12.359841145993144
"Northampton County, North Carolina",45698.0,17528.0,3132,NORTH CAROLINA,NORTHAMPTON,17.86855317206755
"Onslow County, North Carolina",59976.0,203686.0,23314,NORTH CAROLINA,ONSLOW,11.446049311194683
"Orange County, North Carolina",85785.0,145919.0,16503,NORTH CAROLINA,ORANGE,11.309699216688712
"Pamlico County, North Carolina",55867.0,12317.0,1588,NORTH CAROLINA,PAMLICO,12.892749857919947
"Pasquotank County, North Carolina",61411.0,40454.0,4370,NORTH CAROLINA,PASQUOTANK,10.802392841251793
"Pender County, North Carolina",74538.0,61592.0,7050,NORTH CAROLINA,PENDER,11.446291726198208
"Perquimans County, North Carolina",59401.0,13053.0,1724,NORTH CAROLINA,PERQUIMANS,13.207691718378916
"Person County, North Carolina",60688.0,39131.0,6665,NORTH CAROLINA,PERSON,17.032531752319134
"Pitt County, North Carolina",54915.0,171196.0,32978,NORTH CAROLINA,PITT,19.263300544405244
"Polk County, North Carolina",60465.0,19538.0,2116,NORTH CAROLINA,POLK,10.83017709079742
"Randolph County, North Carolina",56423.0,144403.0,21016,NORTH CAROLINA,RANDOLPH,14.55371425801403
"Richmond County, North Carolina",42354.0,43149.0,9631,NORTH CAROLINA,RICHMOND,22.320331873276324
"Robeson County, North Carolina",39393.0,117573.0,30923,NORTH CAROLINA,ROBESON,26.301106546571067
"Rockingham County, North Carolina",50737.0,91209.0,16806,NORTH CAROLINA,ROCKINGHAM,18.425813242114263
"Rowan County, North Carolina",59717.0,147067.0,23443,NORTH CAROLINA,ROWAN,15.940353716333371
"Rutherford County, North Carolina",50512.0,64680.0,11655,NORTH CAROLINA,RUTHERFORD,18.019480519480517
"Sampson County, North Carolina",49963.0,59317.0,12959,NORTH CAROLINA,SAMPSON,21.847025304718713
"Scotland County, North Carolina",41948.0,34222.0,8360,NORTH CAROLINA,SCOTLAND,24.42873005668868
"Stanly County, North Carolina",60634.0,62723.0,8369,NORTH CAROLINA,STANLY,13.342792914879709
"Stokes County, North Carolina",57539.0,44696.0,5281,NORTH CAROLINA,STOKES,11.815374977626632
"Surry County, North Carolina",52743.0,71429.0,12615,NORTH CAROLINA,SURRY,17.660894034635792
"Swain County, North Carolina",52818.0,14130.0,2747,NORTH CAROLINA,SWAIN,19.440905874026893
"Transylvania County, North Carolina",62056.0,33131.0,4305,NORTH CAROLINA,TRANSYLVANIA,12.993872807944221
"Tyrrell County, North Carolina",55341.0,3389.0,430,NORTH CAROLINA,TYRRELL,12.688108586603718
"Union County, North Carolina",95533.0,240109.0,16125,NORTH CAROLINA,UNION,6.715699952938041
"Vance County, North Carolina",48340.0,42492.0,7862,NORTH CAROLINA,VANCE,18.502306316483104
"Wake County, North Carolina",96734.0,1132103.0,90909,NORTH CAROLINA,WAKE,8.03009973474145
"Warren County, North Carolina",42282.0,18803.0,3819,NORTH CAROLINA,WARREN,20.310588735840028
"Washington County, North Carolina",38927.0,11051.0,2354,NORTH CAROLINA,WASHINGTON,21.301239706813863
"Watauga County, North Carolina",50034.0,54540.0,12190,NORTH CAROLINA,WATAUGA,22.350568390172352
"Wayne County, North Carolina",54323.0,117480.0,20581,NORTH CAROLINA,WAYNE,17.5187265917603
"Wilkes County, North Carolina",49119.0,66125.0,11148,NORTH CAROLINA,WILKES,16.85897920604915
"Wilson County, North Carolina",49827.0,78667.0,15714,NORTH CAROLINA,WILSON,19.97533908754624
"Yadkin County, North Carolina",57486.0,37280.0,5102,NORTH CAROLINA,YADKIN,13.685622317596566
"Yancey County, North Carolina",53103.0,18538.0,2811,NORTH CAROLINA,YANCEY,15.163448052648615
"Adams County, North Dakota",57950.0,2190.0,284,NORTH DAKOTA,ADAMS,12.968036529680365
"Barnes County, North Dakota",64447.0,10826.0,1329,NORTH DAKOTA,BARNES,12.276002216885276
"Benson County, North Dakota",63220.0,5960.0,1614,NORTH DAKOTA,BENSON,27.08053691275168
"Billings County, North Dakota",74000.0,839.0,92,NORTH DAKOTA,BILLINGS,10.96543504171633
"Bottineau County, North Dakota",80113.0,6411.0,499,NORTH DAKOTA,BOTTINEAU,7.783497114334738
"Bowman County, North Dakota",79709.0,2975.0,310,NORTH DAKOTA,BOWMAN,10.420168067226891
"Burke County, North Dakota",94583.0,2184.0,142,NORTH DAKOTA,BURKE,6.501831501831503
"Burleigh County, North Dakota",82141.0,98443.0,7526,NORTH DAKOTA,BURLEIGH,7.645033166400861
"Cass County, North Dakota",73249.0,186328.0,19590,NORTH DAKOTA,CASS,10.513717745051737
"Cavalier County, North Dakota",61174.0,3691.0,358,NORTH DAKOTA,CAVALIER,9.699268490923869
"Dickey County, North Dakota",60250.0,5003.0,433,NORTH DAKOTA,DICKEY,8.654807115730561
"Divide County, North Dakota",95938.0,2195.0,140,NORTH DAKOTA,DIVIDE,6.378132118451026
"Dunn County, North Dakota",91758.0,4049.0,270,NORTH DAKOTA,DUNN,6.668313163744134
"Eddy County, North Dakota",50375.0,2345.0,275,NORTH DAKOTA,EDDY,11.727078891257996
"Emmons County, North Dakota",63750.0,3297.0,217,NORTH DAKOTA,EMMONS,6.581740976645436
"Foster County, North Dakota",78426.0,3388.0,274,NORTH DAKOTA,FOSTER,8.087367178276269
"Golden Valley County, North Dakota",84750.0,1734.0,215,NORTH DAKOTA,GOLDEN VALLEY,12.399077277970012
"Grand Forks County, North Dakota",64698.0,72927.0,9708,NORTH DAKOTA,GRAND FORKS,13.311942079065368
"Grant County, North Dakota",57069.0,2320.0,349,NORTH DAKOTA,GRANT,15.043103448275863
"Griggs County, North Dakota",66688.0,2309.0,144,NORTH DAKOTA,GRIGGS,6.236466002598527
"Hettinger County, North Dakota",66797.0,2477.0,236,NORTH DAKOTA,HETTINGER,9.527654420670165
"Kidder County, North Dakota",57240.0,2391.0,297,NORTH DAKOTA,KIDDER,12.421580928481808
"LaMoure County, North Dakota",70227.0,4135.0,488,NORTH DAKOTA,LAMOURE,11.801692865779929
"Logan County, North Dakota",59750.0,1849.0,145,NORTH DAKOTA,LOGAN,7.842076798269335
"McHenry County, North Dakota",78071.0,5326.0,540,NORTH DAKOTA,MCHENRY,10.13894104393541
"McIntosh County, North Dakota",64375.0,2529.0,329,NORTH DAKOTA,MCINTOSH,13.009094503756424
"McKenzie County, North Dakota",83813.0,14081.0,1856,NORTH DAKOTA,MCKENZIE,13.180882039627868
"McLean County, North Dakota",80556.0,9781.0,661,NORTH DAKOTA,MCLEAN,6.758000204478069
"Mercer County, North Dakota",82155.0,8366.0,785,NORTH DAKOTA,MERCER,9.383217786277791
"Morton County, North Dakota",79555.0,33192.0,2647,NORTH DAKOTA,MORTON,7.974813208001928
"Mountrail County, North Dakota",81886.0,9648.0,1182,NORTH DAKOTA,MOUNTRAIL,12.251243781094526
"Nelson County, North Dakota",62219.0,3025.0,316,NORTH DAKOTA,NELSON,10.446280991735538
"Oliver County, North Dakota",69722.0,1832.0,211,NORTH DAKOTA,OLIVER,11.517467248908297
"Pembina County, North Dakota",64243.0,6853.0,609,NORTH DAKOTA,PEMBINA,8.88661899897855
"Pierce County, North Dakota",59583.0,3999.0,429,NORTH DAKOTA,PIERCE,10.72768192048012
"Ramsey County, North Dakota",61490.0,11613.0,1761,NORTH DAKOTA,RAMSEY,15.164040299664169
"Ransom County, North Dakota",71462.0,5663.0,542,NORTH DAKOTA,RANSOM,9.570898816881511
"Renville County, North Dakota",77067.0,2282.0,142,NORTH DAKOTA,RENVILLE,6.222611744084137
"Richland County, North Dakota",67089.0,16548.0,1705,NORTH DAKOTA,RICHLAND,10.303359922649264
"Rolette County, North Dakota",53806.0,12292.0,2969,NORTH DAKOTA,ROLETTE,24.153921249593232
"Sargent County, North Dakota",75648.0,3828.0,234,NORTH DAKOTA,SARGENT,6.112852664576803
"Sheridan County, North Dakota",68684.0,1338.0,92,NORTH DAKOTA,SHERIDAN,6.87593423019432
"Sioux County, North Dakota",41201.0,3896.0,1521,NORTH DAKOTA,SIOUX,39.040041067761805
"Slope County, North Dakota",70625.0,837.0,39,NORTH DAKOTA,SLOPE,4.659498207885305
"Stark County, North Dakota",78734.0,32989.0,3255,NORTH DAKOTA,STARK,9.86692533874928
"Steele County, North Dakota",85750.0,1774.0,231,NORTH DAKOTA,STEELE,13.021420518602028
"Stutsman County, North Dakota",59167.0,21609.0,2625,NORTH DAKOTA,STUTSMAN,12.147716229348884
"Towner County, North Dakota",61250.0,2152.0,288,NORTH DAKOTA,TOWNER,13.382899628252787
"Traill County, North Dakota",81157.0,8004.0,495,NORTH DAKOTA,TRAILL,6.184407796101949
"Walsh County, North Dakota",68082.0,10553.0,1000,NORTH DAKOTA,WALSH,9.47597839476926
"Ward County, North Dakota",78143.0,69532.0,6127,NORTH DAKOTA,WARD,8.811770120232412
"Wells County, North Dakota",59732.0,3990.0,419,NORTH DAKOTA,WELLS,10.501253132832082
"Williams County, North Dakota",86139.0,39076.0,2865,NORTH DAKOTA,WILLIAMS,7.331866107073395
"Adams County, Ohio",46234.0,27509.0,5313,OHIO,ADAMS,19.313679159547785
"Allen County, Ohio",58976.0,102087.0,12081,OHIO,ALLEN,11.834023920773458
"Ashland County, Ohio",62254.0,52522.0,5950,OHIO,ASHLAND,11.328586116294124
"Ashtabula County, Ohio",53663.0,97666.0,17024,OHIO,ASHTABULA,17.430835705363176
"Athens County, Ohio",48750.0,61276.0,13049,OHIO,ATHENS,21.2954500946537
"Auglaize County, Ohio",75231.0,46263.0,3005,OHIO,AUGLAIZE,6.495471543133823
"Belmont County, Ohio",56943.0,66554.0,8800,OHIO,BELMONT,13.222345764341735
"Brown County, Ohio",66677.0,43715.0,6829,OHIO,BROWN,15.621640169278281
"Butler County, Ohio",77062.0,388327.0,44672,OHIO,BUTLER,11.503706927409118
"Carroll County, Ohio",59872.0,26761.0,3206,OHIO,CARROLL,11.980120324352603
"Champaign County, Ohio",70486.0,38715.0,3512,OHIO,CHAMPAIGN,9.071419346506522
"Clark County, Ohio",58954.0,135877.0,20647,OHIO,CLARK,15.195360509872899
"Clermont County, Ohio",79573.0,208851.0,17309,OHIO,CLERMONT,8.287726656803175
"Clinton County, Ohio",64210.0,42077.0,5905,OHIO,CLINTON,14.033795185017944
"Columbiana County, Ohio",55473.0,101723.0,12948,OHIO,COLUMBIANA,12.728684761558352
"Coshocton County, Ohio",52048.0,36629.0,6804,OHIO,COSHOCTON,18.575445685112886
"Crawford County, Ohio",52486.0,41861.0,5759,OHIO,CRAWFORD,13.757435321659777
"Cuyahoga County, Ohio",60074.0,1256620.0,203273,OHIO,CUYAHOGA,16.176170998392514
"Darke County, Ohio",60237.0,51751.0,5641,OHIO,DARKE,10.900272458503217
"Defiance County, Ohio",69302.0,38300.0,3950,OHIO,DEFIANCE,10.313315926892951
"Delaware County, Ohio",123995.0,216074.0,9668,OHIO,DELAWARE,4.474393032016809
"Erie County, Ohio",65171.0,75299.0,8501,OHIO,ERIE,11.289658561202671
"Fairfield County, Ohio",82969.0,159371.0,13579,OHIO,FAIRFIELD,8.520370707343243
"Fayette County, Ohio",56773.0,28901.0,4499,OHIO,FAYETTE,15.566935400159165
"Franklin County, Ohio",71070.0,1318149.0,187488,OHIO,FRANKLIN,14.2235817043445
"Fulton County, Ohio",71453.0,42602.0,3577,OHIO,FULTON,8.396319421623398
"Gallia County, Ohio",55533.0,29276.0,4916,OHIO,GALLIA,16.79191146331466
"Geauga County, Ohio",97162.0,95455.0,5518,OHIO,GEAUGA,5.780734377455345
"Greene County, Ohio",81243.0,167567.0,16929,OHIO,GREENE,10.10282454182506
"Guernsey County, Ohio",53901.0,38409.0,6448,OHIO,GUERNSEY,16.78773204196933
"Hamilton County, Ohio",68249.0,827671.0,120457,OHIO,HAMILTON,14.553729682446287
"Hancock County, Ohio",67006.0,75072.0,7708,OHIO,HANCOCK,10.267476555839728
"Hardin County, Ohio",55876.0,30622.0,5134,OHIO,HARDIN,16.765723989288748
"Harrison County, Ohio",54056.0,14528.0,2194,OHIO,HARRISON,15.101872246696036
"Henry County, Ohio",71616.0,27601.0,2581,OHIO,HENRY,9.351110467012065
"Highland County, Ohio",60522.0,43285.0,6342,OHIO,HIGHLAND,14.6517269261869
"Hocking County, Ohio",59007.0,28104.0,4598,OHIO,HOCKING,16.360660404212922
"Holmes County, Ohio",72987.0,44273.0,3888,OHIO,HOLMES,8.781876087005624
"Huron County, Ohio",64144.0,58518.0,6351,OHIO,HURON,10.853070849994873
"Jackson County, Ohio",56549.0,32563.0,5555,OHIO,JACKSON,17.059239013604397
"Jefferson County, Ohio",53124.0,65280.0,11465,OHIO,JEFFERSON,17.56280637254902
"Knox County, Ohio",71246.0,62657.0,7645,OHIO,KNOX,12.201350208276809
"Lake County, Ohio",76835.0,232236.0,17476,OHIO,LAKE,7.525103773747395
"Lawrence County, Ohio",51846.0,57994.0,10232,OHIO,LAWRENCE,17.64320446942787
"Licking County, Ohio",78505.0,178844.0,17152,OHIO,LICKING,9.590481089664737
"Logan County, Ohio",69125.0,46098.0,4981,OHIO,LOGAN,10.805241008286695
"Lorain County, Ohio",67272.0,313101.0,41092,OHIO,LORAIN,13.124199539445739
"Lucas County, Ohio",57265.0,430014.0,75081,OHIO,LUCAS,17.460129205095647
"Madison County, Ohio",77062.0,43961.0,4009,OHIO,MADISON,9.119446782375288
"Mahoning County, Ohio",54279.0,227979.0,39017,OHIO,MAHONING,17.11429561494699
"Marion County, Ohio",55106.0,65366.0,9641,OHIO,MARION,14.7492580240492
"Medina County, Ohio",89968.0,182347.0,10758,OHIO,MEDINA,5.899740604451951
"Meigs County, Ohio",46255.0,22242.0,4287,OHIO,MEIGS,19.274345832209335
"Mercer County, Ohio",73278.0,42321.0,2637,OHIO,MERCER,6.2309491741688525
"Miami County, Ohio",71440.0,108818.0,9102,OHIO,MIAMI,8.36442500321638
"Monroe County, Ohio",55381.0,13401.0,1841,OHIO,MONROE,13.737780762629653
"Montgomery County, Ohio",61942.0,536121.0,78373,OHIO,MONTGOMERY,14.618528279996493
"Morgan County, Ohio",51056.0,13851.0,2264,OHIO,MORGAN,16.345390224532526
"Morrow County, Ohio",70412.0,35049.0,3659,OHIO,MORROW,10.43967017603926
"Muskingum County, Ohio",56810.0,86393.0,13133,OHIO,MUSKINGUM,15.201463081499659
"Noble County, Ohio",51547.0,14216.0,2001,OHIO,NOBLE,14.07568936409679
"Ottawa County, Ohio",69515.0,40367.0,3481,OHIO,OTTAWA,8.62338048405876
"Paulding County, Ohio",65331.0,18827.0,1759,OHIO,PAULDING,9.34296489084825
"Perry County, Ohio",62899.0,35451.0,5369,OHIO,PERRY,15.144847818115146
"Pickaway County, Ohio",67600.0,58809.0,6813,OHIO,PICKAWAY,11.584961485486915
"Pike County, Ohio",50832.0,27151.0,5297,OHIO,PIKE,19.5094103347943
"Portage County, Ohio",69796.0,161217.0,17374,OHIO,PORTAGE,10.776779123789675
"Preble County, Ohio",66355.0,40929.0,4191,OHIO,PREBLE,10.239683354101004
"Putnam County, Ohio",79453.0,34400.0,2232,OHIO,PUTNAM,6.488372093023257
"Richland County, Ohio",56557.0,125008.0,16356,OHIO,RICHLAND,13.083962626391909
"Ross County, Ohio",58048.0,76957.0,11548,OHIO,ROSS,15.005782449939575
"Sandusky County, Ohio",60814.0,58885.0,7498,OHIO,SANDUSKY,12.733293708075061
"Scioto County, Ohio",46360.0,73716.0,16750,OHIO,SCIOTO,22.722339790547508
"Seneca County, Ohio",62476.0,55062.0,6063,OHIO,SENECA,11.011223711452544
"Shelby County, Ohio",73502.0,48145.0,5189,OHIO,SHELBY,10.777858552289958
"Stark County, Ohio",63130.0,374199.0,48133,OHIO,STARK,12.862941910587683
"Summit County, Ohio",68360.0,539361.0,65839,OHIO,SUMMIT,12.206852182490021
"Trumbull County, Ohio",53537.0,201749.0,33912,OHIO,TRUMBULL,16.80900524909665
"Tuscarawas County, Ohio",61953.0,92840.0,11413,OHIO,TUSCARAWAS,12.29319258940112
"Union County, Ohio",104496.0,63411.0,3131,OHIO,UNION,4.9376291179763765
"Van Wert County, Ohio",64841.0,28833.0,2378,OHIO,VAN WERT,8.247494190684284
"Vinton County, Ohio",50967.0,12790.0,2419,OHIO,VINTON,18.913213448006257
"Warren County, Ohio",103128.0,243189.0,12120,OHIO,WARREN,4.983778049171632
"Washington County, Ohio",59053.0,59639.0,8198,OHIO,WASHINGTON,13.74603866597361
"Wayne County, Ohio",70320.0,116680.0,9869,OHIO,WAYNE,8.458176208433322
"Williams County, Ohio",60632.0,36973.0,3996,OHIO,WILLIAMS,10.807886836340032
"Wood County, Ohio",70537.0,131564.0,16241,OHIO,WOOD,12.344562342282083
"Wyandot County, Ohio",68552.0,21818.0,1484,OHIO,WYANDOT,6.801723347694565
"Adair County, Oklahoma",44955.0,19726.0,4339,OKLAHOMA,ADAIR,21.996349994930547
"Alfalfa County, Oklahoma",75028.0,5683.0,534,OKLAHOMA,ALFALFA,9.39644553932782
"Atoka County, Oklahoma",49181.0,14117.0,2311,OKLAHOMA,ATOKA,16.370333640291847
"Beaver County, Oklahoma",62981.0,5071.0,351,OKLAHOMA,BEAVER,6.9217116939459675
"Beckham County, Oklahoma",51499.0,22295.0,4110,OKLAHOMA,BECKHAM,18.434626597891903
"Blaine County, Oklahoma",56843.0,8661.0,1013,OKLAHOMA,BLAINE,11.696108994342454
"Bryan County, Oklahoma",54289.0,46528.0,7399,OKLAHOMA,BRYAN,15.90225240715268
"Caddo County, Oklahoma",52443.0,26910.0,4723,OKLAHOMA,CADDO,17.551096246748422
"Canadian County, Oklahoma",82364.0,156681.0,12250,OKLAHOMA,CANADIAN,7.81843363266765
"Carter County, Oklahoma",56390.0,48202.0,7257,OKLAHOMA,CARTER,15.055391892452597
"Cherokee County, Oklahoma",52410.0,47412.0,9468,OKLAHOMA,CHEROKEE,19.96962794229309
"Choctaw County, Oklahoma",43252.0,14285.0,3195,OKLAHOMA,CHOCTAW,22.366118305915293
"Cimarron County, Oklahoma",57100.0,2272.0,246,OKLAHOMA,CIMARRON,10.827464788732394
"Cleveland County, Oklahoma",71757.0,295060.0,36252,OKLAHOMA,CLEVELAND,12.286314647868231
"Coal County, Oklahoma",47117.0,5287.0,1196,OKLAHOMA,COAL,22.62152449404199
"Comanche County, Oklahoma",57150.0,121777.0,18561,OKLAHOMA,COMANCHE,15.241794427519153
"Cotton County, Oklahoma",60208.0,5537.0,1179,OKLAHOMA,COTTON,21.29311901751851
"Craig County, Oklahoma",48018.0,14144.0,2538,OKLAHOMA,CRAIG,17.94400452488688
"Creek County, Oklahoma",61657.0,72076.0,9590,OKLAHOMA,CREEK,13.305399855707863
"Custer County, Oklahoma",58669.0,28391.0,4290,OKLAHOMA,CUSTER,15.110422316931421
"Delaware County, Oklahoma",53290.0,40791.0,7647,OKLAHOMA,DELAWARE,18.746782378465838
"Dewey County, Oklahoma",61310.0,4504.0,628,OKLAHOMA,DEWEY,13.943161634103019
"Ellis County, Oklahoma",57768.0,3755.0,541,OKLAHOMA,ELLIS,14.40745672436751
"Garfield County, Oklahoma",64165.0,62456.0,8463,OKLAHOMA,GARFIELD,13.55033943896503
"Garvin County, Oklahoma",53600.0,25806.0,3725,OKLAHOMA,GARVIN,14.434627605983104
"Grady County, Oklahoma",74349.0,55314.0,5954,OKLAHOMA,GRADY,10.764001880175
"Grant County, Oklahoma",58980.0,4152.0,533,OKLAHOMA,GRANT,12.83718689788054
"Greer County, Oklahoma",55204.0,5531.0,750,OKLAHOMA,GREER,13.559934912312421
"Harmon County, Oklahoma",55729.0,2499.0,425,OKLAHOMA,HARMON,17.006802721088434
"Harper County, Oklahoma",59934.0,3272.0,443,OKLAHOMA,HARPER,13.539119804400979
"Haskell County, Oklahoma",46239.0,11651.0,2467,OKLAHOMA,HASKELL,21.174148141790404
"Hughes County, Oklahoma",44799.0,13409.0,2484,OKLAHOMA,HUGHES,18.524871355060036
"Jackson County, Oklahoma",60954.0,24776.0,3491,OKLAHOMA,JACKSON,14.09024862770423
"Jefferson County, Oklahoma",48346.0,5420.0,1221,OKLAHOMA,JEFFERSON,22.527675276752767
"Johnston County, Oklahoma",48476.0,10410.0,2275,OKLAHOMA,JOHNSTON,21.853986551392893
"Kay County, Oklahoma",53746.0,43859.0,6998,OKLAHOMA,KAY,15.955676144006931
"Kingfisher County, Oklahoma",65167.0,15290.0,1838,OKLAHOMA,KINGFISHER,12.020928711576193
"Kiowa County, Oklahoma",42679.0,8446.0,1915,OKLAHOMA,KIOWA,22.673454889888706
"Latimer County, Oklahoma",42735.0,9537.0,1522,OKLAHOMA,LATIMER,15.95889692775506
"Le Flore County, Oklahoma",46750.0,48525.0,9567,OKLAHOMA,LE FLORE,19.715610510046368
"Lincoln County, Oklahoma",57656.0,33734.0,4746,OKLAHOMA,LINCOLN,14.068891919132032
"Logan County, Oklahoma",80565.0,49919.0,6551,OKLAHOMA,LOGAN,13.123259680682706
"Love County, Oklahoma",60758.0,10158.0,1430,OKLAHOMA,LOVE,14.077574325654657
"McClain County, Oklahoma",80150.0,42393.0,2987,OKLAHOMA,MCCLAIN,7.045974571273559
"McCurtain County, Oklahoma",47046.0,31003.0,6460,OKLAHOMA,MCCURTAIN,20.83669322323646
"McIntosh County, Oklahoma",43467.0,19159.0,4154,OKLAHOMA,MCINTOSH,21.68171616472676
"Major County, Oklahoma",67621.0,7678.0,873,OKLAHOMA,MAJOR,11.370148476165669
"Marshall County, Oklahoma",53734.0,15494.0,2874,OKLAHOMA,MARSHALL,18.54911578675616
"Mayes County, Oklahoma",56552.0,39324.0,6599,OKLAHOMA,MAYES,16.781100600142405
"Murray County, Oklahoma",60213.0,13837.0,1949,OKLAHOMA,MURRAY,14.08542314085423
"Muskogee County, Oklahoma",50289.0,66606.0,11317,OKLAHOMA,MUSKOGEE,16.990961775215446
"Noble County, Oklahoma",66813.0,10981.0,1155,OKLAHOMA,NOBLE,10.518167744285584
"Nowata County, Oklahoma",50960.0,9460.0,1480,OKLAHOMA,NOWATA,15.644820295983086
"Okfuskee County, Oklahoma",45429.0,11349.0,2746,OKLAHOMA,OKFUSKEE,24.19596440214997
"Oklahoma County, Oklahoma",62505.0,795822.0,123243,OKLAHOMA,OKLAHOMA,15.48625195081312
"Okmulgee County, Oklahoma",50819.0,36900.0,6359,OKLAHOMA,OKMULGEE,17.233062330623305
"Osage County, Oklahoma",58189.0,46004.0,5548,OKLAHOMA,OSAGE,12.059820885140422
"Ottawa County, Oklahoma",46186.0,30472.0,5977,OKLAHOMA,OTTAWA,19.614728275137832
"Pawnee County, Oklahoma",56279.0,15682.0,2319,OKLAHOMA,PAWNEE,14.787654635888279
"Payne County, Oklahoma",46658.0,82058.0,17559,OKLAHOMA,PAYNE,21.398279265885105
"Pittsburg County, Oklahoma",53054.0,43758.0,7869,OKLAHOMA,PITTSBURG,17.9829973947621
"Pontotoc County, Oklahoma",59457.0,38116.0,4897,OKLAHOMA,PONTOTOC,12.847623045440235
"Pottawatomie County, Oklahoma",58270.0,72734.0,10955,OKLAHOMA,POTTAWATOMIE,15.061731789809443
"Pushmataha County, Oklahoma",42274.0,10845.0,2314,OKLAHOMA,PUSHMATAHA,21.337021668971875
"Roger Mills County, Oklahoma",57574.0,3423.0,461,OKLAHOMA,ROGER MILLS,13.467718375693835
"Rogers County, Oklahoma",75312.0,95870.0,8980,OKLAHOMA,ROGERS,9.366850943986648
"Seminole County, Oklahoma",43239.0,23592.0,5160,OKLAHOMA,SEMINOLE,21.871820956256357
"Sequoyah County, Oklahoma",47494.0,39538.0,7632,OKLAHOMA,SEQUOYAH,19.302949061662197
"Stephens County, Oklahoma",57065.0,43140.0,7159,OKLAHOMA,STEPHENS,16.594807603152525
"Texas County, Oklahoma",55682.0,21144.0,4234,OKLAHOMA,TEXAS,20.02459326522891
"Tillman County, Oklahoma",46306.0,7013.0,1146,OKLAHOMA,TILLMAN,16.34108084985028
"Tulsa County, Oklahoma",65229.0,668923.0,94860,OKLAHOMA,TULSA,14.18100439063988
"Wagoner County, Oklahoma",75082.0,82269.0,7504,OKLAHOMA,WAGONER,9.121297207939808
"Washington County, Oklahoma",59426.0,52579.0,7156,OKLAHOMA,WASHINGTON,13.609996386390003
"Washita County, Oklahoma",60600.0,10930.0,1325,OKLAHOMA,WASHITA,12.12259835315645
"Woods County, Oklahoma",50724.0,8661.0,1435,OKLAHOMA,WOODS,16.56852557441404
"Woodward County, Oklahoma",61207.0,20411.0,2889,OKLAHOMA,WOODWARD,14.154132575571996
"Baker County, Oregon",51657.0,16685.0,2225,OREGON,BAKER,13.335331135750675
"Benton County, Oregon",72882.0,95615.0,17101,OREGON,BENTON,17.885269047743556
"Clackamas County, Oregon",95740.0,420925.0,31670,OREGON,CLACKAMAS,7.523905683910435
"Clatsop County, Oregon",68025.0,41190.0,4176,OREGON,CLATSOP,10.138383102694828
"Columbia County, Oregon",83265.0,52865.0,4760,OREGON,COLUMBIA,9.004066963019012
"Coos County, Oregon",57563.0,64908.0,10275,OREGON,COOS,15.83009798484008
"Crook County, Oregon",74969.0,24987.0,1965,OREGON,CROOK,7.864089326449754
"Curry County, Oregon",64300.0,23404.0,2886,OREGON,CURRY,12.331225431550163
"Deschutes County, Oregon",82042.0,199352.0,18052,OREGON,DESCHUTES,9.055339299329829
"Douglas County, Oregon",56440.0,111322.0,16359,OREGON,DOUGLAS,14.695208494277862
"Gilliam County, Oregon",58409.0,1983.0,251,OREGON,GILLIAM,12.657589510842158
"Grant County, Oregon",56045.0,7237.0,1164,OREGON,GRANT,16.084012712449912
"Harney County, Oregon",45462.0,7496.0,890,OREGON,HARNEY,11.87299893276414
"Hood River County, Oregon",80254.0,23965.0,1558,OREGON,HOOD RIVER,6.501147506780722
"Jackson County, Oregon",67690.0,222604.0,29130,OREGON,JACKSON,13.086018220696843
"Jefferson County, Oregon",69345.0,24659.0,2984,OREGON,JEFFERSON,12.101058437081795
"Josephine County, Oregon",56068.0,87994.0,13981,OREGON,JOSEPHINE,15.88858331249858
"Klamath County, Oregon",57219.0,69506.0,12201,OREGON,KLAMATH,17.553880240554772
"Lake County, Oregon",54663.0,8201.0,1505,OREGON,LAKE,18.35142055846848
"Lane County, Oregon",65157.0,382218.0,60298,OREGON,LANE,15.775813802594332
"Lincoln County, Oregon",57794.0,50334.0,7315,OREGON,LINCOLN,14.532920093773594
"Linn County, Oregon",69523.0,128598.0,15074,OREGON,LINN,11.721799716947388
"Malheur County, Oregon",48371.0,31538.0,5276,OREGON,MALHEUR,16.72902530280931
"Marion County, Oregon",70926.0,345815.0,43663,OREGON,MARION,12.626115119355724
"Morrow County, Oregon",64975.0,12140.0,2020,OREGON,MORROW,16.639209225700164
"Multnomah County, Oregon",83668.0,808098.0,96850,OREGON,MULTNOMAH,11.984932520560625
"Polk County, Oregon",77353.0,87600.0,10140,OREGON,POLK,11.575342465753424
"Sherman County, Oregon",57171.0,1900.0,295,OREGON,SHERMAN,15.526315789473685
"Tillamook County, Oregon",63098.0,27345.0,3319,OREGON,TILLAMOOK,12.1375022856098
"Umatilla County, Oregon",70322.0,79904.0,8868,OREGON,UMATILLA,11.098317981577893
"Union County, Oregon",61946.0,26286.0,3925,OREGON,UNION,14.93190291409876
"Wallowa County, Oregon",62238.0,7439.0,676,OREGON,WALLOWA,9.087242908993144
"Wasco County, Oregon",61316.0,26639.0,3049,OREGON,WASCO,11.445624835767108
"Washington County, Oregon",100121.0,599541.0,48495,OREGON,WASHINGTON,8.088687846202344
"Wheeler County, Oregon",50774.0,1407.0,137,OREGON,WHEELER,9.737029140014215
"Yamhill County, Oregon",80125.0,107674.0,11625,OREGON,YAMHILL,10.796478258446793
"Adams County, Pennsylvania",78975.0,104604.0,7909,PENNSYLVANIA,ADAMS,7.56089633283622
"Allegheny County, Pennsylvania",72537.0,1245310.0,134587,PENNSYLVANIA,ALLEGHENY,10.807509776682112
"Armstrong County, Pennsylvania",61011.0,65538.0,6725,PENNSYLVANIA,ARMSTRONG,10.261222496872044
"Beaver County, Pennsylvania",67194.0,167629.0,17201,PENNSYLVANIA,BEAVER,10.261350959559504
"Bedford County, Pennsylvania",58337.0,47613.0,5071,PENNSYLVANIA,BEDFORD,10.650452607481151
"Berks County, Pennsylvania",74617.0,428483.0,49115,PENNSYLVANIA,BERKS,11.462531769055015
"Blair County, Pennsylvania",59386.0,122640.0,15739,PENNSYLVANIA,BLAIR,12.833496412263534
"Bradford County, Pennsylvania",60650.0,60159.0,7809,PENNSYLVANIA,BRADFORD,12.980601406273376
"Bucks County, Pennsylvania",107826.0,645163.0,35830,PENNSYLVANIA,BUCKS,5.5536352828665
"Butler County, Pennsylvania",82932.0,194562.0,14930,PENNSYLVANIA,BUTLER,7.673646446890965
"Cambria County, Pennsylvania",54221.0,133263.0,18240,PENNSYLVANIA,CAMBRIA,13.687220008554512
"Cameron County, Pennsylvania",46186.0,4536.0,674,PENNSYLVANIA,CAMERON,14.858906525573193
"Carbon County, Pennsylvania",64538.0,65018.0,7551,PENNSYLVANIA,CARBON,11.613706973453505
"Centre County, Pennsylvania",70087.0,158665.0,23717,PENNSYLVANIA,CENTRE,14.947846090820283
"Chester County, Pennsylvania",118574.0,536474.0,31170,PENNSYLVANIA,CHESTER,5.810160417839448
"Clarion County, Pennsylvania",58690.0,37489.0,4942,PENNSYLVANIA,CLARION,13.182533543172664
"Clearfield County, Pennsylvania",56982.0,79707.0,10274,PENNSYLVANIA,CLEARFIELD,12.889708557592181
"Clinton County, Pennsylvania",59011.0,37860.0,4771,PENNSYLVANIA,CLINTON,12.601690438457474
"Columbia County, Pennsylvania",59457.0,64924.0,9313,PENNSYLVANIA,COLUMBIA,14.344464296716161
"Crawford County, Pennsylvania",58734.0,83876.0,10204,PENNSYLVANIA,CRAWFORD,12.165577757642234
"Cumberland County, Pennsylvania",82849.0,261269.0,19199,PENNSYLVANIA,CUMBERLAND,7.348365094978739
"Dauphin County, Pennsylvania",71046.0,286108.0,34256,PENNSYLVANIA,DAUPHIN,11.973101066730047
"Delaware County, Pennsylvania",86390.0,575312.0,53557,PENNSYLVANIA,DELAWARE,9.309209611480378
"Elk County, Pennsylvania",61672.0,30886.0,2733,PENNSYLVANIA,ELK,8.848669300006476
"Erie County, Pennsylvania",59396.0,270495.0,39662,PENNSYLVANIA,ERIE,14.662747925100279
"Fayette County, Pennsylvania",55579.0,128417.0,20090,PENNSYLVANIA,FAYETTE,15.644346153546648
"Forest County, Pennsylvania",46188.0,6959.0,881,PENNSYLVANIA,FOREST,12.65986492312114
"Franklin County, Pennsylvania",71808.0,156084.0,13857,PENNSYLVANIA,FRANKLIN,8.877911893595757
"Fulton County, Pennsylvania",63153.0,14545.0,1550,PENNSYLVANIA,FULTON,10.656583018219319
"Greene County, Pennsylvania",66283.0,35781.0,4208,PENNSYLVANIA,GREENE,11.760431513931975
"Huntingdon County, Pennsylvania",61300.0,44123.0,4419,PENNSYLVANIA,HUNTINGDON,10.015184824241326
"Indiana County, Pennsylvania",57170.0,83394.0,10100,PENNSYLVANIA,INDIANA,12.111183058733243
"Jefferson County, Pennsylvania",56607.0,44326.0,6133,PENNSYLVANIA,JEFFERSON,13.83612326851058
"Juniata County, Pennsylvania",61915.0,23535.0,2082,PENNSYLVANIA,JUNIATA,8.846398980242192
"Lackawanna County, Pennsylvania",63739.0,215672.0,27010,PENNSYLVANIA,LACKAWANNA,12.523647019548203
"Lancaster County, Pennsylvania",81458.0,553202.0,44195,PENNSYLVANIA,LANCASTER,7.98894436390324
"Lawrence County, Pennsylvania",57585.0,85907.0,10322,PENNSYLVANIA,LAWRENCE,12.01531889135926
"Lebanon County, Pennsylvania",72532.0,143258.0,15214,PENNSYLVANIA,LEBANON,10.620000279216518
"Lehigh County, Pennsylvania",74973.0,374110.0,43587,PENNSYLVANIA,LEHIGH,11.650851353879874
"Luzerne County, Pennsylvania",60836.0,325396.0,46812,PENNSYLVANIA,LUZERNE,14.386163320999643
"Lycoming County, Pennsylvania",63437.0,114022.0,13417,PENNSYLVANIA,LYCOMING,11.76702741576187
"McKean County, Pennsylvania",57861.0,40459.0,5343,PENNSYLVANIA,MCKEAN,13.205961590746188
"Mercer County, Pennsylvania",57353.0,110600.0,14013,PENNSYLVANIA,MERCER,12.66998191681736
"Mifflin County, Pennsylvania",58012.0,46146.0,7571,PENNSYLVANIA,MIFFLIN,16.40662245915139
"Monroe County, Pennsylvania",80656.0,168128.0,18713,PENNSYLVANIA,MONROE,11.130210315949753
"Montgomery County, Pennsylvania",107441.0,856399.0,52365,PENNSYLVANIA,MONTGOMERY,6.114556415876245
"Montour County, Pennsylvania",72626.0,18165.0,1510,PENNSYLVANIA,MONTOUR,8.31268923754473
"Northampton County, Pennsylvania",82201.0,314299.0,27768,PENNSYLVANIA,NORTHAMPTON,8.834899251986165
"Northumberland County, Pennsylvania",55952.0,91340.0,10872,PENNSYLVANIA,NORTHUMBERLAND,11.902780818918327
"Perry County, Pennsylvania",76103.0,45941.0,3712,PENNSYLVANIA,PERRY,8.079928604079145
"Philadelphia County, Pennsylvania",57537.0,1593208.0,351811,PENNSYLVANIA,PHILADELPHIA,22.08192527278296
"Pike County, Pennsylvania",76416.0,58996.0,5854,PENNSYLVANIA,PIKE,9.92270662417791
"Potter County, Pennsylvania",56491.0,16390.0,1975,PENNSYLVANIA,POTTER,12.050030506406346
"Schuylkill County, Pennsylvania",63574.0,143201.0,16822,PENNSYLVANIA,SCHUYLKILL,11.747124670917103
"Snyder County, Pennsylvania",65914.0,39797.0,3101,PENNSYLVANIA,SNYDER,7.792044626479383
"Somerset County, Pennsylvania",57357.0,73802.0,7513,PENNSYLVANIA,SOMERSET,10.179940923010216
"Sullivan County, Pennsylvania",62910.0,5880.0,689,PENNSYLVANIA,SULLIVAN,11.717687074829932
"Susquehanna County, Pennsylvania",63968.0,38540.0,4254,PENNSYLVANIA,SUSQUEHANNA,11.037882719252725
"Tioga County, Pennsylvania",59707.0,41186.0,4926,PENNSYLVANIA,TIOGA,11.960374884669548
"Union County, Pennsylvania",64914.0,42908.0,3731,PENNSYLVANIA,UNION,8.69534818681831
"Venango County, Pennsylvania",59278.0,50475.0,6619,PENNSYLVANIA,VENANGO,13.113422486379395
"Warren County, Pennsylvania",57925.0,38492.0,4389,PENNSYLVANIA,WARREN,11.40236932349579
"Washington County, Pennsylvania",74403.0,209631.0,19392,PENNSYLVANIA,WASHINGTON,9.25054023498433
"Wayne County, Pennsylvania",59240.0,51227.0,5272,PENNSYLVANIA,WAYNE,10.29144786928768
"Westmoreland County, Pennsylvania",69454.0,354414.0,33778,PENNSYLVANIA,WESTMORELAND,9.530661881302658
"Wyoming County, Pennsylvania",67968.0,26219.0,2850,PENNSYLVANIA,WYOMING,10.869979785651626
"York County, Pennsylvania",79183.0,457051.0,38540,PENNSYLVANIA,YORK,8.432319369173243
"Bristol County, Rhode Island",105875.0,50658.0,3394,RHODE ISLAND,BRISTOL,6.699830234118995
"Kent County, Rhode Island",85732.0,170168.0,12655,RHODE ISLAND,KENT,7.436768370081332
"Newport County, Rhode Island",96319.0,85442.0,6373,RHODE ISLAND,NEWPORT,7.458860981718593
"Providence County, Rhode Island",72579.0,657984.0,85858,RHODE ISLAND,PROVIDENCE,13.04864555977045
"Washington County, Rhode Island",99510.0,129998.0,9753,RHODE ISLAND,WASHINGTON,7.502423114201758
"Abbeville County, South Carolina",49759.0,24368.0,3752,SOUTH CAROLINA,ABBEVILLE,15.397242284963886
"Aiken County, South Carolina",63212.0,169865.0,23653,SOUTH CAROLINA,AIKEN,13.924587172166131
"Allendale County, South Carolina",37096.0,8073.0,1955,SOUTH CAROLINA,ALLENDALE,24.216524216524217
"Anderson County, South Carolina",62347.0,204592.0,28770,SOUTH CAROLINA,ANDERSON,14.062133416751388
"Bamberg County, South Carolina",43920.0,13311.0,2785,SOUTH CAROLINA,BAMBERG,20.922545263316053
"Barnwell County, South Carolina",42470.0,20653.0,5116,SOUTH CAROLINA,BARNWELL,24.771219677528688
"Beaufort County, South Carolina",81260.0,189071.0,19003,SOUTH CAROLINA,BEAUFORT,10.05072168656219
"Berkeley County, South Carolina",77874.0,231419.0,24818,SOUTH CAROLINA,BERKELEY,10.724270695146034
"Calhoun County, South Carolina",55550.0,14145.0,2594,SOUTH CAROLINA,CALHOUN,18.338635560268646
"Charleston County, South Carolina",78795.0,409840.0,48952,SOUTH CAROLINA,CHARLESTON,11.944173335935975
"Cherokee County, South Carolina",47011.0,56200.0,9921,SOUTH CAROLINA,CHEROKEE,17.653024911032027
"Chester County, South Carolina",50022.0,32171.0,6053,SOUTH CAROLINA,CHESTER,18.815081906064467
"Chesterfield County, South Carolina",46326.0,43536.0,8738,SOUTH CAROLINA,CHESTERFIELD,20.0707460492466
"Clarendon County, South Carolina",48677.0,31163.0,5827,SOUTH CAROLINA,CLARENDON,18.698456502904083
"Colleton County, South Carolina",46795.0,38561.0,6259,SOUTH CAROLINA,COLLETON,16.23142553357019
"Darlington County, South Carolina",44317.0,63025.0,12494,SOUTH CAROLINA,DARLINGTON,19.823879412931376
"Dillon County, South Carolina",42454.0,28255.0,8819,SOUTH CAROLINA,DILLON,31.21217483631216
"Dorchester County, South Carolina",73686.0,162139.0,19665,SOUTH CAROLINA,DORCHESTER,12.128482351562548
"Edgefield County, South Carolina",60033.0,26181.0,4074,SOUTH CAROLINA,EDGEFIELD,15.560902944883695
"Fairfield County, South Carolina",44521.0,20942.0,3866,SOUTH CAROLINA,FAIRFIELD,18.460509979944607
"Florence County, South Carolina",56088.0,137015.0,23845,SOUTH CAROLINA,FLORENCE,17.403204028755976
"Georgetown County, South Carolina",59782.0,63594.0,10078,SOUTH CAROLINA,GEORGETOWN,15.847406988080637
"Greenville County, South Carolina",71328.0,528251.0,56304,SOUTH CAROLINA,GREENVILLE,10.658569505784182
"Greenwood County, South Carolina",47553.0,69309.0,11498,SOUTH CAROLINA,GREENWOOD,16.589476114213163
"Hampton County, South Carolina",40157.0,18890.0,3613,SOUTH CAROLINA,HAMPTON,19.126521969295922
"Horry County, South Carolina",59880.0,356578.0,45882,SOUTH CAROLINA,HORRY,12.867310938981092
"Jasper County, South Carolina",60452.0,29444.0,5064,SOUTH CAROLINA,JASPER,17.198750169813884
"Kershaw County, South Carolina",61343.0,65779.0,9446,SOUTH CAROLINA,KERSHAW,14.360206144818255
"Lancaster County, South Carolina",72186.0,97611.0,11546,SOUTH CAROLINA,LANCASTER,11.828584893096066
"Laurens County, South Carolina",52077.0,67456.0,12281,SOUTH CAROLINA,LAURENS,18.20594165085389
"Lee County, South Carolina",39099.0,16557.0,4247,SOUTH CAROLINA,LEE,25.650782146524133
"Lexington County, South Carolina",71280.0,295934.0,33967,SOUTH CAROLINA,LEXINGTON,11.477897098677408
"McCormick County, South Carolina",55569.0,9612.0,1435,SOUTH CAROLINA,MCCORMICK,14.929255097794425
"Marion County, South Carolina",35972.0,29212.0,7925,SOUTH CAROLINA,MARION,27.12926194714501
"Marlboro County, South Carolina",34275.0,26585.0,6733,SOUTH CAROLINA,MARLBORO,25.326311829979314
"Newberry County, South Carolina",56706.0,37918.0,5699,SOUTH CAROLINA,NEWBERRY,15.029801149849675
"Oconee County, South Carolina",56710.0,78775.0,12239,SOUTH CAROLINA,OCONEE,15.53665503014916
"Orangeburg County, South Carolina",41020.0,84159.0,20224,SOUTH CAROLINA,ORANGEBURG,24.0307037868796
"Pickens County, South Carolina",57628.0,131106.0,20880,SOUTH CAROLINA,PICKENS,15.926044574619011
"Richland County, South Carolina",59850.0,416161.0,65215,SOUTH CAROLINA,RICHLAND,15.670617861837124
"Saluda County, South Carolina",51041.0,18952.0,3348,SOUTH CAROLINA,SALUDA,17.665681722245672
"Spartanburg County, South Carolina",61955.0,330119.0,46447,SOUTH CAROLINA,SPARTANBURG,14.069774838770261
"Sumter County, South Carolina",53970.0,105199.0,16820,SOUTH CAROLINA,SUMTER,15.98874514016293
"Union County, South Carolina",42305.0,27158.0,5624,SOUTH CAROLINA,UNION,20.708446866485016
"Williamsburg County, South Carolina",40848.0,30879.0,6901,SOUTH CAROLINA,WILLIAMSBURG,22.34852164901713
"York County, South Carolina",80158.0,282987.0,23474,SOUTH CAROLINA,YORK,8.295080692752672
"Aurora County, South Dakota",71490.0,2590.0,128,SOUTH DAKOTA,AURORA,4.942084942084942
"Beadle County, South Dakota",63813.0,19089.0,1811,SOUTH DAKOTA,BEADLE,9.487139190109486
"Bennett County, South Dakota",44821.0,3391.0,991,SOUTH DAKOTA,BENNETT,29.2244175759363
"Bon Homme County, South Dakota",57554.0,7018.0,630,SOUTH DAKOTA,BON HOMME,8.976916500427471
"Brookings County, South Dakota",64438.0,34631.0,3922,SOUTH DAKOTA,BROOKINGS,11.325113337760966
"Brown County, South Dakota",70379.0,38278.0,3923,SOUTH DAKOTA,BROWN,10.248706828987931
"Brule County, South Dakota",64821.0,5247.0,707,SOUTH DAKOTA,BRULE,13.474366304554982
"Buffalo County, South Dakota",42917.0,1859.0,673,SOUTH DAKOTA,BUFFALO,36.20225927918236
"Butte County, South Dakota",58106.0,10369.0,841,SOUTH DAKOTA,BUTTE,8.110714630147555
"Campbell County, South Dakota",66932.0,1534.0,86,SOUTH DAKOTA,CAMPBELL,5.60625814863103
"Charles Mix County, South Dakota",60729.0,9302.0,2049,SOUTH DAKOTA,CHARLES MIX,22.027520963233712
"Clark County, South Dakota",59340.0,3837.0,351,SOUTH DAKOTA,CLARK,9.147771696638
"Clay County, South Dakota",55963.0,14953.0,2670,SOUTH DAKOTA,CLAY,17.855948639069084
"Codington County, South Dakota",65747.0,28402.0,3060,SOUTH DAKOTA,CODINGTON,10.773889162735019
"Corson County, South Dakota",48125.0,3906.0,1687,SOUTH DAKOTA,CORSON,43.18996415770609
"Custer County, South Dakota",75943.0,8515.0,693,SOUTH DAKOTA,CUSTER,8.138578978273635
"Davison County, South Dakota",55606.0,19966.0,2906,SOUTH DAKOTA,DAVISON,14.554743063207454
"Day County, South Dakota",57558.0,5485.0,789,SOUTH DAKOTA,DAY,14.384685505925251
"Deuel County, South Dakota",76997.0,4298.0,244,SOUTH DAKOTA,DEUEL,5.677059097254538
"Dewey County, South Dakota",55077.0,5275.0,1609,SOUTH DAKOTA,DEWEY,30.502369668246445
"Douglas County, South Dakota",75048.0,2823.0,394,SOUTH DAKOTA,DOUGLAS,13.956783563584837
"Edmunds County, South Dakota",76806.0,4014.0,282,SOUTH DAKOTA,EDMUNDS,7.025411061285501
"Fall River County, South Dakota",54886.0,7079.0,1315,SOUTH DAKOTA,FALL RIVER,18.57607006639356
"Faulk County, South Dakota",56734.0,2140.0,494,SOUTH DAKOTA,FAULK,23.08411214953271
"Grant County, South Dakota",70851.0,7533.0,724,SOUTH DAKOTA,GRANT,9.611044736492765
"Gregory County, South Dakota",48272.0,3983.0,503,SOUTH DAKOTA,GREGORY,12.628671855385388
"Haakon County, South Dakota",53109.0,1755.0,183,SOUTH DAKOTA,HAAKON,10.427350427350428
"Hamlin County, South Dakota",76995.0,6196.0,445,SOUTH DAKOTA,HAMLIN,7.182052937378954
"Hand County, South Dakota",72857.0,3075.0,232,SOUTH DAKOTA,HAND,7.544715447154473
"Hanson County, South Dakota",86827.0,3443.0,207,SOUTH DAKOTA,HANSON,6.012198663955853
"Harding County, South Dakota",71484.0,1176.0,75,SOUTH DAKOTA,HARDING,6.377551020408164
"Hughes County, South Dakota",83750.0,17812.0,1676,SOUTH DAKOTA,HUGHES,9.409386930159442
"Hutchinson County, South Dakota",69139.0,7401.0,701,SOUTH DAKOTA,HUTCHINSON,9.471693014457506
"Hyde County, South Dakota",69712.0,1319.0,85,SOUTH DAKOTA,HYDE,6.444275966641396
"Jackson County, South Dakota",26078.0,2838.0,1058,SOUTH DAKOTA,JACKSON,37.279774489076814
"Jerauld County, South Dakota",66607.0,1836.0,163,SOUTH DAKOTA,JERAULD,8.877995642701524
"Jones County, South Dakota",61250.0,1006.0,149,SOUTH DAKOTA,JONES,14.81113320079523
"Kingsbury County, South Dakota",65964.0,5172.0,470,SOUTH DAKOTA,KINGSBURY,9.08739365815932
"Lake County, South Dakota",74884.0,11207.0,1035,SOUTH DAKOTA,LAKE,9.235299366467387
"Lawrence County, South Dakota",62977.0,26047.0,2794,SOUTH DAKOTA,LAWRENCE,10.726763158905056
"Lincoln County, South Dakota",92317.0,65801.0,4201,SOUTH DAKOTA,LINCOLN,6.3844014528654585
"Lyman County, South Dakota",60284.0,3719.0,919,SOUTH DAKOTA,LYMAN,24.710943802097336
"McCook County, South Dakota",74873.0,5714.0,464,SOUTH DAKOTA,MCCOOK,8.120406020301015
"McPherson County, South Dakota",58529.0,2251.0,279,SOUTH DAKOTA,MCPHERSON,12.394491337183473
"Marshall County, South Dakota",74018.0,4363.0,319,SOUTH DAKOTA,MARSHALL,7.31148292459317
"Meade County, South Dakota",70256.0,29970.0,2156,SOUTH DAKOTA,MEADE,7.19386052719386
"Mellette County, South Dakota",41397.0,1989.0,935,SOUTH DAKOTA,MELLETTE,47.008547008547005
"Miner County, South Dakota",62037.0,2312.0,236,SOUTH DAKOTA,MINER,10.207612456747404
"Minnehaha County, South Dakota",73110.0,197742.0,16775,SOUTH DAKOTA,MINNEHAHA,8.483276188164377
"Moody County, South Dakota",71469.0,6346.0,599,SOUTH DAKOTA,MOODY,9.439016703435236
"Oglala Lakota County, South Dakota",32279.0,13695.0,7546,SOUTH DAKOTA,OGLALA LAKOTA,55.1004016064257
"Pennington County, South Dakota",67823.0,110386.0,13138,SOUTH DAKOTA,PENNINGTON,11.901871614153968
"Perkins County, South Dakota",64410.0,2970.0,349,SOUTH DAKOTA,PERKINS,11.75084175084175
"Potter County, South Dakota",71786.0,2587.0,174,SOUTH DAKOTA,POTTER,6.725937379203711
"Roberts County, South Dakota",59022.0,10242.0,2085,SOUTH DAKOTA,ROBERTS,20.35735207967194
"Sanborn County, South Dakota",65806.0,2373.0,201,SOUTH DAKOTA,SANBORN,8.470290771175728
"Spink County, South Dakota",65795.0,6355.0,663,SOUTH DAKOTA,SPINK,10.43273013375295
"Stanley County, South Dakota",82298.0,2979.0,96,SOUTH DAKOTA,STANLEY,3.2225579053373616
"Sully County, South Dakota",66875.0,1318.0,111,SOUTH DAKOTA,SULLY,8.42185128983308
"Todd County, South Dakota",33792.0,9353.0,4794,SOUTH DAKOTA,TODD,51.256281407035175
"Tripp County, South Dakota",56758.0,5607.0,1174,SOUTH DAKOTA,TRIPP,20.938113072944535
"Turner County, South Dakota",72312.0,8687.0,780,SOUTH DAKOTA,TURNER,8.978934039369173
"Union County, South Dakota",82036.0,16700.0,1360,SOUTH DAKOTA,UNION,8.1437125748503
"Walworth County, South Dakota",57697.0,5317.0,688,SOUTH DAKOTA,WALWORTH,12.939627609554261
"Yankton County, South Dakota",68847.0,23311.0,1730,SOUTH DAKOTA,YANKTON,7.421389043799065
"Ziebach County, South Dakota",46023.0,2455.0,1015,SOUTH DAKOTA,ZIEBACH,41.34419551934827
"Anderson County, Tennessee",60633.0,77337.0,11660,TENNESSEE,ANDERSON,15.076871355237467
"Bedford County, Tennessee",59955.0,50533.0,6175,TENNESSEE,BEDFORD,12.219737597213703
"Benton County, Tennessee",47737.0,15933.0,2835,TENNESSEE,BENTON,17.79325927320655
"Bledsoe County, Tennessee",51783.0,14816.0,3549,TENNESSEE,BLEDSOE,23.953833693304535
"Blount County, Tennessee",70935.0,135951.0,11500,TENNESSEE,BLOUNT,8.458930055681826
"Bradley County, Tennessee",60692.0,108859.0,14128,TENNESSEE,BRADLEY,12.978256276467725
"Campbell County, Tennessee",48258.0,39397.0,7473,TENNESSEE,CAMPBELL,18.968449374317842
"Cannon County, Tennessee",57651.0,14481.0,2168,TENNESSEE,CANNON,14.971341758165874
"Carroll County, Tennessee",49700.0,28381.0,4502,TENNESSEE,CARROLL,15.862725062541841
"Carter County, Tennessee",47994.0,56315.0,9896,TENNESSEE,CARTER,17.572582793216725
"Cheatham County, Tennessee",77014.0,41184.0,3802,TENNESSEE,CHEATHAM,9.231740481740482
"Chester County, Tennessee",57471.0,17392.0,2535,TENNESSEE,CHESTER,14.575666973321066
"Claiborne County, Tennessee",42406.0,32092.0,5621,TENNESSEE,CLAIBORNE,17.515268602767044
"Clay County, Tennessee",39572.0,7592.0,1668,TENNESSEE,CLAY,21.97049525816649
"Cocke County, Tennessee",45110.0,36186.0,7158,TENNESSEE,COCKE,19.78113082407561
"Coffee County, Tennessee",57424.0,58080.0,9700,TENNESSEE,COFFEE,16.701101928374655
"Crockett County, Tennessee",59136.0,13955.0,2147,TENNESSEE,CROCKETT,15.385166606950914
"Cumberland County, Tennessee",56002.0,61552.0,7697,TENNESSEE,CUMBERLAND,12.504873927735899
"Davidson County, Tennessee",71863.0,709786.0,98696,TENNESSEE,DAVIDSON,13.905036165830264
"Decatur County, Tennessee",48466.0,11483.0,2168,TENNESSEE,DECATUR,18.880083601846206
"DeKalb County, Tennessee",46907.0,20209.0,3999,TENNESSEE,DEKALB,19.788213172348954
"Dickson County, Tennessee",68492.0,54563.0,5849,TENNESSEE,DICKSON,10.719718490552205
"Dyer County, Tennessee",53150.0,36818.0,5916,TENNESSEE,DYER,16.06822749741974
"Fayette County, Tennessee",81074.0,42228.0,4041,TENNESSEE,FAYETTE,9.569479965899404
"Fentress County, Tennessee",47884.0,18642.0,3672,TENNESSEE,FENTRESS,19.69745735436112
"Franklin County, Tennessee",57933.0,42980.0,5865,TENNESSEE,FRANKLIN,13.645881805490925
"Gibson County, Tennessee",55455.0,50455.0,6864,TENNESSEE,GIBSON,13.604201763948073
"Giles County, Tennessee",56877.0,30317.0,3970,TENNESSEE,GILES,13.094963221954679
"Grainger County, Tennessee",47098.0,23648.0,4118,TENNESSEE,GRAINGER,17.413734776725303
"Greene County, Tennessee",51975.0,70399.0,10651,TENNESSEE,GREENE,15.129476270969757
"Grundy County, Tennessee",47948.0,13550.0,2422,TENNESSEE,GRUNDY,17.874538745387454
"Hamblen County, Tennessee",49656.0,64531.0,10874,TENNESSEE,HAMBLEN,16.85081588693806
"Hamilton County, Tennessee",69069.0,367193.0,43857,TENNESSEE,HAMILTON,11.943855138850685
"Hancock County, Tennessee",31809.0,6726.0,2107,TENNESSEE,HANCOCK,31.326196848052334
"Hardeman County, Tennessee",43566.0,25519.0,3515,TENNESSEE,HARDEMAN,13.774050707316118
"Hardin County, Tennessee",46902.0,26824.0,5095,TENNESSEE,HARDIN,18.99418431255592
"Hawkins County, Tennessee",53647.0,57107.0,9511,TENNESSEE,HAWKINS,16.65470082476754
"Haywood County, Tennessee",44890.0,17806.0,3849,TENNESSEE,HAYWOOD,21.616309109289002
"Henderson County, Tennessee",51576.0,27845.0,4923,TENNESSEE,HENDERSON,17.68001436523613
"Henry County, Tennessee",48025.0,32305.0,5731,TENNESSEE,HENRY,17.74028788113295
"Hickman County, Tennessee",54669.0,24996.0,3329,TENNESSEE,HICKMAN,13.31813090094415
"Houston County, Tennessee",51544.0,8253.0,1066,TENNESSEE,HOUSTON,12.916515206591543
"Humphreys County, Tennessee",54185.0,19032.0,2233,TENNESSEE,HUMPHREYS,11.73287095418243
"Jackson County, Tennessee",42357.0,11730.0,2266,TENNESSEE,JACKSON,19.317988064791134
"Jefferson County, Tennessee",60393.0,55017.0,5920,TENNESSEE,JEFFERSON,10.760310449497428
"Johnson County, Tennessee",47571.0,17982.0,3465,TENNESSEE,JOHNSON,19.26926926926927
"Knox County, Tennessee",68580.0,481406.0,58167,TENNESSEE,KNOX,12.082732662243512
"Lake County, Tennessee",32064.0,6898.0,1281,TENNESSEE,LAKE,18.570600173963467
"Lauderdale County, Tennessee",46702.0,25171.0,4118,TENNESSEE,LAUDERDALE,16.360096936951255
"Lawrence County, Tennessee",51038.0,44377.0,7021,TENNESSEE,LAWRENCE,15.821258760168554
"Lewis County, Tennessee",44613.0,12637.0,2339,TENNESSEE,LEWIS,18.509139827490703
"Lincoln County, Tennessee",61374.0,35365.0,4147,TENNESSEE,LINCOLN,11.726283048211508
"Loudon County, Tennessee",75008.0,55507.0,6519,TENNESSEE,LOUDON,11.744464662114689
"McMinn County, Tennessee",57982.0,53532.0,7109,TENNESSEE,MCMINN,13.279907345139355
"McNairy County, Tennessee",46920.0,25895.0,4263,TENNESSEE,MCNAIRY,16.462637574821397
"Macon County, Tennessee",51215.0,25365.0,4123,TENNESSEE,MACON,16.254681647940075
"Madison County, Tennessee",55280.0,98644.0,17188,TENNESSEE,MADISON,17.42427314383034
"Marion County, Tennessee",58139.0,28852.0,4642,TENNESSEE,MARION,16.089005961458476
"Marshall County, Tennessee",65325.0,34567.0,5302,TENNESSEE,MARSHALL,15.338328463563514
"Maury County, Tennessee",71500.0,102002.0,8938,TENNESSEE,MAURY,8.762573282876806
"Meigs County, Tennessee",59434.0,12839.0,1964,TENNESSEE,MEIGS,15.297141521925383
"Monroe County, Tennessee",52123.0,46489.0,7235,TENNESSEE,MONROE,15.562821312568564
"Montgomery County, Tennessee",67890.0,222305.0,25950,TENNESSEE,MONTGOMERY,11.673151750972762
"Moore County, Tennessee",69250.0,6558.0,640,TENNESSEE,MOORE,9.759072888075632
"Morgan County, Tennessee",51971.0,21124.0,3897,TENNESSEE,MORGAN,18.44821056618065
"Obion County, Tennessee",50638.0,30670.0,4867,TENNESSEE,OBION,15.8689272905119
"Overton County, Tennessee",46580.0,22576.0,3840,TENNESSEE,OVERTON,17.00921332388377
"Perry County, Tennessee",55978.0,8432.0,1172,TENNESSEE,PERRY,13.899430740037952
"Pickett County, Tennessee",44317.0,5042.0,1043,TENNESSEE,PICKETT,20.686235620785403
"Polk County, Tennessee",53775.0,17620.0,2222,TENNESSEE,POLK,12.61066969353008
"Putnam County, Tennessee",54371.0,80157.0,12497,TENNESSEE,PUTNAM,15.590653342814726
"Rhea County, Tennessee",55568.0,33031.0,5055,TENNESSEE,RHEA,15.303805516030398
"Roane County, Tennessee",66460.0,53777.0,6466,TENNESSEE,ROANE,12.023727615895272
"Robertson County, Tennessee",74440.0,73297.0,7470,TENNESSEE,ROBERTSON,10.191413018268141
"Rutherford County, Tennessee",78291.0,343727.0,33248,TENNESSEE,RUTHERFORD,9.672792652308372
"Scott County, Tennessee",39744.0,21917.0,5499,TENNESSEE,SCOTT,25.090112697905738
"Sequatchie County, Tennessee",53038.0,16065.0,3520,TENNESSEE,SEQUATCHIE,21.910986616868968
"Sevier County, Tennessee",60103.0,98455.0,12864,TENNESSEE,SEVIER,13.065867655273983
"Shelby County, Tennessee",59621.0,926440.0,164861,TENNESSEE,SHELBY,17.795108155951816
"Smith County, Tennessee",57677.0,20034.0,2950,TENNESSEE,SMITH,14.724967555156235
"Stewart County, Tennessee",57257.0,13724.0,1547,TENNESSEE,STEWART,11.272223841445642
"Sullivan County, Tennessee",54357.0,158722.0,23761,TENNESSEE,SULLIVAN,14.970199468252668
"Sumner County, Tennessee",81883.0,196845.0,18315,TENNESSEE,SUMNER,9.304274937133277
"Tipton County, Tennessee",70674.0,61116.0,6509,TENNESSEE,TIPTON,10.65023888997971
"Trousdale County, Tennessee",62018.0,11596.0,1044,TENNESSEE,TROUSDALE,9.003104518799585
"Unicoi County, Tennessee",49855.0,17845.0,2880,TENNESSEE,UNICOI,16.13897450266181
"Union County, Tennessee",57094.0,19860.0,3110,TENNESSEE,UNION,15.659617321248742
"Van Buren County, Tennessee",44730.0,6182.0,1012,TENNESSEE,VAN BUREN,16.370106761565836
"Warren County, Tennessee",52948.0,41163.0,6818,TENNESSEE,WARREN,16.563418604086195
"Washington County, Tennessee",58507.0,133282.0,20237,TENNESSEE,WASHINGTON,15.183595684338469
"Wayne County, Tennessee",49360.0,16325.0,2837,TENNESSEE,WAYNE,17.37825421133231
"Weakley County, Tennessee",47769.0,32946.0,5796,TENNESSEE,WEAKLEY,17.59242396649062
"White County, Tennessee",48220.0,27420.0,4605,TENNESSEE,WHITE,16.794310722100654
"Williamson County, Tennessee",125943.0,248897.0,10337,TENNESSEE,WILLIAMSON,4.1531235812404335
"Wilson County, Tennessee",89462.0,149096.0,12172,TENNESSEE,WILSON,8.163867575253528
"Anderson County, Texas",57445.0,58077.0,7117,TEXAS,ANDERSON,12.254420855071716
"Andrews County, Texas",86458.0,18362.0,2177,TEXAS,ANDREWS,11.856006970918202
"Angelina County, Texas",57055.0,86608.0,13536,TEXAS,ANGELINA,15.629041197118049
"Aransas County, Texas",58168.0,24048.0,4241,TEXAS,ARANSAS,17.635562208915502
"Archer County, Texas",69954.0,8649.0,1054,TEXAS,ARCHER,12.186379928315413
"Armstrong County, Texas",70417.0,1912.0,109,TEXAS,ARMSTRONG,5.7008368200836825
"Atascosa County, Texas",67442.0,49403.0,6837,TEXAS,ATASCOSA,13.839240531951502
"Austin County, Texas",73556.0,30406.0,3593,TEXAS,AUSTIN,11.816746694731304
"Bailey County, Texas",69830.0,6902.0,851,TEXAS,BAILEY,12.329759490002898
"Bandera County, Texas",70965.0,21182.0,2968,TEXAS,BANDERA,14.011896893588895
"Bastrop County, Texas",80151.0,98435.0,11454,TEXAS,BASTROP,11.636105043937624
"Baylor County, Texas",52716.0,3475.0,395,TEXAS,BAYLOR,11.366906474820144
"Bee County, Texas",50283.0,30977.0,4703,TEXAS,BEE,15.182231978564742
"Bell County, Texas",62858.0,372821.0,52988,TEXAS,BELL,14.212718704150248
"Bexar County, Texas",67275.0,2014059.0,299972,TEXAS,BEXAR,14.893903306705514
"Blanco County, Texas",79717.0,11608.0,1122,TEXAS,BLANCO,9.665747760165404
"Borden County, Texas",80625.0,686.0,11,TEXAS,BORDEN,1.6034985422740524
"Bosque County, Texas",63868.0,18404.0,2084,TEXAS,BOSQUE,11.323625298848077
"Bowie County, Texas",56628.0,92747.0,15117,TEXAS,BOWIE,16.299179488285333
"Brazoria County, Texas",91972.0,374600.0,27271,TEXAS,BRAZORIA,7.280032034169781
"Brazos County, Texas",57562.0,234548.0,52720,TEXAS,BRAZOS,22.477275440421575
"Brewster County, Texas",47747.0,9454.0,1445,TEXAS,BREWSTER,15.284535646287287
"Briscoe County, Texas",35446.0,1290.0,311,TEXAS,BRISCOE,24.108527131782946
"Brooks County, Texas",30566.0,7059.0,2176,TEXAS,BROOKS,30.825896019266185
"Brown County, Texas",53792.0,38159.0,4822,TEXAS,BROWN,12.636599491600933
"Burleson County, Texas",71745.0,17958.0,2205,TEXAS,BURLESON,12.278650183762112
"Burnet County, Texas",71482.0,49684.0,3806,TEXAS,BURNET,7.6604138153127765
"Caldwell County, Texas",66779.0,46141.0,6144,TEXAS,CALDWELL,13.315706204893695
"Calhoun County, Texas",62267.0,20127.0,1826,TEXAS,CALHOUN,9.072390321458737
"Callahan County, Texas",63906.0,13869.0,1203,TEXAS,CALLAHAN,8.674021198356046
"Cameron County, Texas",47435.0,421854.0,106182,TEXAS,CAMERON,25.170319589241775
"Camp County, Texas",53968.0,12543.0,2689,TEXAS,CAMP,21.43825241170374
"Carson County, Texas",83199.0,5801.0,432,TEXAS,CARSON,7.44699189794863
"Cass County, Texas",54303.0,28637.0,5220,TEXAS,CASS,18.22816635820791
"Castro County, Texas",59886.0,7381.0,908,TEXAS,CASTRO,12.30185611705731
"Chambers County, Texas",106103.0,47037.0,6406,TEXAS,CHAMBERS,13.619065841784128
"Cherokee County, Texas",56971.0,50824.0,7847,TEXAS,CHEROKEE,15.439556115221157
"Childress County, Texas",56063.0,6781.0,802,TEXAS,CHILDRESS,11.82716413508332
"Clay County, Texas",75227.0,10290.0,925,TEXAS,CLAY,8.989310009718173
"Cochran County, Texas",41597.0,2529.0,640,TEXAS,COCHRAN,25.306445235270857
"Coke County, Texas",40230.0,3305.0,524,TEXAS,COKE,15.854765506807865
"Coleman County, Texas",51034.0,7808.0,1321,TEXAS,COLEMAN,16.918545081967213
"Collin County, Texas",113255.0,1079153.0,67718,TEXAS,COLLIN,6.275106495557164
"Collingsworth County, Texas",52045.0,2865.0,623,TEXAS,COLLINGSWORTH,21.745200698080282
"Colorado County, Texas",63352.0,20582.0,1490,TEXAS,COLORADO,7.239335341560587
"Comal County, Texas",93744.0,165201.0,9998,TEXAS,COMAL,6.052021476867574
"Comanche County, Texas",57383.0,13651.0,1816,TEXAS,COMANCHE,13.303054721265841
"Concho County, Texas",55750.0,3235.0,385,TEXAS,CONCHO,11.901081916537867
"Cooke County, Texas",66374.0,41860.0,5479,TEXAS,COOKE,13.088867654085046
"Coryell County, Texas",63281.0,82927.0,7092,TEXAS,CORYELL,8.552100039794036
"Cottle County, Texas",47625.0,1647.0,397,TEXAS,COTTLE,24.104432301153615
"Crane County, Texas",71364.0,4636.0,172,TEXAS,CRANE,3.710094909404659
"Crockett County, Texas",64103.0,2949.0,269,TEXAS,CROCKETT,9.121736181756528
"Crosby County, Texas",50268.0,5157.0,1192,TEXAS,CROSBY,23.11421369012992
"Culberson County, Texas",35924.0,2181.0,480,TEXAS,CULBERSON,22.00825309491059
"Dallam County, Texas",71969.0,7165.0,600,TEXAS,DALLAM,8.37404047452896
"Dallas County, Texas",70732.0,2604053.0,359882,TEXAS,DALLAS,13.820072018503463
"Dawson County, Texas",45268.0,12342.0,2624,TEXAS,DAWSON,21.260735699238374
"Deaf Smith County, Texas",51942.0,18585.0,2899,TEXAS,DEAF SMITH,15.598601022329836
"Delta County, Texas",68491.0,5278.0,736,TEXAS,DELTA,13.94467601364153
"Denton County, Texas",104180.0,914870.0,66977,TEXAS,DENTON,7.320930842633381
"DeWitt County, Texas",61100.0,19826.0,2959,TEXAS,DEWITT,14.924846161605974
"Dickens County, Texas",46638.0,1570.0,183,TEXAS,DICKENS,11.656050955414013
"Dimmit County, Texas",27374.0,8672.0,3726,TEXAS,DIMMIT,42.965867158671585
"Donley County, Texas",51711.0,3298.0,334,TEXAS,DONLEY,10.127349909035779
"Duval County, Texas",50697.0,9960.0,2017,TEXAS,DUVAL,20.251004016064257
"Eastland County, Texas",52902.0,17812.0,2738,TEXAS,EASTLAND,15.37165955535594
"Ector County, Texas",70566.0,162300.0,25297,TEXAS,ECTOR,15.586568083795441
"Edwards County, Texas",40809.0,1380.0,315,TEXAS,EDWARDS,22.82608695652174
"Ellis County, Texas",93248.0,195509.0,15850,TEXAS,ELLIS,8.107043665509005
"El Paso County, Texas",55417.0,863832.0,165778,TEXAS,EL PASO,19.191000101871662
"Erath County, Texas",59654.0,42788.0,6667,TEXAS,ERATH,15.58147144059082
"Falls County, Texas",45172.0,17013.0,2400,TEXAS,FALLS,14.106859460412627
"Fannin County, Texas",65835.0,36052.0,4237,TEXAS,FANNIN,11.752468656385222
"Fayette County, Texas",72881.0,24564.0,2451,TEXAS,FAYETTE,9.978016609672693
"Fisher County, Texas",60461.0,3680.0,442,TEXAS,FISHER,12.01086956521739
"Floyd County, Texas",49321.0,5386.0,1016,TEXAS,FLOYD,18.863720757519495
"Foard County, Texas",41944.0,1075.0,226,TEXAS,FOARD,21.02325581395349
"Fort Bend County, Texas",109987.0,832607.0,57188,TEXAS,FORT BEND,6.868546625238558
"Franklin County, Texas",67915.0,10445.0,891,TEXAS,FRANKLIN,8.530397319291527
"Freestone County, Texas",55902.0,19599.0,2300,TEXAS,FREESTONE,11.735292616970254
"Frio County, Texas",56042.0,18151.0,3039,TEXAS,FRIO,16.74287918021046
"Gaines County, Texas",73299.0,21523.0,2708,TEXAS,GAINES,12.581889141848254
"Galveston County, Texas",83913.0,350801.0,37987,TEXAS,GALVESTON,10.828646440574571
"Garza County, Texas",56215.0,5735.0,663,TEXAS,GARZA,11.560592850915432
"Gillespie County, Texas",70162.0,26953.0,2413,TEXAS,GILLESPIE,8.952621229547733
"Glasscock County, Texas",112188.0,1068.0,56,TEXAS,GLASSCOCK,5.2434456928838955
"Goliad County, Texas",58125.0,7092.0,698,TEXAS,GOLIAD,9.842075578116187
"Gonzales County, Texas",64255.0,19736.0,2540,TEXAS,GONZALES,12.869882448317796
"Gray County, Texas",54563.0,21272.0,3316,TEXAS,GRAY,15.58856713050019
"Grayson County, Texas",66608.0,137008.0,15361,TEXAS,GRAYSON,11.211754058157188
"Gregg County, Texas",63811.0,124245.0,19907,TEXAS,GREGG,16.02237514588112
"Grimes County, Texas",63484.0,29442.0,3719,TEXAS,GRIMES,12.631614700088308
"Guadalupe County, Texas",88111.0,173828.0,14956,TEXAS,GUADALUPE,8.60390731067492
"Hale County, Texas",50721.0,32525.0,5596,TEXAS,HALE,17.20522674865488
"Hall County, Texas",43873.0,2847.0,519,TEXAS,HALL,18.229715489989463
"Hamilton County, Texas",54890.0,8244.0,1377,TEXAS,HAMILTON,16.70305676855895
"Hansford County, Texas",62350.0,5270.0,434,TEXAS,HANSFORD,8.235294117647058
"Hardeman County, Texas",60455.0,3541.0,390,TEXAS,HARDEMAN,11.013837898898617
"Hardin County, Texas",70164.0,56576.0,7506,TEXAS,HARDIN,13.267109728506787
"Harris County, Texas",70789.0,4726177.0,737681,TEXAS,HARRIS,15.608408233546903
"Harrison County, Texas",63427.0,69098.0,10946,TEXAS,HARRISON,15.84126892240007
"Hartley County, Texas",78065.0,5369.0,270,TEXAS,HARTLEY,5.028869435649097
"Haskell County, Texas",52786.0,5408.0,773,TEXAS,HASKELL,14.293639053254436
"Hays County, Texas",79990.0,245351.0,30750,TEXAS,HAYS,12.533064874404426
"Hemphill County, Texas",67798.0,3371.0,204,TEXAS,HEMPHILL,6.051616730940373
"Henderson County, Texas",59778.0,82627.0,11986,TEXAS,HENDERSON,14.506154162682899
"Hidalgo County, Texas",49371.0,873167.0,239276,TEXAS,HIDALGO,27.40323443281755
"Hill County, Texas",60669.0,36138.0,4681,TEXAS,HILL,12.953124135259284
"Hockley County, Texas",53283.0,21495.0,3129,TEXAS,HOCKLEY,14.556873691556177
"Hood County, Texas",80013.0,62459.0,5467,TEXAS,HOOD,8.752941929906017
"Hopkins County, Texas",63766.0,37008.0,4874,TEXAS,HOPKINS,13.170125378296586
"Houston County, Texas",51043.0,22107.0,3374,TEXAS,HOUSTON,15.262134165648888
"Howard County, Texas",67243.0,34488.0,4428,TEXAS,HOWARD,12.839248434237996
"Hudspeth County, Texas",35163.0,3329.0,620,TEXAS,HUDSPETH,18.62421147491739
"Hunt County, Texas",66885.0,101596.0,12082,TEXAS,HUNT,11.892200480333871
"Hutchinson County, Texas",62211.0,20595.0,2114,TEXAS,HUTCHINSON,10.264627336732216
"Irion County, Texas",54708.0,1561.0,116,TEXAS,IRION,7.431133888532991
"Jack County, Texas",58861.0,8588.0,1096,TEXAS,JACK,12.761993479273404
"Jackson County, Texas",67176.0,15010.0,1770,TEXAS,JACKSON,11.792138574283811
"Jasper County, Texas",48818.0,33032.0,7291,TEXAS,JASPER,22.072535722935335
"Jeff Davis County, Texas",38125.0,1992.0,480,TEXAS,JEFF DAVIS,24.096385542168676
"Jefferson County, Texas",57294.0,254942.0,43498,TEXAS,JEFFERSON,17.06191996610994
"Jim Hogg County, Texas",42292.0,4830.0,1364,TEXAS,JIM HOGG,28.240165631469978
"Jim Wells County, Texas",46626.0,39060.0,8731,TEXAS,JIM WELLS,22.35279057859703
"Johnson County, Texas",77058.0,182690.0,19045,TEXAS,JOHNSON,10.424763260167497
"Jones County, Texas",59361.0,19758.0,1924,TEXAS,JONES,9.737827715355806
"Karnes County, Texas",57798.0,14805.0,2355,TEXAS,KARNES,15.906788247213779
"Kaufman County, Texas",84075.0,149773.0,14486,TEXAS,KAUFMAN,9.671970248309107
"Kendall County, Texas",104196.0,45376.0,2280,TEXAS,KENDALL,5.024682651622003
"Kenedy County, Texas",45455.0,116.0,3,TEXAS,KENEDY,2.586206896551724
"Kent County, Texas",68553.0,635.0,46,TEXAS,KENT,7.244094488188976
"Kerr County, Texas",66713.0,52810.0,6395,TEXAS,KERR,12.109448967998485
"Kimble County, Texas",62386.0,4316.0,528,TEXAS,KIMBLE,12.233549582947173
"King County, Texas",59375.0,216.0,60,TEXAS,KING,27.77777777777778
"Kinney County, Texas",52386.0,3157.0,459,TEXAS,KINNEY,14.539119417168198
"Kleberg County, Texas",52487.0,30860.0,8885,TEXAS,KLEBERG,28.791315618924173
"Knox County, Texas",48750.0,3333.0,366,TEXAS,KNOX,10.981098109810981
"Lamar County, Texas",58246.0,50149.0,7892,TEXAS,LAMAR,15.737103431773317
"Lamb County, Texas",54519.0,13024.0,2233,TEXAS,LAMB,17.14527027027027
"Lampasas County, Texas",73269.0,21829.0,2052,TEXAS,LAMPASAS,9.40033899857987
"La Salle County, Texas",62798.0,6965.0,1683,TEXAS,LA SALLE,24.163675520459442
"Lavaca County, Texas",58530.0,20379.0,2035,TEXAS,LAVACA,9.985769664851073
"Lee County, Texas",66448.0,17543.0,2258,TEXAS,LEE,12.871230690303825
"Leon County, Texas",57363.0,15928.0,2277,TEXAS,LEON,14.295580110497239
"Liberty County, Texas",59605.0,93523.0,15410,TEXAS,LIBERTY,16.47723020005774
"Limestone County, Texas",53102.0,22222.0,4600,TEXAS,LIMESTONE,20.70020700207002
"Lipscomb County, Texas",71625.0,3038.0,409,TEXAS,LIPSCOMB,13.462804476629362
"Live Oak County, Texas",55949.0,11374.0,2081,TEXAS,LIVE OAK,18.296113944082997
"Llano County, Texas",64241.0,21637.0,2420,TEXAS,LLANO,11.184544992374173
"Loving County, Texas",-666666666.0,96.0,5,TEXAS,LOVING,5.208333333333334
"Lubbock County, Texas",61911.0,311509.0,51472,TEXAS,LUBBOCK,16.523439130169592
"Lynn County, Texas",52996.0,5619.0,1041,TEXAS,LYNN,18.526428190069407
"McCulloch County, Texas",53214.0,7638.0,1005,TEXAS,MCCULLOCH,13.157894736842104
"McLennan County, Texas",59781.0,261090.0,44851,TEXAS,MCLENNAN,17.1783676127006
"McMullen County, Texas",60313.0,670.0,100,TEXAS,MCMULLEN,14.925373134328357
"Madison County, Texas",65768.0,13556.0,1403,TEXAS,MADISON,10.349660666863382
"Marion County, Texas",48040.0,9668.0,1502,TEXAS,MARION,15.53578816714936
"Martin County, Texas",70217.0,5228.0,873,TEXAS,MARTIN,16.698546289211937
"Mason County, Texas",77583.0,3959.0,195,TEXAS,MASON,4.925486233897449
"Matagorda County, Texas",56412.0,36251.0,7798,TEXAS,MATAGORDA,21.51113072742821
"Maverick County, Texas",48497.0,57806.0,13473,TEXAS,MAVERICK,23.3072691416116
"Medina County, Texas",73060.0,51432.0,5045,TEXAS,MEDINA,9.8090682843366
"Menard County, Texas",40945.0,1964.0,431,TEXAS,MENARD,21.945010183299388
"Midland County, Texas",90123.0,169393.0,18020,TEXAS,MIDLAND,10.637983860017828
"Milam County, Texas",56985.0,25080.0,3505,TEXAS,MILAM,13.975279106858055
"Mills County, Texas",59315.0,4501.0,297,TEXAS,MILLS,6.598533659186848
"Mitchell County, Texas",49869.0,8947.0,1042,TEXAS,MITCHELL,11.646361909019783
"Montague County, Texas",63336.0,20197.0,2573,TEXAS,MONTAGUE,12.739515769668763
"Montgomery County, Texas",95946.0,629989.0,55202,TEXAS,MONTGOMERY,8.7623752160752
"Moore County, Texas",59041.0,21284.0,2839,TEXAS,MOORE,13.338658146964857
"Morris County, Texas",51532.0,11993.0,1844,TEXAS,MORRIS,15.375635787542732
"Motley County, Texas",66528.0,1223.0,115,TEXAS,MOTLEY,9.403107113654947
"Nacogdoches County, Texas",51153.0,64768.0,13339,TEXAS,NACOGDOCHES,20.595046936758894
"Navarro County, Texas",56261.0,52834.0,8502,TEXAS,NAVARRO,16.091910512170195
"Newton County, Texas",38871.0,12333.0,2944,TEXAS,NEWTON,23.87091543014676
"Nolan County, Texas",47437.0,14657.0,2230,TEXAS,NOLAN,15.214573241454596
"Nueces County, Texas",64027.0,353245.0,59784,TEXAS,NUECES,16.92423105776444
"Ochiltree County, Texas",62240.0,9924.0,1200,TEXAS,OCHILTREE,12.091898428053206
"Oldham County, Texas",71103.0,2171.0,318,TEXAS,OLDHAM,14.647627821280516
"Orange County, Texas",71910.0,84761.0,9995,TEXAS,ORANGE,11.791979802031594
"Palo Pinto County, Texas",65242.0,28569.0,4473,TEXAS,PALO PINTO,15.656830830620603
"Panola County, Texas",58205.0,22540.0,3078,TEXAS,PANOLA,13.655723158828748
"Parker County, Texas",95721.0,151188.0,11791,TEXAS,PARKER,7.798899383548958
"Parmer County, Texas",65575.0,9809.0,924,TEXAS,PARMER,9.419920481190744
"Pecos County, Texas",59325.0,15114.0,2926,TEXAS,PECOS,19.359534206695777
"Polk County, Texas",57315.0,50536.0,7654,TEXAS,POLK,15.145638752572424
"Potter County, Texas",47974.0,117905.0,23029,TEXAS,POTTER,19.53182647046351
"Presidio County, Texas",29012.0,6168.0,2465,TEXAS,PRESIDIO,39.96433203631648
"Rains County, Texas",60291.0,12257.0,1338,TEXAS,RAINS,10.916211144652035
"Randall County, Texas",78038.0,141489.0,13072,TEXAS,RANDALL,9.238880761048563
"Reagan County, Texas",70319.0,3308.0,236,TEXAS,REAGAN,7.134220072551391
"Real County, Texas",46842.0,2830.0,636,TEXAS,REAL,22.473498233215548
"Red River County, Texas",44583.0,11627.0,2310,TEXAS,RED RIVER,19.867549668874172
"Reeves County, Texas",57487.0,14022.0,2704,TEXAS,REEVES,19.283982313507344
"Refugio County, Texas",54304.0,6718.0,1068,TEXAS,REFUGIO,15.897588568026197
"Roberts County, Texas",62667.0,764.0,112,TEXAS,ROBERTS,14.659685863874344
"Robertson County, Texas",59410.0,16912.0,2380,TEXAS,ROBERTSON,14.072847682119205
"Rockwall County, Texas",121303.0,110631.0,4575,TEXAS,ROCKWALL,4.135368929142826
"Runnels County, Texas",55424.0,9858.0,1136,TEXAS,RUNNELS,11.523635625887604
"Rusk County, Texas",61661.0,52755.0,6416,TEXAS,RUSK,12.161880390484313
"Sabine County, Texas",47061.0,9980.0,1705,TEXAS,SABINE,17.084168336673347
"San Augustine County, Texas",45888.0,7920.0,2093,TEXAS,SAN AUGUSTINE,26.426767676767675
"San Jacinto County, Texas",54839.0,27666.0,4780,TEXAS,SAN JACINTO,17.27752475963276
"San Patricio County, Texas",63842.0,68942.0,10701,TEXAS,SAN PATRICIO,15.521742914333789
"San Saba County, Texas",54087.0,5779.0,736,TEXAS,SAN SABA,12.735767433812079
"Schleicher County, Texas",53774.0,2474.0,357,TEXAS,SCHLEICHER,14.430072756669363
"Scurry County, Texas",58932.0,16883.0,1757,TEXAS,SCURRY,10.406918201741396
"Shackelford County, Texas",60924.0,3134.0,350,TEXAS,SHACKELFORD,11.167836630504148
"Shelby County, Texas",49231.0,24157.0,5575,TEXAS,SHELBY,23.078196795959762
"Sherman County, Texas",66169.0,2414.0,198,TEXAS,SHERMAN,8.20215410107705
"Smith County, Texas",69053.0,234667.0,28799,TEXAS,SMITH,12.272283704142465
"Somervell County, Texas",87899.0,9337.0,667,TEXAS,SOMERVELL,7.1436221484416835
"Starr County, Texas",35979.0,65716.0,21796,TEXAS,STARR,33.16696086189056
"Stephens County, Texas",44712.0,9260.0,1467,TEXAS,STEPHENS,15.842332613390928
"Sterling County, Texas",63558.0,1392.0,24,TEXAS,STERLING,1.7241379310344827
"Stonewall County, Texas",66591.0,1331.0,91,TEXAS,STONEWALL,6.836964688204357
"Sutton County, Texas",56778.0,3345.0,551,TEXAS,SUTTON,16.47234678624813
"Swisher County, Texas",40290.0,6989.0,1879,TEXAS,SWISHER,26.88510516525969
"Tarrant County, Texas",78872.0,2113854.0,229643,TEXAS,TARRANT,10.863711495685132
"Taylor County, Texas",61806.0,143029.0,19947,TEXAS,TAYLOR,13.946122814254453
"Terrell County, Texas",52813.0,862.0,55,TEXAS,TERRELL,6.380510440835267
"Terry County, Texas",42694.0,11816.0,2464,TEXAS,TERRY,20.85308056872038
"Throckmorton County, Texas",55221.0,1439.0,201,TEXAS,THROCKMORTON,13.968033356497568
"Titus County, Texas",57634.0,31301.0,5674,TEXAS,TITUS,18.127216382863168
"Tom Green County, Texas",67215.0,119276.0,13332,TEXAS,TOM GREEN,11.17743720446695
"Travis County, Texas",92731.0,1289054.0,142451,TEXAS,TRAVIS,11.050817110842525
"Trinity County, Texas",51165.0,13735.0,1925,TEXAS,TRINITY,14.015289406625408
"Tyler County, Texas",50898.0,19962.0,3184,TEXAS,TYLER,15.950305580603146
"Upshur County, Texas",60456.0,41261.0,5900,TEXAS,UPSHUR,14.299217178449384
"Upton County, Texas",55284.0,3284.0,655,TEXAS,UPTON,19.94518879415347
"Uvalde County, Texas",55000.0,24833.0,5791,TEXAS,UVALDE,23.31977610437724
"Val Verde County, Texas",57250.0,47693.0,7418,TEXAS,VAL VERDE,15.55364518902145
"Van Zandt County, Texas",62334.0,60053.0,7760,TEXAS,VAN ZANDT,12.921918971575108
"Victoria County, Texas",66308.0,91209.0,14870,TEXAS,VICTORIA,16.30321569143396
"Walker County, Texas",47193.0,77182.0,11841,TEXAS,WALKER,15.341659972532456
"Waller County, Texas",71643.0,57463.0,6890,TEXAS,WALLER,11.9903242086212
"Ward County, Texas",70771.0,11347.0,1530,TEXAS,WARD,13.483740195646426
"Washington County, Texas",70043.0,35807.0,3988,TEXAS,WASHINGTON,11.137487083531154
"Webb County, Texas",59984.0,267282.0,56471,TEXAS,WEBB,21.12787243435772
"Wharton County, Texas",59712.0,41614.0,5998,TEXAS,WHARTON,14.413418561061182
"Wheeler County, Texas",58158.0,4980.0,896,TEXAS,WHEELER,17.991967871485944
"Wichita County, Texas",58862.0,129584.0,18483,TEXAS,WICHITA,14.263334979627116
"Wilbarger County, Texas",50769.0,12795.0,2244,TEXAS,WILBARGER,17.53810082063306
"Willacy County, Texas",42839.0,20308.0,5032,TEXAS,WILLACY,24.778412448296237
"Williamson County, Texas",102851.0,617396.0,38840,TEXAS,WILLIAMSON,6.290938068921729
"Wilson County, Texas",89708.0,50381.0,5112,TEXAS,WILSON,10.146682281018638
"Winkler County, Texas",89155.0,7582.0,947,TEXAS,WINKLER,12.490108150883671
"Wise County, Texas",85385.0,70062.0,6230,TEXAS,WISE,8.892124118637778
"Wood County, Texas",61748.0,45341.0,5497,TEXAS,WOOD,12.123684965042676
"Yoakum County, Texas",80317.0,7630.0,1036,TEXAS,YOAKUM,13.577981651376147
"Young County, Texas",65565.0,17903.0,2767,TEXAS,YOUNG,15.455510249678825
"Zapata County, Texas",35061.0,13896.0,5109,TEXAS,ZAPATA,36.765975820379964
"Zavala County, Texas",49243.0,9700.0,2987,TEXAS,ZAVALA,30.79381443298969
"Beaver County, Utah",80268.0,7102.0,485,UTAH,BEAVER,6.829062235989862
"Box Elder County, Utah",72769.0,58291.0,4719,UTAH,BOX ELDER,8.095589370571785
"Cache County, Utah",72719.0,134428.0,17695,UTAH,CACHE,13.163180289820572
"Carbon County, Utah",53734.0,20338.0,3317,UTAH,CARBON,16.309371619628283
"Daggett County, Utah",61250.0,638.0,46,UTAH,DAGGETT,7.210031347962382
"Davis County, Utah",101285.0,363032.0,21786,UTAH,DAVIS,6.001123867868397
"Duchesne County, Utah",70821.0,19779.0,2625,UTAH,DUCHESNE,13.271651751858032
"Emery County, Utah",67056.0,9898.0,1156,UTAH,EMERY,11.679127096383107
"Garfield County, Utah",56481.0,5121.0,787,UTAH,GARFIELD,15.368092169498146
"Grand County, Utah",59171.0,9680.0,1505,UTAH,GRAND,15.547520661157025
"Iron County, Utah",63005.0,58068.0,8109,UTAH,IRON,13.964662120272783
"Juab County, Utah",88048.0,11943.0,1009,UTAH,JUAB,8.448463535125178
"Kane County, Utah",70327.0,7814.0,978,UTAH,KANE,12.515996928589711
"Millard County, Utah",69403.0,13027.0,1439,UTAH,MILLARD,11.046288477776924
"Morgan County, Utah",120854.0,12367.0,213,UTAH,MORGAN,1.7223255437858818
"Piute County, Utah",33359.0,1764.0,365,UTAH,PIUTE,20.691609977324262
"Rich County, Utah",69250.0,2543.0,203,UTAH,RICH,7.982697601258357
"Salt Lake County, Utah",90011.0,1180643.0,94306,UTAH,SALT LAKE,7.9876812889247635
"San Juan County, Utah",52108.0,14524.0,2937,UTAH,SAN JUAN,20.221702010465435
"Sanpete County, Utah",64356.0,28816.0,3888,UTAH,SANPETE,13.492504164353136
"Sevier County, Utah",66972.0,21667.0,2501,UTAH,SEVIER,11.542899340010154
"Summit County, Utah",126392.0,42524.0,2218,UTAH,SUMMIT,5.215878092371367
"Tooele County, Utah",95545.0,74032.0,3322,UTAH,TOOELE,4.487248757294143
"Uintah County, Utah",67983.0,35951.0,4105,UTAH,UINTAH,11.41831937915496
"Utah County, Utah",91263.0,666021.0,57565,UTAH,UTAH,8.643120862555385
"Wasatch County, Utah",104855.0,35009.0,1864,UTAH,WASATCH,5.324345168385272
"Washington County, Utah",71976.0,183297.0,15967,UTAH,WASHINGTON,8.710999088910349
"Wayne County, Utah",64870.0,2532.0,212,UTAH,WAYNE,8.372827804107425
"Weber County, Utah",82291.0,262960.0,19866,UTAH,WEBER,7.554761180407667
"Addison County, Vermont",85870.0,37434.0,2577,VERMONT,ADDISON,6.884116044237859
"Bennington County, Vermont",68558.0,37326.0,4059,VERMONT,BENNINGTON,10.87445748271982
"Caledonia County, Vermont",62964.0,30418.0,3500,VERMONT,CALEDONIA,11.506344927345651
"Chittenden County, Vermont",89494.0,168309.0,17754,VERMONT,CHITTENDEN,10.548455519312693
"Essex County, Vermont",55247.0,5976.0,789,VERMONT,ESSEX,13.20281124497992
"Franklin County, Vermont",73633.0,50101.0,5151,VERMONT,FRANKLIN,10.281231911538692
"Grand Isle County, Vermont",86639.0,7335.0,544,VERMONT,GRAND ISLE,7.41649625085208
"Lamoille County, Vermont",69886.0,25977.0,2177,VERMONT,LAMOILLE,8.380490433845326
"Orange County, Vermont",74534.0,29439.0,2662,VERMONT,ORANGE,9.042426712863888
"Orleans County, Vermont",63981.0,27459.0,2610,VERMONT,ORLEANS,9.50508030154048
"Rutland County, Vermont",62641.0,60585.0,6677,VERMONT,RUTLAND,11.02087975571511
"Washington County, Vermont",77278.0,59768.0,5703,VERMONT,WASHINGTON,9.541895328603935
"Windham County, Vermont",65473.0,45857.0,5563,VERMONT,WINDHAM,12.131190439845607
"Windsor County, Vermont",69492.0,57832.0,4973,VERMONT,WINDSOR,8.599045511135703
"Accomack County, Virginia",52694.0,33367.0,5240,VIRGINIA,ACCOMACK,15.70413881979201
"Albemarle County, Virginia",97708.0,112513.0,7378,VIRGINIA,ALBEMARLE,6.557464470772266
"Alleghany County, Virginia",52546.0,15159.0,2035,VIRGINIA,ALLEGHANY,13.424368362029156
"Amelia County, Virginia",63438.0,13309.0,1469,VIRGINIA,AMELIA,11.037643699752048
"Amherst County, Virginia",64454.0,31426.0,3452,VIRGINIA,AMHERST,10.984535098326226
"Appomattox County, Virginia",60041.0,16253.0,2225,VIRGINIA,APPOMATTOX,13.689780348243403
"Arlington County, Virginia",137387.0,235845.0,15527,VIRGINIA,ARLINGTON,6.5835612372532815
"Augusta County, Virginia",76124.0,77433.0,5981,VIRGINIA,AUGUSTA,7.724096961243915
"Bath County, Virginia",55699.0,4177.0,956,VIRGINIA,BATH,22.88723964567872
"Bedford County, Virginia",74773.0,79761.0,7161,VIRGINIA,BEDFORD,8.978071990070335
"Bland County, Virginia",59901.0,6241.0,564,VIRGINIA,BLAND,9.037013299150777
"Botetourt County, Virginia",77680.0,33734.0,2397,VIRGINIA,BOTETOURT,7.105590798600818
"Brunswick County, Virginia",52678.0,15965.0,2346,VIRGINIA,BRUNSWICK,14.694644534920137
"Buchanan County, Virginia",39591.0,20246.0,4878,VIRGINIA,BUCHANAN,24.09364812802529
"Buckingham County, Virginia",59894.0,16869.0,2083,VIRGINIA,BUCKINGHAM,12.3480941371747
"Campbell County, Virginia",59022.0,55518.0,5460,VIRGINIA,CAMPBELL,9.834648222198206
"Caroline County, Virginia",83562.0,31181.0,3435,VIRGINIA,CAROLINE,11.016324043488021
"Carroll County, Virginia",49113.0,29126.0,4411,VIRGINIA,CARROLL,15.144544393325551
"Charles City County, Virginia",65573.0,6760.0,836,VIRGINIA,CHARLES CITY,12.366863905325443
"Charlotte County, Virginia",51548.0,11563.0,2304,VIRGINIA,CHARLOTTE,19.92562483784485
"Chesterfield County, Virginia",95757.0,366019.0,24163,VIRGINIA,CHESTERFIELD,6.601569863859526
"Clarke County, Virginia",107475.0,14882.0,789,VIRGINIA,CLARKE,5.301706759844107
"Craig County, Virginia",66286.0,4898.0,518,VIRGINIA,CRAIG,10.575745202123315
"Culpeper County, Virginia",92359.0,52822.0,3752,VIRGINIA,CULPEPER,7.103100980652001
"Cumberland County, Virginia",56497.0,9697.0,770,VIRGINIA,CUMBERLAND,7.940600185624421
"Dickenson County, Virginia",40143.0,14089.0,3062,VIRGINIA,DICKENSON,21.733267087798993
"Dinwiddie County, Virginia",77225.0,28057.0,3014,VIRGINIA,DINWIDDIE,10.742417222083615
"Essex County, Virginia",52335.0,10602.0,1797,VIRGINIA,ESSEX,16.949632144878322
"Fairfax County, Virginia",145165.0,1145354.0,67901,VIRGINIA,FAIRFAX,5.928385459866557
"Fauquier County, Virginia",122785.0,73290.0,4241,VIRGINIA,FAUQUIER,5.786601173420658
"Floyd County, Virginia",57146.0,15532.0,1453,VIRGINIA,FLOYD,9.354880247231522
"Fluvanna County, Virginia",90766.0,27442.0,1561,VIRGINIA,FLUVANNA,5.688360906639458
"Franklin County, Virginia",66275.0,54838.0,7046,VIRGINIA,FRANKLIN,12.8487545132937
"Frederick County, Virginia",92443.0,92007.0,6114,VIRGINIA,FREDERICK,6.645146564935277
"Giles County, Virginia",61987.0,16711.0,1596,VIRGINIA,GILES,9.550595416192927
"Gloucester County, Virginia",83750.0,38875.0,2846,VIRGINIA,GLOUCESTER,7.320900321543408
"Goochland County, Virginia",105600.0,24906.0,1009,VIRGINIA,GOOCHLAND,4.051232634706496
"Grayson County, Virginia",43348.0,15356.0,2700,VIRGINIA,GRAYSON,17.582703829122167
"Greene County, Virginia",81338.0,20631.0,2273,VIRGINIA,GREENE,11.017400998497406
"Greensville County, Virginia",51823.0,11373.0,1090,VIRGINIA,GREENSVILLE,9.584102699375714
"Halifax County, Virginia",49145.0,34013.0,4867,VIRGINIA,HALIFAX,14.309234704377738
"Hanover County, Virginia",104678.0,110513.0,5620,VIRGINIA,HANOVER,5.085374571317402
"Henrico County, Virginia",82424.0,333120.0,27770,VIRGINIA,HENRICO,8.33633525456292
"Henry County, Virginia",43694.0,50760.0,8035,VIRGINIA,HENRY,15.829393223010243
"Highland County, Virginia",57070.0,2247.0,230,VIRGINIA,HIGHLAND,10.235870048954162
"Isle of Wight County, Virginia",91680.0,38898.0,3771,VIRGINIA,ISLE OF WIGHT,9.69458583988894
"James City County, Virginia",100711.0,78818.0,5675,VIRGINIA,JAMES CITY,7.200131949554671
"King and Queen County, Virginia",70147.0,6681.0,1330,VIRGINIA,KING AND QUEEN,19.907199521029785
"King George County, Virginia",103264.0,26985.0,1846,VIRGINIA,KING GEORGE,6.840837502316102
"King William County, Virginia",79398.0,17845.0,1420,VIRGINIA,KING WILLIAM,7.957411039506865
"Lancaster County, Virginia",62674.0,10866.0,1489,VIRGINIA,LANCASTER,13.703294680655254
"Lee County, Virginia",41619.0,22287.0,5380,VIRGINIA,LEE,24.139632969892762
"Loudoun County, Virginia",170463.0,420773.0,15706,VIRGINIA,LOUDOUN,3.7326539488037493
"Louisa County, Virginia",76594.0,38106.0,4120,VIRGINIA,LOUISA,10.811945625360837
"Lunenburg County, Virginia",54438.0,11988.0,1445,VIRGINIA,LUNENBURG,12.05372038705372
"Madison County, Virginia",74586.0,13828.0,1083,VIRGINIA,MADISON,7.831935203934047
"Mathews County, Virginia",79054.0,8537.0,578,VIRGINIA,MATHEWS,6.7705282886259806
"Mecklenburg County, Virginia",51265.0,30367.0,5508,VIRGINIA,MECKLENBURG,18.138110448842493
"Middlesex County, Virginia",69389.0,10738.0,990,VIRGINIA,MIDDLESEX,9.219593965356678
"Montgomery County, Virginia",65270.0,99373.0,22144,VIRGINIA,MONTGOMERY,22.283718917613438
"Nelson County, Virginia",64028.0,14773.0,1950,VIRGINIA,NELSON,13.19975631219116
"New Kent County, Virginia",113120.0,23296.0,889,VIRGINIA,NEW KENT,3.8161057692307696
"Northampton County, Virginia",54693.0,12132.0,1983,VIRGINIA,NORTHAMPTON,16.345202769535113
"Northumberland County, Virginia",64655.0,12007.0,1767,VIRGINIA,NORTHUMBERLAND,14.716415424335805
"Nottoway County, Virginia",62366.0,15638.0,2652,VIRGINIA,NOTTOWAY,16.958690369612484
"Orange County, Virginia",87309.0,36593.0,4670,VIRGINIA,ORANGE,12.762003661902549
"Page County, Virginia",56760.0,23753.0,2361,VIRGINIA,PAGE,9.939797078263798
"Patrick County, Virginia",49180.0,17660.0,1964,VIRGINIA,PATRICK,11.121177802944507
"Pittsylvania County, Virginia",52619.0,60541.0,9714,VIRGINIA,PITTSYLVANIA,16.045324656018238
"Powhatan County, Virginia",108089.0,30503.0,1305,VIRGINIA,POWHATAN,4.278267711372652
"Prince Edward County, Virginia",57304.0,21922.0,2988,VIRGINIA,PRINCE EDWARD,13.630143235106285
"Prince George County, Virginia",80318.0,42634.0,3040,VIRGINIA,PRINCE GEORGE,7.1304592578693065
"Prince William County, Virginia",123193.0,481114.0,28768,VIRGINIA,PRINCE WILLIAM,5.979456012504313
"Pulaski County, Virginia",59740.0,33841.0,4261,VIRGINIA,PULASKI,12.591235483585
"Rappahannock County, Virginia",98663.0,7422.0,565,VIRGINIA,RAPPAHANNOCK,7.612503368364322
"Richmond County, Virginia",62708.0,8968.0,556,VIRGINIA,RICHMOND,6.199821587867975
"Roanoke County, Virginia",80872.0,96653.0,6665,VIRGINIA,ROANOKE,6.895802510010037
"Rockbridge County, Virginia",61903.0,22673.0,1983,VIRGINIA,ROCKBRIDGE,8.746085652538262
"Rockingham County, Virginia",73232.0,83905.0,7161,VIRGINIA,ROCKINGHAM,8.534652285322686
"Russell County, Virginia",44088.0,25763.0,4925,VIRGINIA,RUSSELL,19.116562512129796
"Scott County, Virginia",44535.0,21536.0,3523,VIRGINIA,SCOTT,16.35865527488856
"Shenandoah County, Virginia",62149.0,44337.0,5504,VIRGINIA,SHENANDOAH,12.414010871281322
"Smyth County, Virginia",45061.0,29799.0,5460,VIRGINIA,SMYTH,18.32276250880902
"Southampton County, Virginia",67813.0,18003.0,1384,VIRGINIA,SOUTHAMPTON,7.687607620952064
"Spotsylvania County, Virginia",105068.0,141097.0,10308,VIRGINIA,SPOTSYLVANIA,7.30561245100888
"Stafford County, Virginia",128036.0,157606.0,8268,VIRGINIA,STAFFORD,5.245993172848749
"Surry County, Virginia",68655.0,6546.0,870,VIRGINIA,SURRY,13.290559120073327
"Sussex County, Virginia",59195.0,10866.0,1198,VIRGINIA,SUSSEX,11.025216270936868
"Tazewell County, Virginia",46508.0,40392.0,7035,VIRGINIA,TAZEWELL,17.416815210932857
"Warren County, Virginia",79313.0,40800.0,4771,VIRGINIA,WARREN,11.693627450980394
"Washington County, Virginia",59116.0,53985.0,6303,VIRGINIA,WASHINGTON,11.675465407057516
"Westmoreland County, Virginia",56647.0,18480.0,2935,VIRGINIA,WESTMORELAND,15.882034632034634
"Wise County, Virginia",47541.0,36105.0,6612,VIRGINIA,WISE,18.313253012048193
"Wythe County, Virginia",53921.0,28275.0,4811,VIRGINIA,WYTHE,17.01503094606543
"York County, Virginia",105154.0,70238.0,3262,VIRGINIA,YORK,4.644209687063983
"Alexandria city, Virginia",113179.0,157594.0,13760,VIRGINIA,ALEXANDRIA CITY,8.731296876784649
"Bristol city, Virginia",45250.0,17036.0,2840,VIRGINIA,BRISTOL CITY,16.67057994834468
"Buena Vista city, Virginia",48783.0,6639.0,1334,VIRGINIA,BUENA VISTA CITY,20.093387558367223
"Charlottesville city, Virginia",67177.0,46289.0,10254,VIRGINIA,CHARLOTTESVILLE CITY,22.15213117587332
"Chesapeake city, Virginia",92703.0,249377.0,18669,VIRGINIA,CHESAPEAKE CITY,7.486255749327324
"Colonial Heights city, Virginia",72216.0,18158.0,1826,VIRGINIA,COLONIAL HEIGHTS CITY,10.056173587399494
"Covington city, Virginia",45737.0,5722.0,951,VIRGINIA,COVINGTON CITY,16.62006291506466
"Danville city, Virginia",41484.0,42507.0,10350,VIRGINIA,DANVILLE CITY,24.348930764344694
"Emporia city, Virginia",41442.0,5680.0,939,VIRGINIA,EMPORIA CITY,16.531690140845072
"Fairfax city, Virginia",128708.0,24242.0,2337,VIRGINIA,FAIRFAX CITY,9.64029370513984
"Falls Church city, Virginia",164536.0,14576.0,338,VIRGINIA,FALLS CHURCH CITY,2.318880351262349
"Franklin city, Virginia",57537.0,8194.0,1506,VIRGINIA,FRANKLIN CITY,18.379301928240178
"Fredericksburg city, Virginia",83445.0,28258.0,4667,VIRGINIA,FREDERICKSBURG CITY,16.515676976431454
"Galax city, Virginia",44612.0,6687.0,1434,VIRGINIA,GALAX CITY,21.444593988335576
"Hampton city, Virginia",64430.0,137217.0,17890,VIRGINIA,HAMPTON CITY,13.037743136783341
"Harrisonburg city, Virginia",56050.0,51784.0,12123,VIRGINIA,HARRISONBURG CITY,23.41070600957825
"Hopewell city, Virginia",50661.0,23046.0,4867,VIRGINIA,HOPEWELL CITY,21.11863230061616
"Lexington city, Virginia",93651.0,7346.0,696,VIRGINIA,LEXINGTON CITY,9.474543969507215
"Lynchburg city, Virginia",56243.0,79166.0,12033,VIRGINIA,LYNCHBURG CITY,15.199706944900587
"Manassas city, Virginia",110559.0,42620.0,2014,VIRGINIA,MANASSAS CITY,4.7254809948381045
"Manassas Park city, Virginia",91673.0,17123.0,863,VIRGINIA,MANASSAS PARK CITY,5.04000467207849
"Martinsville city, Virginia",39127.0,13539.0,3217,VIRGINIA,MARTINSVILLE CITY,23.760986778934928
"Newport News city, Virginia",63355.0,185118.0,26056,VIRGINIA,NEWPORT NEWS CITY,14.07534653572316
"Norfolk city, Virginia",60998.0,236973.0,36342,VIRGINIA,NORFOLK CITY,15.335924345811547
"Norton city, Virginia",36974.0,3668.0,1049,VIRGINIA,NORTON CITY,28.598691384950925
"Petersburg city, Virginia",46930.0,33261.0,7275,VIRGINIA,PETERSBURG CITY,21.872463245242177
"Poquoson city, Virginia",114503.0,12479.0,560,VIRGINIA,POQUOSON CITY,4.487539065630259
"Portsmouth city, Virginia",57154.0,97384.0,16331,VIRGINIA,PORTSMOUTH CITY,16.769695227142037
"Radford city, Virginia",51039.0,16379.0,4501,VIRGINIA,RADFORD CITY,27.480310153245007
"Richmond city, Virginia",59606.0,227171.0,42324,VIRGINIA,RICHMOND CITY,18.630899190477656
"Roanoke city, Virginia",51523.0,99213.0,18635,VIRGINIA,ROANOKE CITY,18.78282079969359
"Salem city, Virginia",68402.0,25372.0,2186,VIRGINIA,SALEM CITY,8.615796941510325
"Staunton city, Virginia",59731.0,25581.0,2763,VIRGINIA,STAUNTON CITY,10.800985106133458
"Suffolk city, Virginia",87758.0,94856.0,8868,VIRGINIA,SUFFOLK CITY,9.348907818166484
"Virginia Beach city, Virginia",87544.0,457900.0,36085,VIRGINIA,VIRGINIA BEACH CITY,7.880541602970082
"Waynesboro city, Virginia",52519.0,22341.0,3562,VIRGINIA,WAYNESBORO CITY,15.943780493263507
"Williamsburg city, Virginia",66815.0,15486.0,1451,VIRGINIA,WILLIAMSBURG CITY,9.369753325584398
"Winchester city, Virginia",62495.0,28103.0,4539,VIRGINIA,WINCHESTER CITY,16.151300572892573
"Adams County, Washington",63105.0,20557.0,4251,WASHINGTON,ADAMS,20.67908741547891
"Asotin County, Washington",63724.0,22370.0,3564,WASHINGTON,ASOTIN,15.932051855163165
"Benton County, Washington",83778.0,207560.0,21647,WASHINGTON,BENTON,10.429273463095008
"Chelan County, Washington",71876.0,79076.0,7212,WASHINGTON,CHELAN,9.120339926146997
"Clallam County, Washington",66108.0,77333.0,8289,WASHINGTON,CLALLAM,10.718580683537429
"Clark County, Washington",90115.0,504091.0,44315,WASHINGTON,CLARK,8.79107145336854
"Columbia County, Washington",68825.0,3980.0,367,WASHINGTON,COLUMBIA,9.22110552763819
"Cowlitz County, Washington",70912.0,110621.0,13253,WASHINGTON,COWLITZ,11.98054618924074
"Douglas County, Washington",79422.0,43189.0,3402,WASHINGTON,DOUGLAS,7.8770057190488325
"Ferry County, Washington",50424.0,7260.0,1114,WASHINGTON,FERRY,15.34435261707989
"Franklin County, Washington",77877.0,96692.0,12619,WASHINGTON,FRANKLIN,13.050717742936335
"Garfield County, Washington",57958.0,2310.0,254,WASHINGTON,GARFIELD,10.995670995670997
"Grant County, Washington",66387.0,99145.0,14019,WASHINGTON,GRANT,14.13989611175551
"Grays Harbor County, Washington",59105.0,75672.0,10806,WASHINGTON,GRAYS HARBOR,14.280050745321915
"Island County, Washington",82850.0,86510.0,5725,WASHINGTON,ISLAND,6.617732054097793
"Jefferson County, Washington",64796.0,33006.0,4473,WASHINGTON,JEFFERSON,13.552081439738227
"King County, Washington",116340.0,2254371.0,187794,WASHINGTON,KING,8.330217164787872
"Kitsap County, Washington",93675.0,275411.0,22101,WASHINGTON,KITSAP,8.024733943088693
"Kittitas County, Washington",66800.0,44424.0,6121,WASHINGTON,KITTITAS,13.778588150549254
"Klickitat County, Washington",66581.0,22798.0,3132,WASHINGTON,KLICKITAT,13.738047197122555
"Lewis County, Washington",67247.0,82663.0,10018,WASHINGTON,LEWIS,12.119085927198384
"Lincoln County, Washington",68172.0,11036.0,1269,WASHINGTON,LINCOLN,11.498731424429142
"Mason County, Washington",74388.0,66053.0,8387,WASHINGTON,MASON,12.69737937716682
"Okanogan County, Washington",58218.0,42336.0,7853,WASHINGTON,OKANOGAN,18.549225245653815
"Pacific County, Washington",58889.0,23396.0,3022,WASHINGTON,PACIFIC,12.916737903915198
"Pend Oreille County, Washington",59353.0,13570.0,1730,WASHINGTON,PEND OREILLE,12.748710390567428
"Pierce County, Washington",91486.0,918993.0,77932,WASHINGTON,PIERCE,8.480151644245385
"San Juan County, Washington",76745.0,18001.0,1954,WASHINGTON,SAN JUAN,10.854952502638742
"Skagit County, Washington",82029.0,129480.0,15305,WASHINGTON,SKAGIT,11.820358356502934
"Skamania County, Washington",84500.0,12118.0,1036,WASHINGTON,SKAMANIA,8.549265555372173
"Snohomish County, Washington",104083.0,828337.0,62171,WASHINGTON,SNOHOMISH,7.505520096289313
"Spokane County, Washington",70394.0,538711.0,64591,WASHINGTON,SPOKANE,11.989916671462064
"Stevens County, Washington",62381.0,46774.0,6161,WASHINGTON,STEVENS,13.171847607645274
"Thurston County, Washington",88895.0,294272.0,27142,WASHINGTON,THURSTON,9.22343953892997
"Wahkiakum County, Washington",59167.0,4476.0,609,WASHINGTON,WAHKIAKUM,13.605898123324398
"Walla Walla County, Washington",66635.0,62150.0,6396,WASHINGTON,WALLA WALLA,10.291230893000805
"Whatcom County, Washington",77581.0,226523.0,28469,WASHINGTON,WHATCOM,12.567818720394838
"Whitman County, Washington",49345.0,47141.0,9796,WASHINGTON,WHITMAN,20.78021255382788
"Yakima County, Washington",64910.0,256143.0,39239,WASHINGTON,YAKIMA,15.319177178373018
"Barbour County, West Virginia",44341.0,15527.0,3278,WEST VIRGINIA,BARBOUR,21.111612030656275
"Berkeley County, West Virginia",73619.0,123283.0,13305,WEST VIRGINIA,BERKELEY,10.792242239400403
"Boone County, West Virginia",56182.0,21705.0,3543,WEST VIRGINIA,BOONE,16.323427781617138
"Braxton County, West Virginia",42245.0,12505.0,2196,WEST VIRGINIA,BRAXTON,17.560975609756095
"Brooke County, West Virginia",51963.0,22349.0,2353,WEST VIRGINIA,BROOKE,10.528435276746164
"Cabell County, West Virginia",48944.0,93965.0,18063,WEST VIRGINIA,CABELL,19.223114989623795
"Calhoun County, West Virginia",39031.0,6279.0,2103,WEST VIRGINIA,CALHOUN,33.49259436215958
"Clay County, West Virginia",41530.0,8049.0,1947,WEST VIRGINIA,CLAY,24.189340290719343
"Doddridge County, West Virginia",56587.0,7847.0,974,WEST VIRGINIA,DODDRIDGE,12.41238689945202
"Fayette County, West Virginia",50090.0,40545.0,8388,WEST VIRGINIA,FAYETTE,20.688124306326305
"Gilmer County, West Virginia",51552.0,7444.0,614,WEST VIRGINIA,GILMER,8.248253627082214
"Grant County, West Virginia",52877.0,11034.0,1280,WEST VIRGINIA,GRANT,11.600507522204097
"Greenbrier County, West Virginia",45519.0,32995.0,6434,WEST VIRGINIA,GREENBRIER,19.49992423094408
"Hampshire County, West Virginia",55222.0,23275.0,3941,WEST VIRGINIA,HAMPSHIRE,16.93233082706767
"Hancock County, West Virginia",57515.0,28907.0,3814,WEST VIRGINIA,HANCOCK,13.194036046632304
"Hardy County, West Virginia",49205.0,14249.0,2446,WEST VIRGINIA,HARDY,17.166116920485646
"Harrison County, West Virginia",56184.0,65862.0,8830,WEST VIRGINIA,HARRISON,13.406820321277824
"Jackson County, West Virginia",55173.0,27868.0,5415,WEST VIRGINIA,JACKSON,19.430888474235683
"Jefferson County, West Virginia",93744.0,58043.0,5153,WEST VIRGINIA,JEFFERSON,8.877900866598901
"Kanawha County, West Virginia",55226.0,179895.0,29058,WEST VIRGINIA,KANAWHA,16.15275577420162
"Lewis County, West Virginia",50552.0,16920.0,2812,WEST VIRGINIA,LEWIS,16.6193853427896
"Lincoln County, West Virginia",50985.0,20410.0,3876,WEST VIRGINIA,LINCOLN,18.990690837824594
"Logan County, West Virginia",42194.0,32350.0,7481,WEST VIRGINIA,LOGAN,23.125193199381762
"McDowell County, West Virginia",28235.0,18911.0,5653,WEST VIRGINIA,MCDOWELL,29.892655068478664
"Marion County, West Virginia",59974.0,56194.0,8172,WEST VIRGINIA,MARION,14.542477844609744
"Marshall County, West Virginia",58129.0,30509.0,4354,WEST VIRGINIA,MARSHALL,14.271198662689699
"Mason County, West Virginia",53058.0,25488.0,4023,WEST VIRGINIA,MASON,15.783898305084746
"Mercer County, West Virginia",46409.0,59530.0,10869,WEST VIRGINIA,MERCER,18.25802116579876
"Mineral County, West Virginia",64728.0,26957.0,3631,WEST VIRGINIA,MINERAL,13.469599732907964
"Mingo County, West Virginia",38305.0,23466.0,6679,WEST VIRGINIA,MINGO,28.462456319781808
"Monongalia County, West Virginia",60893.0,105988.0,20594,WEST VIRGINIA,MONONGALIA,19.430501566215046
"Monroe County, West Virginia",52392.0,12438.0,1628,WEST VIRGINIA,MONROE,13.088921048400065
"Morgan County, West Virginia",61021.0,17237.0,1808,WEST VIRGINIA,MORGAN,10.489064222312468
"Nicholas County, West Virginia",48826.0,24624.0,4081,WEST VIRGINIA,NICHOLAS,16.57326185834958
"Ohio County, West Virginia",55521.0,42224.0,5875,WEST VIRGINIA,OHIO,13.91388783630163
"Pendleton County, West Virginia",52458.0,6156.0,989,WEST VIRGINIA,PENDLETON,16.06562703053931
"Pleasants County, West Virginia",59666.0,7622.0,542,WEST VIRGINIA,PLEASANTS,7.110994489635266
"Pocahontas County, West Virginia",41680.0,7940.0,1540,WEST VIRGINIA,POCAHONTAS,19.395465994962215
"Preston County, West Virginia",60136.0,34206.0,4205,WEST VIRGINIA,PRESTON,12.293164941823072
"Putnam County, West Virginia",75725.0,57347.0,6229,WEST VIRGINIA,PUTNAM,10.861945698990356
"Raleigh County, West Virginia",47975.0,74303.0,15613,WEST VIRGINIA,RALEIGH,21.012610527165794
"Randolph County, West Virginia",51186.0,28005.0,3943,WEST VIRGINIA,RANDOLPH,14.07962863774326
"Ritchie County, West Virginia",48973.0,8507.0,1686,WEST VIRGINIA,RITCHIE,19.818972610791114
"Roane County, West Virginia",41299.0,14027.0,2931,WEST VIRGINIA,ROANE,20.89541598346047
"Summers County, West Virginia",42991.0,11985.0,2351,WEST VIRGINIA,SUMMERS,19.616186900292032
"Taylor County, West Virginia",52946.0,16602.0,2722,WEST VIRGINIA,TAYLOR,16.39561498614625
"Tucker County, West Virginia",54053.0,6747.0,639,WEST VIRGINIA,TUCKER,9.470875944864385
"Tyler County, West Virginia",59167.0,8336.0,986,WEST VIRGINIA,TYLER,11.828214971209212
"Upshur County, West Virginia",49663.0,23875.0,4009,WEST VIRGINIA,UPSHUR,16.791623036649213
"Wayne County, West Virginia",52694.0,38933.0,6490,WEST VIRGINIA,WAYNE,16.669663267664962
"Webster County, West Virginia",43409.0,8362.0,1477,WEST VIRGINIA,WEBSTER,17.66323845969864
"Wetzel County, West Virginia",50715.0,14431.0,2397,WEST VIRGINIA,WETZEL,16.610075531841176
"Wirt County, West Virginia",52776.0,5202.0,1046,WEST VIRGINIA,WIRT,20.107650903498655
"Wood County, West Virginia",54350.0,84272.0,12257,WEST VIRGINIA,WOOD,14.544569963926335
"Wyoming County, West Virginia",44510.0,21237.0,5137,WEST VIRGINIA,WYOMING,24.188915571879267
"Adams County, Wisconsin",55223.0,20730.0,2890,WISCONSIN,ADAMS,13.941148094548964
"Ashland County, Wisconsin",57000.0,16041.0,2563,WISCONSIN,ASHLAND,15.977806869895891
"Barron County, Wisconsin",59379.0,46683.0,5401,WISCONSIN,BARRON,11.569522095837884
"Bayfield County, Wisconsin",67266.0,16214.0,1676,WISCONSIN,BAYFIELD,10.336746021956333
"Brown County, Wisconsin",74066.0,268393.0,25358,WISCONSIN,BROWN,9.448085456774209
"Buffalo County, Wisconsin",64238.0,13329.0,1088,WISCONSIN,BUFFALO,8.16265286218021
"Burnett County, Wisconsin",60466.0,16561.0,1911,WISCONSIN,BURNETT,11.539158263389893
"Calumet County, Wisconsin",84151.0,52361.0,3052,WISCONSIN,CALUMET,5.828765684383415
"Chippewa County, Wisconsin",69815.0,66254.0,6318,WISCONSIN,CHIPPEWA,9.536028013402964
"Clark County, Wisconsin",63187.0,34703.0,4168,WISCONSIN,CLARK,12.010489006714117
"Columbia County, Wisconsin",79271.0,58272.0,4266,WISCONSIN,COLUMBIA,7.320840197693575
"Crawford County, Wisconsin",60823.0,16123.0,1900,WISCONSIN,CRAWFORD,11.784407368355765
"Dane County, Wisconsin",84297.0,559891.0,59287,WISCONSIN,DANE,10.589025363865465
"Dodge County, Wisconsin",71747.0,89032.0,6485,WISCONSIN,DODGE,7.283897924341811
"Door County, Wisconsin",68257.0,30038.0,2573,WISCONSIN,DOOR,8.565816632265797
"Douglas County, Wisconsin",64682.0,44092.0,4824,WISCONSIN,DOUGLAS,10.9407602286129
"Dunn County, Wisconsin",69721.0,45221.0,4581,WISCONSIN,DUNN,10.130249220494903
"Eau Claire County, Wisconsin",70127.0,105697.0,12308,WISCONSIN,EAU CLAIRE,11.644606753266412
"Florence County, Wisconsin",58049.0,4574.0,441,WISCONSIN,FLORENCE,9.641451683428071
"Fond du Lac County, Wisconsin",70368.0,104027.0,8634,WISCONSIN,FOND DU LAC,8.299768329376027
"Forest County, Wisconsin",55552.0,9239.0,1257,WISCONSIN,FOREST,13.605368546379479
"Grant County, Wisconsin",63497.0,51842.0,6679,WISCONSIN,GRANT,12.883376412947031
"Green County, Wisconsin",76080.0,37066.0,2414,WISCONSIN,GREEN,6.512707063076674
"Green Lake County, Wisconsin",66395.0,19093.0,2393,WISCONSIN,GREEN LAKE,12.533389200230452
"Iowa County, Wisconsin",79226.0,23766.0,1874,WISCONSIN,IOWA,7.885214171505512
"Iron County, Wisconsin",55777.0,6136.0,628,WISCONSIN,IRON,10.234680573663626
"Jackson County, Wisconsin",64630.0,20958.0,2513,WISCONSIN,JACKSON,11.99064796259185
"Jefferson County, Wisconsin",77018.0,85932.0,6326,WISCONSIN,JEFFERSON,7.361634780989619
"Juneau County, Wisconsin",63455.0,26695.0,3737,WISCONSIN,JUNEAU,13.998876194043827
"Kenosha County, Wisconsin",76583.0,168693.0,18284,WISCONSIN,KENOSHA,10.838624009294993
"Kewaunee County, Wisconsin",77610.0,20570.0,1372,WISCONSIN,KEWAUNEE,6.669907632474477
"La Crosse County, Wisconsin",68731.0,120216.0,13619,WISCONSIN,LA CROSSE,11.328774871897252
"Lafayette County, Wisconsin",69293.0,16716.0,1744,WISCONSIN,LAFAYETTE,10.433117970806412
"Langlade County, Wisconsin",55091.0,19512.0,2357,WISCONSIN,LANGLADE,12.079745797457974
"Lincoln County, Wisconsin",64314.0,28402.0,2888,WISCONSIN,LINCOLN,10.168298007182592
"Manitowoc County, Wisconsin",66412.0,81242.0,8004,WISCONSIN,MANITOWOC,9.85204697077866
"Marathon County, Wisconsin",73248.0,137820.0,11323,WISCONSIN,MARATHON,8.215788709911479
"Marinette County, Wisconsin",60347.0,41827.0,3939,WISCONSIN,MARINETTE,9.417361991058407
"Marquette County, Wisconsin",59748.0,15619.0,1616,WISCONSIN,MARQUETTE,10.346373007234778
"Menominee County, Wisconsin",62194.0,4279.0,850,WISCONSIN,MENOMINEE,19.864454311755082
"Milwaukee County, Wisconsin",59319.0,933063.0,162787,WISCONSIN,MILWAUKEE,17.446517544903184
"Monroe County, Wisconsin",66451.0,46208.0,5259,WISCONSIN,MONROE,11.381146121883656
"Oconto County, Wisconsin",73611.0,39048.0,3181,WISCONSIN,OCONTO,8.146383937717681
"Oneida County, Wisconsin",66111.0,37799.0,3552,WISCONSIN,ONEIDA,9.39707399666658
"Outagamie County, Wisconsin",78705.0,190611.0,12949,WISCONSIN,OUTAGAMIE,6.793416959147164
"Ozaukee County, Wisconsin",92258.0,91745.0,4036,WISCONSIN,OZAUKEE,4.399149817428743
"Pepin County, Wisconsin",70833.0,7363.0,570,WISCONSIN,PEPIN,7.741409751460003
"Pierce County, Wisconsin",82996.0,42187.0,3885,WISCONSIN,PIERCE,9.208998032569275
"Polk County, Wisconsin",74142.0,45128.0,3709,WISCONSIN,POLK,8.21884417656444
"Portage County, Wisconsin",71301.0,70281.0,7011,WISCONSIN,PORTAGE,9.975669099756692
"Price County, Wisconsin",55822.0,14066.0,1880,WISCONSIN,PRICE,13.36556234892649
"Racine County, Wisconsin",72658.0,197068.0,21743,WISCONSIN,RACINE,11.03324740698642
"Richland County, Wisconsin",61985.0,17256.0,2456,WISCONSIN,RICHLAND,14.232730644413538
"Rock County, Wisconsin",70630.0,163817.0,15851,WISCONSIN,ROCK,9.676040948131147
"Rusk County, Wisconsin",57473.0,14179.0,1588,WISCONSIN,RUSK,11.199661471189788
"St. Croix County, Wisconsin",97950.0,93752.0,5513,WISCONSIN,ST. CROIX,5.880407884631794
"Sauk County, Wisconsin",72930.0,65664.0,5573,WISCONSIN,SAUK,8.487146686159845
"Sawyer County, Wisconsin",57519.0,18057.0,2333,WISCONSIN,SAWYER,12.920197153458494
"Shawano County, Wisconsin",65493.0,40848.0,4037,WISCONSIN,SHAWANO,9.88298080689385
"Sheboygan County, Wisconsin",68969.0,117741.0,8817,WISCONSIN,SHEBOYGAN,7.488470456340613
"Taylor County, Wisconsin",61360.0,19979.0,1742,WISCONSIN,TAYLOR,8.719155112868512
"Trempealeau County, Wisconsin",68474.0,30679.0,2229,WISCONSIN,TREMPEALEAU,7.265556243684605
"Vernon County, Wisconsin",65177.0,30811.0,4433,WISCONSIN,VERNON,14.38771867190289
"Vilas County, Wisconsin",63726.0,23146.0,2235,WISCONSIN,VILAS,9.656096085716754
"Walworth County, Wisconsin",75172.0,105127.0,9786,WISCONSIN,WALWORTH,9.30874085629762
"Washburn County, Wisconsin",58504.0,16685.0,2035,WISCONSIN,WASHBURN,12.196583757866348
"Washington County, Wisconsin",91915.0,136842.0,6436,WISCONSIN,WASHINGTON,4.703234387103375
"Waukesha County, Wisconsin",101639.0,407290.0,19932,WISCONSIN,WAUKESHA,4.893810307152152
"Waupaca County, Wisconsin",69198.0,51822.0,4439,WISCONSIN,WAUPACA,8.565860059434218
"Waushara County, Wisconsin",61033.0,24672.0,2701,WISCONSIN,WAUSHARA,10.947632944228275
"Winnebago County, Wisconsin",70041.0,171197.0,17725,WISCONSIN,WINNEBAGO,10.353569279835511
"Wood County, Wisconsin",63273.0,74138.0,7697,WISCONSIN,WOOD,10.381990342334566
"Albany County, Wyoming",55887.0,37525.0,8060,WYOMING,ALBANY,21.479013990672886
"Big Horn County, Wyoming",61262.0,11690.0,1271,WYOMING,BIG HORN,10.872540633019675
"Campbell County, Wyoming",93315.0,46857.0,4397,WYOMING,CAMPBELL,9.383870072774613
"Carbon County, Wyoming",65196.0,14609.0,1948,WYOMING,CARBON,13.334246012731876
"Converse County, Wyoming",79235.0,13729.0,1499,WYOMING,CONVERSE,10.918493699468279
"Crook County, Wyoming",68876.0,7258.0,455,WYOMING,CROOK,6.268944612841003
"Fremont County, Wyoming",60030.0,39402.0,5322,WYOMING,FREMONT,13.506928582305466
"Goshen County, Wyoming",62356.0,12592.0,1084,WYOMING,GOSHEN,8.60864040660737
"Hot Springs County, Wyoming",64031.0,4616.0,720,WYOMING,HOT SPRINGS,15.597920277296359
"Johnson County, Wyoming",60667.0,8536.0,1401,WYOMING,JOHNSON,16.412839737582004
"Laramie County, Wyoming",76282.0,100316.0,8831,WYOMING,LARAMIE,8.80318194505363
"Lincoln County, Wyoming",83033.0,19794.0,1387,WYOMING,LINCOLN,7.0071738910781045
"Natrona County, Wyoming",69104.0,79506.0,7120,WYOMING,NATRONA,8.955298971146831
"Niobrara County, Wyoming",54375.0,2460.0,409,WYOMING,NIOBRARA,16.6260162601626
"Park County, Wyoming",66754.0,29878.0,2796,WYOMING,PARK,9.35805609478546
"Platte County, Wyoming",64753.0,8618.0,1008,WYOMING,PLATTE,11.69644929217916
"Sheridan County, Wyoming",68898.0,31176.0,2633,WYOMING,SHERIDAN,8.44559917885553
"Sublette County, Wyoming",85960.0,8801.0,706,WYOMING,SUBLETTE,8.02181570276105
"Sweetwater County, Wyoming",79375.0,42079.0,4833,WYOMING,SWEETWATER,11.485539105016754
"Teton County, Wyoming",108279.0,23346.0,1606,WYOMING,TETON,6.879122761929238
"Uinta County, Wyoming",78164.0,20546.0,1315,WYOMING,UINTA,6.4002725591355984
"Washakie County, Wyoming",61875.0,7725.0,503,WYOMING,WASHAKIE,6.511326860841423
"Weston County, Wyoming",71800.0,6870.0,830,WYOMING,WESTON,12.081513828238718
"Adjuntas Municipio, Puerto Rico",17659.0,17972.0,11363,PUERTO RICO,ADJUNTAS MUNICIPIO,63.22612953483196
"Aguada Municipio, Puerto Rico",20301.0,37998.0,17874,PUERTO RICO,AGUADA MUNICIPIO,47.03931785883467
"Aguadilla Municipio, Puerto Rico",18348.0,54752.0,26316,PUERTO RICO,AGUADILLA MUNICIPIO,48.06399766218586
"Aguas Buenas Municipio, Puerto Rico",23160.0,24136.0,10305,PUERTO RICO,AGUAS BUENAS MUNICIPIO,42.69555850182301
"Aibonito Municipio, Puerto Rico",22511.0,24555.0,10416,PUERTO RICO,AIBONITO MUNICIPIO,42.41905925473427
"Añasco Municipio, Puerto Rico",22673.0,25497.0,11819,PUERTO RICO,AÑASCO MUNICIPIO,46.354473075263755
"Arecibo Municipio, Puerto Rico",21799.0,87217.0,38784,PUERTO RICO,ARECIBO MUNICIPIO,44.468394923008134
"Arroyo Municipio, Puerto Rico",18496.0,15797.0,9102,PUERTO RICO,ARROYO MUNICIPIO,57.61853516490473
"Barceloneta Municipio, Puerto Rico",20282.0,22604.0,10535,PUERTO RICO,BARCELONETA MUNICIPIO,46.60679525747655
"Barranquitas Municipio, Puerto Rico",21262.0,28899.0,14345,PUERTO RICO,BARRANQUITAS MUNICIPIO,49.638395792241944
"Bayamón Municipio, Puerto Rico",29403.0,184326.0,62443,PUERTO RICO,BAYAMÓN MUNICIPIO,33.8763929125571
"Cabo Rojo Municipio, Puerto Rico",23077.0,46983.0,19720,PUERTO RICO,CABO ROJO MUNICIPIO,41.97262839750548
"Caguas Municipio, Puerto Rico",29279.0,126772.0,46638,PUERTO RICO,CAGUAS MUNICIPIO,36.788880825418865
"Camuy Municipio, Puerto Rico",23263.0,32733.0,13563,PUERTO RICO,CAMUY MUNICIPIO,41.435248831454494
"Canóvanas Municipio, Puerto Rico",26021.0,42218.0,15289,PUERTO RICO,CANÓVANAS MUNICIPIO,36.214410914775684
"Carolina Municipio, Puerto Rico",32888.0,154126.0,47473,PUERTO RICO,CAROLINA MUNICIPIO,30.801422212994563
"Cataño Municipio, Puerto Rico",22407.0,23060.0,10501,PUERTO RICO,CATAÑO MUNICIPIO,45.53772766695577
"Cayey Municipio, Puerto Rico",26704.0,41509.0,16494,PUERTO RICO,CAYEY MUNICIPIO,39.73596087595461
"Ceiba Municipio, Puerto Rico",22945.0,11256.0,4670,PUERTO RICO,CEIBA MUNICIPIO,41.48898365316276
"Ciales Municipio, Puerto Rico",19618.0,16924.0,9403,PUERTO RICO,CIALES MUNICIPIO,55.56015126447649
"Cidra Municipio, Puerto Rico",25580.0,39831.0,15496,PUERTO RICO,CIDRA MUNICIPIO,38.904370967337
"Coamo Municipio, Puerto Rico",20569.0,34557.0,17166,PUERTO RICO,COAMO MUNICIPIO,49.67445090719681
"Comerío Municipio, Puerto Rico",16153.0,18817.0,10020,PUERTO RICO,COMERÍO MUNICIPIO,53.24972099697083
"Corozal Municipio, Puerto Rico",21670.0,34459.0,15796,PUERTO RICO,COROZAL MUNICIPIO,45.83998374880293
"Culebra Municipio, Puerto Rico",25483.0,1186.0,278,PUERTO RICO,CULEBRA MUNICIPIO,23.440134907251263
"Dorado Municipio, Puerto Rico",31485.0,35786.0,10932,PUERTO RICO,DORADO MUNICIPIO,30.548259095735762
"Fajardo Municipio, Puerto Rico",24309.0,31984.0,13572,PUERTO RICO,FAJARDO MUNICIPIO,42.433716858429214
"Florida Municipio, Puerto Rico",21560.0,11641.0,5500,PUERTO RICO,FLORIDA MUNICIPIO,47.24680010308393
"Guánica Municipio, Puerto Rico",14525.0,13682.0,8971,PUERTO RICO,GUÁNICA MUNICIPIO,65.56789942990791
"Guayama Municipio, Puerto Rico",19165.0,36365.0,16304,PUERTO RICO,GUAYAMA MUNICIPIO,44.83431871304826
"Guayanilla Municipio, Puerto Rico",21312.0,17670.0,9394,PUERTO RICO,GUAYANILLA MUNICIPIO,53.16355404640633
"Guaynabo Municipio, Puerto Rico",43304.0,89554.0,22396,PUERTO RICO,GUAYNABO MUNICIPIO,25.008374835294905
"Gurabo Municipio, Puerto Rico",39533.0,40517.0,12880,PUERTO RICO,GURABO MUNICIPIO,31.789125552237333
"Hatillo Municipio, Puerto Rico",24407.0,38330.0,15031,PUERTO RICO,HATILLO MUNICIPIO,39.214714322984605
"Hormigueros Municipio, Puerto Rico",22542.0,15571.0,6367,PUERTO RICO,HORMIGUEROS MUNICIPIO,40.89011624173142
"Humacao Municipio, Puerto Rico",25940.0,50729.0,18710,PUERTO RICO,HUMACAO MUNICIPIO,36.8822566973526
"Isabela Municipio, Puerto Rico",19965.0,42817.0,20452,PUERTO RICO,ISABELA MUNICIPIO,47.76607422285541
"Jayuya Municipio, Puerto Rico",18363.0,14726.0,8041,PUERTO RICO,JAYUYA MUNICIPIO,54.60410158902621
"Juana Díaz Municipio, Puerto Rico",23035.0,46333.0,20358,PUERTO RICO,JUANA DÍAZ MUNICIPIO,43.93844560032806
"Juncos Municipio, Puerto Rico",25931.0,36928.0,14031,PUERTO RICO,JUNCOS MUNICIPIO,37.9955589254766
"Lajas Municipio, Puerto Rico",17131.0,23202.0,12980,PUERTO RICO,LAJAS MUNICIPIO,55.94345315059046
"Lares Municipio, Puerto Rico",18844.0,27990.0,15493,PUERTO RICO,LARES MUNICIPIO,55.35191139692748
"Las Marías Municipio, Puerto Rico",16506.0,8826.0,4622,PUERTO RICO,LAS MARÍAS MUNICIPIO,52.36800362565148
"Las Piedras Municipio, Puerto Rico",23193.0,35099.0,13709,PUERTO RICO,LAS PIEDRAS MUNICIPIO,39.05809282315735
"Loíza Municipio, Puerto Rico",21306.0,23580.0,10675,PUERTO RICO,LOÍZA MUNICIPIO,45.27141645462256
"Luquillo Municipio, Puerto Rico",22585.0,17716.0,8011,PUERTO RICO,LUQUILLO MUNICIPIO,45.21901106344547
"Manatí Municipio, Puerto Rico",20385.0,39310.0,17778,PUERTO RICO,MANATÍ MUNICIPIO,45.225133553803104
"Maricao Municipio, Puerto Rico",20133.0,5354.0,2785,PUERTO RICO,MARICAO MUNICIPIO,52.01718341426971
"Maunabo Municipio, Puerto Rico",21951.0,10563.0,5269,PUERTO RICO,MAUNABO MUNICIPIO,49.8816624065133
"Mayagüez Municipio, Puerto Rico",16788.0,72721.0,38354,PUERTO RICO,MAYAGÜEZ MUNICIPIO,52.74129893703332
"Moca Municipio, Puerto Rico",20331.0,37363.0,17346,PUERTO RICO,MOCA MUNICIPIO,46.425608222037845
"Morovis Municipio, Puerto Rico",22282.0,28659.0,13586,PUERTO RICO,MOROVIS MUNICIPIO,47.405701524826405
"Naguabo Municipio, Puerto Rico",20486.0,23340.0,11155,PUERTO RICO,NAGUABO MUNICIPIO,47.79348757497858
"Naranjito Municipio, Puerto Rico",20616.0,29153.0,14187,PUERTO RICO,NARANJITO MUNICIPIO,48.663945391554904
"Orocovis Municipio, Puerto Rico",16869.0,21378.0,11866,PUERTO RICO,OROCOVIS MUNICIPIO,55.505660024324065
"Patillas Municipio, Puerto Rico",20778.0,15927.0,7716,PUERTO RICO,PATILLAS MUNICIPIO,48.44603503484649
"Peñuelas Municipio, Puerto Rico",20072.0,20298.0,10569,PUERTO RICO,PEÑUELAS MUNICIPIO,52.06916937629323
"Ponce Municipio, Puerto Rico",18994.0,136542.0,67242,PUERTO RICO,PONCE MUNICIPIO,49.24638572746847
"Quebradillas Municipio, Puerto Rico",20209.0,23540.0,10826,PUERTO RICO,QUEBRADILLAS MUNICIPIO,45.98980458793543
"Rincón Municipio, Puerto Rico",26771.0,15164.0,6243,PUERTO RICO,RINCÓN MUNICIPIO,41.169876022157744
"Río Grande Municipio, Puerto Rico",25963.0,46838.0,16786,PUERTO RICO,RÍO GRANDE MUNICIPIO,35.83842179426961
"Sabana Grande Municipio, Puerto Rico",20464.0,22639.0,10350,PUERTO RICO,SABANA GRANDE MUNICIPIO,45.71756703034586
"Salinas Municipio, Puerto Rico",20123.0,25688.0,12908,PUERTO RICO,SALINAS MUNICIPIO,50.24914356898162
"San Germán Municipio, Puerto Rico",17862.0,31680.0,15579,PUERTO RICO,SAN GERMÁN MUNICIPIO,49.17613636363637
"San Juan Municipio, Puerto Rico",26111.0,340903.0,132586,PUERTO RICO,SAN JUAN MUNICIPIO,38.892588214242764
"San Lorenzo Municipio, Puerto Rico",19629.0,37552.0,16961,PUERTO RICO,SAN LORENZO MUNICIPIO,45.16670217298679
"San Sebastián Municipio, Puerto Rico",17557.0,39183.0,20449,PUERTO RICO,SAN SEBASTIÁN MUNICIPIO,52.188449072301765
"Santa Isabel Municipio, Puerto Rico",22680.0,20207.0,9377,PUERTO RICO,SANTA ISABEL MUNICIPIO,46.40471123867967
"Toa Alta Municipio, Puerto Rico",32456.0,66699.0,21469,PUERTO RICO,TOA ALTA MUNICIPIO,32.187888873896156
"Toa Baja Municipio, Puerto Rico",28719.0,74854.0,26378,PUERTO RICO,TOA BAJA MUNICIPIO,35.23926577070029
"Trujillo Alto Municipio, Puerto Rico",35821.0,67497.0,19642,PUERTO RICO,TRUJILLO ALTO MUNICIPIO,29.10055261715335
"Utuado Municipio, Puerto Rico",17164.0,28155.0,15053,PUERTO RICO,UTUADO MUNICIPIO,53.46474871248446
"Vega Alta Municipio, Puerto Rico",24778.0,35279.0,14782,PUERTO RICO,VEGA ALTA MUNICIPIO,41.900280620198984
"Vega Baja Municipio, Puerto Rico",23701.0,54182.0,23265,PUERTO RICO,VEGA BAJA MUNICIPIO,42.938614299952015
"Vieques Municipio, Puerto Rico",17062.0,8199.0,4433,PUERTO RICO,VIEQUES MUNICIPIO,54.06756921575801
"Villalba Municipio, Puerto Rico",22461.0,21984.0,9342,PUERTO RICO,VILLALBA MUNICIPIO,42.49454148471616
"Yabucoa Municipio, Puerto Rico",19972.0,30313.0,15070,PUERTO RICO,YABUCOA MUNICIPIO,49.71464388216277
"Yauco Municipio, Puerto Rico",19827.0,33988.0,14770,PUERTO RICO,YAUCO MUNICIPIO,43.456514063787225
