EVENT_ID,FATALITY_ID,FAT_YEARMONTH,FAT_DAY,FAT_TIME,FATALITY_DATE_TIME
753636,35464,201804,13,0,2018-04-13
754296,35476,201805,28,0,2018-05-28
854804,39699,201805,9,0,2018-05-09
862273,39903,201807,23,0,2018-07-23
862273,39914,201807,26,0,2018-07-26
862274,39937,201807,27,0,2018-07-27
862277,39948,201807,30,0,2018-07-30
863311,40024,201808,25,0,2018-08-25
862273,39909,201807,24,0,2018-07-24
863310,40015,201808,19,0,2018-08-19
791228,36797,201811,2,0,2018-11-02
791228,36798,201811,2,0,2018-11-02
730218,34944,201802,4,0,2018-02-04
730219,34947,201802,4,0,2018-02-04
730295,34950,201802,9,0,2018-02-09
730812,34951,201802,10,0,2018-02-10
731146,35266,201802,19,0,2018-02-19
731151,35264,201802,3,0,2018-02-03
731151,35265,201802,3,0,2018-02-03
732556,35009,201802,5,0,2018-02-05
733561,35267,201802,25,0,2018-02-25
734019,35023,201802,18,0,2018-02-18
737279,35215,201802,24,0,2018-02-24
737304,35239,201802,20,0,2018-02-20
739742,35223,201802,17,0,2018-02-17
740978,35248,201802,3,0,2018-02-03
740979,35249,201802,3,0,2018-02-03
740979,35250,201802,3,0,2018-02-03
741419,35255,201802,6,0,2018-02-06
742240,35268,201802,20,0,2018-02-20
742595,35274,201802,21,0,2018-02-21
742615,35275,201802,18,0,2018-02-18
743137,35284,201802,23,0,2018-02-23
743238,35278,201802,22,0,2018-02-22
743249,35279,201802,2,0,2018-02-02
743249,35280,201802,2,0,2018-02-02
855632,39596,201804,25,0,2018-04-25
740887,35261,201803,2,0,2018-03-02
743228,35277,201803,28,0,2018-03-28
735022,35272,201802,24,0,2018-02-24
736714,37373,201802,24,0,2018-02-24
746515,35362,201803,2,0,2018-03-02
746598,35358,201803,2,0,2018-03-02
782878,37315,201808,31,0,2018-08-31
789445,36376,201811,29,0,2018-11-29
794496,37218,201811,15,0,2018-11-15
794496,37219,201811,15,0,2018-11-15
794496,37220,201811,15,0,2018-11-15
794496,37221,201811,15,0,2018-11-15
795857,37251,201811,8,0,2018-11-08
795857,37252,201811,8,0,2018-11-08
795857,37253,201811,8,0,2018-11-08
795858,37254,201811,8,0,2018-11-08
795858,37255,201811,8,0,2018-11-08
795858,37256,201811,8,0,2018-11-08
795859,37257,201811,8,0,2018-11-08
795859,37258,201811,8,0,2018-11-08
795859,37259,201811,8,0,2018-11-08
795860,37260,201811,8,0,2018-11-08
795860,37261,201811,8,0,2018-11-08
795860,37262,201811,8,0,2018-11-08
795861,37263,201811,8,0,2018-11-08
795861,37264,201811,8,0,2018-11-08
795861,37265,201811,8,0,2018-11-08
754786,35878,201807,5,0,2018-07-05
755558,35508,201807,5,0,2018-07-05
756196,35489,201807,7,0,2018-07-07
756201,35668,201807,5,0,2018-07-05
756300,35688,201807,10,0,2018-07-10
756300,35689,201807,10,0,2018-07-10
758037,35788,201807,19,0,2018-07-19
759719,35551,201807,19,0,2018-07-19
760551,35622,201807,11,0,2018-07-11
761147,35901,201807,3,0,2018-07-03
761300,35571,201807,17,0,2018-07-17
762222,35577,201807,1,0,2018-07-01
762346,35579,201807,29,0,2018-07-29
763448,35626,201807,23,0,2018-07-23
764060,35612,201807,19,0,2018-07-19
766986,35883,201807,9,0,2018-07-09
767811,35670,201807,14,0,2018-07-14
767811,35671,201807,29,0,2018-07-29
768073,35672,201807,14,0,2018-07-14
768073,35673,201807,29,0,2018-07-29
856773,39632,201805,5,0,2018-05-05
856774,39633,201805,17,0,2018-05-17
773530,35725,201807,2,0,2018-07-02
773530,35723,201807,1,0,2018-07-01
773530,35724,201807,2,0,2018-07-02
773530,35727,201807,2,0,2018-07-02
773530,35729,201807,4,0,2018-07-04
773530,35728,201807,4,0,2018-07-04
773530,35730,201807,5,0,2018-07-05
773530,35726,201807,2,0,2018-07-02
773531,35731,201807,5,0,2018-07-05
773532,35733,201807,6,0,2018-07-06
773532,35734,201807,7,0,2018-07-07
773532,35735,201807,7,0,2018-07-07
773532,35736,201807,8,0,2018-07-08
773532,35737,201807,9,0,2018-07-09
773532,35739,201807,10,0,2018-07-10
773532,35740,201807,10,0,2018-07-10
773532,35732,201807,6,0,2018-07-06
773532,35738,201807,10,0,2018-07-10
773533,35741,201807,13,0,2018-07-13
773534,35743,201807,11,0,2018-07-11
773534,35744,201807,11,0,2018-07-11
773534,35745,201807,12,0,2018-07-12
773534,35747,201807,14,0,2018-07-14
773534,35742,201807,11,0,2018-07-11
773534,35746,201807,12,0,2018-07-12
773534,35748,201807,15,0,2018-07-15
773535,35749,201807,16,0,2018-07-16
773535,35751,201807,17,0,2018-07-17
773535,35752,201807,17,0,2018-07-17
773535,35754,201807,19,0,2018-07-19
773535,35750,201807,17,0,2018-07-17
773535,35753,201807,18,0,2018-07-18
773536,35755,201807,20,0,2018-07-20
773536,35756,201807,20,0,2018-07-20
773536,35757,201807,21,0,2018-07-21
773536,35758,201807,22,0,2018-07-22
773536,35759,201807,23,0,2018-07-23
773537,35761,201807,25,0,2018-07-25
773537,35773,201807,28,0,2018-07-28
773537,35760,201807,24,0,2018-07-24
773537,35762,201807,25,0,2018-07-25
773537,35764,201807,26,0,2018-07-26
773537,35765,201807,26,0,2018-07-26
773537,35766,201807,26,0,2018-07-26
773537,35770,201807,27,0,2018-07-27
773537,35771,201807,28,0,2018-07-28
773537,35772,201807,28,0,2018-07-28
773537,35763,201807,25,0,2018-07-25
773537,35767,201807,26,0,2018-07-26
773537,35768,201807,26,0,2018-07-26
773537,35769,201807,27,0,2018-07-27
773537,35774,201807,29,0,2018-07-29
773537,35775,201807,29,0,2018-07-29
773537,35776,201807,30,0,2018-07-30
774967,35880,201807,6,0,2018-07-06
775396,35857,201807,16,0,2018-07-16
775400,35858,201807,18,0,2018-07-18
775579,35862,201807,15,0,2018-07-15
775581,35863,201807,25,0,2018-07-25
776172,35879,201807,21,0,2018-07-21
764696,35623,201808,3,0,2018-08-03
774127,35853,201808,20,0,2018-08-20
774128,35854,201808,20,0,2018-08-20
775409,35994,201808,20,0,2018-08-20
824113,38804,201811,29,0,2018-11-29
771912,36066,201809,2,0,2018-09-02
773417,35786,201809,9,0,2018-09-09
773823,35777,201809,9,0,2018-09-09
773826,35991,201809,10,0,2018-09-10
776881,35886,201809,28,0,2018-09-28
776881,35887,201809,28,0,2018-09-28
778074,35904,201809,15,0,2018-09-15
780582,35990,201809,23,0,2018-09-23
783402,36025,201809,7,0,2018-09-07
783402,36026,201809,7,0,2018-09-07
783403,36027,201809,9,0,2018-09-09
783404,36028,201809,17,0,2018-09-17
783701,36138,201809,23,0,2018-09-23
784008,36081,201809,7,0,2018-09-07
784424,36137,201809,8,0,2018-09-08
785023,36077,201809,6,0,2018-09-06
785388,36084,201809,8,0,2018-09-08
785476,36087,201809,8,0,2018-09-08
785476,36088,201809,8,0,2018-09-08
785483,36091,201809,10,0,2018-09-10
786080,36098,201809,21,0,2018-09-21
786781,36115,201809,17,0,2018-09-17
786876,36116,201809,29,0,2018-09-29
786922,36119,201809,17,0,2018-09-17
787252,36136,201809,26,0,2018-09-26
787800,36139,201809,16,0,2018-09-16
787816,36140,201809,15,0,2018-09-15
787817,36141,201809,9,0,2018-09-09
787817,36142,201809,9,0,2018-09-09
787887,36144,201809,16,0,2018-09-16
787914,36145,201809,17,0,2018-09-17
787921,36146,201809,18,0,2018-09-18
774074,40283,201807,24,0,2018-07-24
774083,40281,201807,5,0,2018-07-05
779523,39490,201809,30,0,2018-09-30
781930,36002,201808,14,0,2018-08-14
864708,40132,201807,6,0,2018-07-06
864708,40133,201807,6,0,2018-07-06
864712,40146,201807,5,0,2018-07-05
864712,40147,201807,5,0,2018-07-05
864712,40148,201807,6,0,2018-07-06
864712,40149,201807,6,0,2018-07-06
864712,40150,201807,6,0,2018-07-06
864712,40151,201807,6,0,2018-07-06
864712,40152,201807,7,0,2018-07-07
864712,40153,201807,7,0,2018-07-07
864712,40154,201807,7,0,2018-07-07
864712,40156,201807,8,0,2018-07-08
864712,40157,201807,8,0,2018-07-08
864717,40158,201807,8,0,2018-07-08
864849,40309,201807,1,0,2018-07-01
864850,40352,201807,3,0,2018-07-03
864851,40353,201807,4,0,2018-07-04
864852,40354,201807,4,0,2018-07-04
864861,40347,201807,9,0,2018-07-09
864861,40348,201807,9,0,2018-07-09
864885,40356,201807,13,0,2018-07-13
743632,35538,201805,4,0,2018-05-04
746849,35341,201805,21,0,2018-05-21
764407,36824,201806,25,0,2018-06-25
864886,40314,201807,16,0,2018-07-16
864887,40357,201807,17,0,2018-07-17
864888,40358,201807,17,0,2018-07-17
864890,40319,201807,18,0,2018-07-18
864891,40320,201807,18,0,2018-07-18
864892,40321,201807,18,0,2018-07-18
864897,40322,201807,22,0,2018-07-22
864898,40257,201807,23,0,2018-07-23
864898,40258,201807,23,0,2018-07-23
864898,40259,201807,23,0,2018-07-23
864898,40260,201807,23,0,2018-07-23
784380,36809,201807,4,0,2018-07-04
864898,40262,201807,24,0,2018-07-24
864898,40263,201807,24,0,2018-07-24
864898,40264,201807,25,0,2018-07-25
864898,40265,201807,25,0,2018-07-25
864898,40266,201807,25,0,2018-07-25
864899,40267,201807,23,0,2018-07-23
864899,40268,201807,25,0,2018-07-25
864899,40269,201807,25,0,2018-07-25
864900,40270,201807,23,0,2018-07-23
864904,40360,201807,26,0,2018-07-26
864904,40362,201807,26,0,2018-07-26
864905,40363,201807,26,0,2018-07-26
864906,40364,201807,26,0,2018-07-26
727673,34676,201801,3,0,2018-01-03
727674,35288,201801,3,0,2018-01-03
727675,34680,201801,1,0,2018-01-01
727697,34681,201801,10,0,2018-01-10
727703,34824,201801,17,0,2018-01-17
736999,35224,201801,2,0,2018-01-02
737000,35226,201801,2,0,2018-01-02
737656,35228,201801,16,0,2018-01-16
739886,35227,201801,2,0,2018-01-02
739887,35232,201801,17,0,2018-01-17
864907,40365,201807,26,0,2018-07-26
864908,40366,201807,27,0,2018-07-27
864909,40367,201807,27,0,2018-07-27
864910,40213,201807,27,0,2018-07-27
864910,40214,201807,27,0,2018-07-27
864919,40368,201807,20,0,2018-07-20
864921,40369,201807,20,0,2018-07-20
864924,40372,201807,28,0,2018-07-28
864925,40375,201807,28,0,2018-07-28
864925,40376,201807,28,0,2018-07-28
864926,40282,201807,7,0,2018-07-07
864928,40377,201807,28,0,2018-07-28
864931,40378,201807,30,0,2018-07-30
864933,40338,201807,29,0,2018-07-29
864935,40379,201807,30,0,2018-07-30
864936,40380,201807,30,0,2018-07-30
864937,40345,201807,31,0,2018-07-31
865099,40339,201807,29,0,2018-07-29
865099,40340,201807,29,0,2018-07-29
865319,40381,201807,30,0,2018-07-30
865921,40349,201807,9,0,2018-07-09
865921,40350,201807,9,0,2018-07-09
865921,40351,201807,9,0,2018-07-09
865922,40370,201807,20,0,2018-07-20
865922,40371,201807,20,0,2018-07-20
866442,40559,201808,2,0,2018-08-02
866442,40560,201808,2,0,2018-08-02
866443,40562,201808,3,0,2018-08-03
866443,40563,201808,3,0,2018-08-03
866443,40564,201808,3,0,2018-08-03
866444,40565,201808,3,0,2018-08-03
866444,40566,201808,3,0,2018-08-03
866447,40567,201808,3,0,2018-08-03
866450,40573,201808,5,0,2018-08-05
866450,40574,201808,5,0,2018-08-05
866450,40575,201808,5,0,2018-08-05
866452,40568,201808,4,0,2018-08-04
866452,40570,201808,4,0,2018-08-04
866453,40571,201808,4,0,2018-08-04
866453,40572,201808,4,0,2018-08-04
866455,40532,201808,6,0,2018-08-06
866455,40533,201808,6,0,2018-08-06
866455,40535,201808,6,0,2018-08-06
866455,40536,201808,6,0,2018-08-06
866455,40537,201808,7,0,2018-08-07
866455,40538,201808,7,0,2018-08-07
866455,40539,201808,7,0,2018-08-07
866455,40540,201808,7,0,2018-08-07
866455,40541,201808,7,0,2018-08-07
866455,40542,201808,6,0,2018-08-06
866456,40433,201808,7,0,2018-08-07
866456,40434,201808,7,0,2018-08-07
867054,40449,201808,3,0,2018-08-03
867269,40577,201808,18,0,2018-08-18
867271,40578,201808,19,0,2018-08-19
867272,40579,201808,19,0,2018-08-19
867273,40580,201808,19,0,2018-08-19
867285,40581,201809,9,0,2018-09-09
867286,40582,201809,10,0,2018-09-10
867287,40583,201809,10,0,2018-09-10
867288,40584,201809,12,0,2018-09-12
867289,40585,201809,13,0,2018-09-13
867295,40472,201809,14,0,2018-09-14
867296,40473,201809,14,0,2018-09-14
867297,40474,201809,14,0,2018-09-14
867298,40475,201809,14,0,2018-09-14
867299,40476,201809,14,0,2018-09-14
867300,40587,201809,16,0,2018-09-16
867301,40588,201809,17,0,2018-09-17
867301,40589,201809,17,0,2018-09-17
867317,40590,201809,22,0,2018-09-22
867318,40591,201809,23,0,2018-09-23
867319,40592,201809,27,0,2018-09-27
867320,40593,201809,27,0,2018-09-27
867355,40503,201808,28,0,2018-08-28
867356,40496,201808,29,0,2018-08-29
867356,40497,201808,29,0,2018-08-29
867357,40498,201808,29,0,2018-08-29
867358,40499,201808,30,0,2018-08-30
867359,40500,201808,30,0,2018-08-30
867359,40501,201808,30,0,2018-08-30
867360,40502,201808,31,0,2018-08-31
867361,40543,201809,1,0,2018-09-01
867362,40544,201809,1,0,2018-09-01
867363,40545,201809,2,0,2018-09-02
867364,40546,201809,2,0,2018-09-02
867365,40547,201809,2,0,2018-09-02
867366,40548,201809,5,0,2018-09-05
867367,40549,201809,5,0,2018-09-05
867368,40550,201809,6,0,2018-09-06
867369,40512,201810,4,0,2018-10-04
866455,40534,201808,6,0,2018-08-06
778943,40448,201808,6,0,2018-08-06
864712,40155,201807,7,0,2018-07-07
733846,35022,201801,5,0,2018-01-05
738582,35270,201802,24,0,2018-02-24
743753,35287,201802,20,0,2018-02-20
726052,35076,201801,1,0,2018-01-01
726215,34623,201801,4,0,2018-01-04
726225,34618,201801,4,0,2018-01-04
726403,34619,201801,1,0,2018-01-01
726404,34620,201801,1,0,2018-01-01
726483,34622,201801,3,0,2018-01-03
726786,34626,201801,8,0,2018-01-08
727203,34631,201801,12,0,2018-01-12
727233,34926,201801,12,0,2018-01-12
727233,34927,201801,12,0,2018-01-12
727488,35083,201801,17,0,2018-01-17
727488,35084,201801,17,0,2018-01-17
727604,34649,201801,18,0,2018-01-18
864886,40315,201807,16,0,2018-07-16
864898,40261,201807,24,0,2018-07-24
864904,40361,201807,26,0,2018-07-26
864924,40373,201807,28,0,2018-07-28
864939,40346,201807,31,0,2018-07-31
866442,40561,201808,2,0,2018-08-02
727985,34686,201801,21,0,2018-01-21
728128,34687,201801,21,0,2018-01-21
728269,34688,201801,11,0,2018-01-11
728565,35014,201801,12,0,2018-01-12
729040,34923,201801,24,0,2018-01-24
730198,34941,201801,26,0,2018-01-26
731057,34968,201801,13,0,2018-01-13
731598,34992,201801,4,0,2018-01-04
731599,34991,201801,3,0,2018-01-03
731600,34990,201801,3,0,2018-01-03
731601,34989,201801,1,0,2018-01-01
731727,35066,201801,17,0,2018-01-17
733015,35175,201801,2,0,2018-01-02
733767,35020,201801,17,0,2018-01-17
733767,35021,201801,17,0,2018-01-17
866452,40569,201808,4,0,2018-08-04
734468,35089,201801,6,0,2018-01-06
734679,35038,201801,9,0,2018-01-09
734679,35039,201801,9,0,2018-01-09
734806,35073,201801,2,0,2018-01-02
734809,35074,201801,7,0,2018-01-07
734908,35060,201801,24,0,2018-01-24
734912,35061,201801,24,0,2018-01-24
734912,35062,201801,24,0,2018-01-24
735408,35067,201801,17,0,2018-01-17
735409,35068,201801,17,0,2018-01-17
735822,35085,201801,17,0,2018-01-17
735911,35077,201801,10,0,2018-01-10
736574,35091,201801,9,0,2018-01-09
781920,36001,201808,12,0,2018-08-12
864889,40359,201807,17,0,2018-07-17
737012,35090,201801,5,0,2018-01-05
737092,35092,201801,3,0,2018-01-03
737092,35093,201801,3,0,2018-01-03
737106,35136,201801,8,0,2018-01-08
737398,35139,201801,17,0,2018-01-17
737434,35162,201801,10,0,2018-01-10
737438,35161,201801,20,0,2018-01-20
864925,40374,201807,28,0,2018-07-28
737504,35167,201801,25,0,2018-01-25
737519,35171,201801,2,0,2018-01-02
737640,35181,201801,17,0,2018-01-17
866451,40576,201808,5,0,2018-08-05
737791,35182,201801,1,0,2018-01-01
737796,35183,201801,12,0,2018-01-12
738328,35190,201801,1,0,2018-01-01
738329,35189,201801,1,0,2018-01-01
745618,35856,201806,2,0,2018-06-02
751916,35425,201804,17,0,2018-04-17
786913,37382,201810,14,0,2018-10-14
786913,37383,201810,14,0,2018-10-14
854799,39702,201805,6,0,2018-05-06
854799,39703,201805,7,0,2018-05-07
854805,39704,201805,20,0,2018-05-20
854805,39705,201805,23,0,2018-05-23
854805,39706,201805,25,0,2018-05-25
854806,39707,201805,20,0,2018-05-20
854807,39708,201805,22,0,2018-05-22
855619,40116,201806,3,0,2018-06-03
855619,40117,201806,6,0,2018-06-06
856204,40113,201806,22,0,2018-06-22
856204,40114,201806,22,0,2018-06-22
856204,40115,201806,23,0,2018-06-23
858357,39709,201805,1,0,2018-05-01
861878,39862,201806,3,0,2018-06-03
778759,35907,201808,19,0,2018-08-19
778759,35908,201808,19,0,2018-08-19
782826,36016,201803,1,0,2018-03-01
785747,36094,201809,17,0,2018-09-17
785748,36095,201809,17,0,2018-09-17
785756,36096,201809,18,0,2018-09-18
783856,36129,201809,14,0,2018-09-14
783860,36130,201809,15,0,2018-09-15
783872,36131,201809,15,0,2018-09-15
799751,37375,201812,28,0,2018-12-28
774718,37670,201807,26,0,2018-07-26
774718,37671,201807,26,0,2018-07-26
774718,37672,201807,26,0,2018-07-26
774718,37673,201807,26,0,2018-07-26
774715,37674,201807,28,0,2018-07-28
774715,37675,201807,28,0,2018-07-28
774715,37676,201808,9,0,2018-08-09
774715,37677,201807,24,0,2018-07-24
774723,37678,201807,27,0,2018-07-27
737349,37803,201801,9,0,2018-01-09
737349,37804,201801,9,0,2018-01-09
737349,37805,201801,9,0,2018-01-09
737349,37806,201801,9,0,2018-01-09
737349,37807,201801,9,0,2018-01-09
737349,37808,201801,9,0,2018-01-09
737349,37809,201801,9,0,2018-01-09
737349,37810,201801,9,0,2018-01-09
737349,37811,201801,9,0,2018-01-09
737349,37812,201801,9,0,2018-01-09
737349,37813,201801,9,0,2018-01-09
737349,37814,201801,9,0,2018-01-09
737349,37815,201801,9,0,2018-01-09
737349,37816,201801,9,0,2018-01-09
737349,37817,201801,9,0,2018-01-09
737349,37818,201801,9,0,2018-01-09
737349,37819,201801,9,0,2018-01-09
737349,37820,201801,9,0,2018-01-09
737349,37821,201801,9,0,2018-01-09
737349,37822,201801,9,0,2018-01-09
737349,37823,201801,9,0,2018-01-09
807380,37846,201812,30,0,2018-12-30
743596,37849,201803,7,0,2018-03-07
743586,37850,201803,8,0,2018-03-08
743586,37851,201803,8,0,2018-03-08
727489,37854,201801,15,0,2018-01-15
727489,37855,201801,15,0,2018-01-15
785740,37924,201809,14,0,2018-09-14
785741,37925,201809,13,0,2018-09-13
861893,39872,201806,13,0,2018-06-13
861895,39873,201806,13,0,2018-06-13
861909,39876,201806,23,0,2018-06-23
861910,39875,201806,22,0,2018-06-22
861919,39878,201806,26,0,2018-06-26
862273,39902,201807,22,0,2018-07-22
862273,39904,201807,23,0,2018-07-23
862273,39905,201807,23,0,2018-07-23
862273,39906,201807,23,0,2018-07-23
862273,39907,201807,24,0,2018-07-24
862273,39908,201807,24,0,2018-07-24
862273,39910,201807,25,0,2018-07-25
862273,39911,201807,25,0,2018-07-25
862273,39912,201807,25,0,2018-07-25
862273,39913,201807,26,0,2018-07-26
862273,39915,201807,26,0,2018-07-26
862273,39916,201807,27,0,2018-07-27
862273,39917,201807,28,0,2018-07-28
862273,39918,201807,28,0,2018-07-28
862273,39919,201807,29,0,2018-07-29
862273,39920,201807,29,0,2018-07-29
862273,39921,201807,30,0,2018-07-30
862274,39933,201807,23,0,2018-07-23
862274,39934,201807,25,0,2018-07-25
862274,39935,201807,25,0,2018-07-25
862274,39936,201807,26,0,2018-07-26
862274,39938,201807,28,0,2018-07-28
862274,39939,201807,28,0,2018-07-28
862274,39940,201807,28,0,2018-07-28
862274,39941,201807,29,0,2018-07-29
862274,39942,201807,30,0,2018-07-30
862274,39943,201807,31,0,2018-07-31
862275,39944,201807,23,0,2018-07-23
862275,39945,201807,26,0,2018-07-26
862275,39946,201807,30,0,2018-07-30
862277,39947,201807,26,0,2018-07-26
862278,39949,201807,31,0,2018-07-31
862279,39950,201807,27,0,2018-07-27
862279,39951,201807,27,0,2018-07-27
862279,39952,201807,28,0,2018-07-28
863310,40016,201808,23,0,2018-08-23
863310,40017,201808,29,0,2018-08-29
863310,40018,201808,29,0,2018-08-29
863310,40019,201808,30,0,2018-08-30
863310,40020,201808,31,0,2018-08-31
863311,40023,201808,22,0,2018-08-22
863312,40025,201808,19,0,2018-08-19
863313,40085,201808,18,0,2018-08-18
863313,40086,201808,28,0,2018-08-28
863313,40087,201808,30,0,2018-08-30
863313,40088,201808,30,0,2018-08-30
863314,40031,201808,19,0,2018-08-19
863314,40032,201808,26,0,2018-08-26
863379,40089,201808,21,0,2018-08-21
863379,40090,201808,29,0,2018-08-29
863758,40053,201810,22,0,2018-10-22
863879,40081,201809,22,0,2018-09-22
863879,40082,201809,23,0,2018-09-23
863879,40083,201809,27,0,2018-09-27
863880,40084,201809,27,0,2018-09-27
863917,40091,201808,18,0,2018-08-18
864337,40104,201806,8,0,2018-06-08
864339,40106,201806,10,0,2018-06-10
864340,40107,201806,11,0,2018-06-11
864342,40108,201806,12,0,2018-06-12
864342,40109,201806,14,0,2018-06-14
864342,40110,201806,14,0,2018-06-14
864342,40111,201806,15,0,2018-06-15
864342,40112,201806,15,0,2018-06-15
864338,40105,201806,9,0,2018-06-09
784966,36125,201809,15,0,2018-09-15
830028,38941,201810,24,0,2018-10-24
784797,36068,201811,12,0,2018-11-12
785131,36079,201811,12,0,2018-11-12
759483,36192,201807,24,0,2018-07-24
786744,36179,201811,25,0,2018-11-25
788617,36181,201811,17,0,2018-11-17
789509,36470,201811,28,0,2018-11-28
792470,36825,201811,17,0,2018-11-17
791728,36827,201811,25,0,2018-11-25
788886,36829,201811,9,0,2018-11-09
792571,36830,201811,4,0,2018-11-04
792571,36831,201811,4,0,2018-11-04
792641,36832,201811,7,0,2018-11-07
793520,36853,201811,14,0,2018-11-14
793520,36854,201811,14,0,2018-11-14
737466,35165,201801,21,0,2018-01-21
737542,35173,201803,24,0,2018-03-24
767747,35659,201808,2,0,2018-08-02
767747,35660,201808,2,0,2018-08-02
767750,37658,201808,5,0,2018-08-05
767801,35662,201808,5,0,2018-08-05
767803,35663,201808,1,0,2018-08-01
767805,35664,201808,5,0,2018-08-05
774666,37660,201809,3,0,2018-09-03
785090,36162,201809,4,0,2018-09-04
785711,36106,201809,17,0,2018-09-17
785715,36108,201809,14,0,2018-09-14
785715,36109,201809,14,0,2018-09-14
785716,36110,201809,14,0,2018-09-14
786266,36101,201809,16,0,2018-09-16
786266,36102,201809,17,0,2018-09-17
786268,36104,201809,17,0,2018-09-17
786315,36132,201809,22,0,2018-09-22
788675,37562,201811,8,0,2018-11-08
788675,37563,201811,8,0,2018-11-08
788675,37564,201811,8,0,2018-11-08
788675,37565,201811,8,0,2018-11-08
788675,37566,201811,8,0,2018-11-08
788675,37567,201811,8,0,2018-11-08
788675,37568,201811,8,0,2018-11-08
788675,37569,201811,8,0,2018-11-08
788675,37570,201811,8,0,2018-11-08
788675,37571,201811,8,0,2018-11-08
788675,37572,201811,8,0,2018-11-08
788675,37574,201811,8,0,2018-11-08
788675,37575,201811,8,0,2018-11-08
788675,37577,201811,8,0,2018-11-08
788675,37578,201811,8,0,2018-11-08
788675,37579,201811,8,0,2018-11-08
788675,37580,201811,8,0,2018-11-08
788675,37581,201811,8,0,2018-11-08
788675,37582,201811,8,0,2018-11-08
788675,37583,201811,8,0,2018-11-08
788675,37585,201811,8,0,2018-11-08
788675,37586,201811,8,0,2018-11-08
788675,37587,201811,8,0,2018-11-08
788675,37588,201811,8,0,2018-11-08
788675,37589,201811,8,0,2018-11-08
788675,37590,201811,8,0,2018-11-08
788675,37591,201811,8,0,2018-11-08
788675,37592,201811,8,0,2018-11-08
788675,37593,201811,8,0,2018-11-08
788675,37594,201811,8,0,2018-11-08
788675,37595,201811,8,0,2018-11-08
788675,37597,201811,8,0,2018-11-08
788675,37598,201811,8,0,2018-11-08
788675,37599,201811,8,0,2018-11-08
788675,37600,201811,8,0,2018-11-08
788675,37601,201811,8,0,2018-11-08
788675,37602,201811,8,0,2018-11-08
788675,37603,201811,8,0,2018-11-08
788675,37604,201811,8,0,2018-11-08
788675,37605,201811,8,0,2018-11-08
788675,37606,201811,8,0,2018-11-08
788675,37608,201811,8,0,2018-11-08
788675,37610,201811,8,0,2018-11-08
788675,37611,201811,8,0,2018-11-08
788675,37612,201811,8,0,2018-11-08
788675,37613,201811,8,0,2018-11-08
788675,37614,201811,8,0,2018-11-08
788675,37615,201811,8,0,2018-11-08
788675,37616,201811,8,0,2018-11-08
788675,37617,201811,8,0,2018-11-08
788675,37618,201811,8,0,2018-11-08
788675,37620,201811,8,0,2018-11-08
788675,37621,201811,8,0,2018-11-08
788675,37622,201811,8,0,2018-11-08
788675,37623,201811,8,0,2018-11-08
788675,37624,201811,8,0,2018-11-08
788675,37625,201811,8,0,2018-11-08
788675,37626,201811,8,0,2018-11-08
788675,37627,201811,8,0,2018-11-08
788675,37628,201811,8,0,2018-11-08
788675,37629,201811,8,0,2018-11-08
788675,37630,201811,8,0,2018-11-08
788675,37632,201811,8,0,2018-11-08
788675,37633,201811,8,0,2018-11-08
788675,37634,201811,8,0,2018-11-08
788675,37635,201811,8,0,2018-11-08
788675,37636,201811,8,0,2018-11-08
788675,37637,201811,8,0,2018-11-08
784798,37227,201811,12,0,2018-11-12
788675,37638,201811,8,0,2018-11-08
744182,35566,201805,8,0,2018-05-08
744182,35567,201805,8,0,2018-05-08
788675,37639,201811,8,0,2018-11-08
788675,37640,201811,8,0,2018-11-08
746894,35342,201805,16,0,2018-05-16
747018,35448,201805,15,0,2018-05-15
748170,35375,201805,21,0,2018-05-21
750890,35423,201805,30,0,2018-05-30
751595,35424,201805,18,0,2018-05-18
751955,35429,201805,19,0,2018-05-19
751966,35430,201805,25,0,2018-05-25
751974,35431,201805,31,0,2018-05-31
751979,35436,201805,25,0,2018-05-25
753726,35562,201805,16,0,2018-05-16
788675,37643,201811,8,0,2018-11-08
754418,35477,201805,13,0,2018-05-13
754420,35478,201805,13,0,2018-05-13
754422,35499,201805,13,0,2018-05-13
754749,35483,201805,1,0,2018-05-01
756269,35491,201805,10,0,2018-05-10
756269,35492,201805,10,0,2018-05-10
756270,35493,201805,29,0,2018-05-29
788675,37644,201811,8,0,2018-11-08
757297,35539,201805,31,0,2018-05-31
788675,37645,201811,8,0,2018-11-08
788675,37646,201811,8,0,2018-11-08
758794,35531,201805,19,0,2018-05-19
758796,35532,201805,25,0,2018-05-25
758860,35533,201805,19,0,2018-05-19
759312,35549,201805,30,0,2018-05-30
759312,35550,201805,30,0,2018-05-30
788675,37647,201811,8,0,2018-11-08
760172,35560,201805,28,0,2018-05-28
760172,35561,201805,28,0,2018-05-28
761126,35569,201805,27,0,2018-05-27
761444,35574,201805,26,0,2018-05-26
763337,35602,201805,12,0,2018-05-12
871251,40662,201809,11,0,2018-09-11
871252,40663,201809,10,0,2018-09-10
796756,37279,201812,1,0,2018-12-01
737543,37656,201803,25,0,2018-03-25
785711,36107,201809,17,0,2018-09-17
788675,37573,201811,8,0,2018-11-08
788675,37584,201811,8,0,2018-11-08
788675,37596,201811,8,0,2018-11-08
788675,37607,201811,8,0,2018-11-08
788675,37619,201811,8,0,2018-11-08
788675,37631,201811,8,0,2018-11-08
788675,37642,201811,8,0,2018-11-08
788675,37576,201811,8,0,2018-11-08
788675,37609,201811,8,0,2018-11-08
788675,37641,201811,8,0,2018-11-08
740496,35913,201803,22,0,2018-03-22
740496,35914,201803,22,0,2018-03-22
745602,35992,201805,5,0,2018-05-05
756478,36049,201805,15,0,2018-05-15
756718,36064,201805,15,0,2018-05-15
759999,35559,201805,27,0,2018-05-27
760004,35554,201805,30,0,2018-05-30
760004,35555,201805,30,0,2018-05-30
760005,35556,201805,30,0,2018-05-30
760825,35565,201807,5,0,2018-07-05
771183,36061,201806,15,0,2018-06-15
772286,35691,201807,3,0,2018-07-03
772286,35692,201807,3,0,2018-07-03
772286,35693,201807,3,0,2018-07-03
772286,35694,201807,3,0,2018-07-03
772286,35695,201807,3,0,2018-07-03
772286,35696,201807,3,0,2018-07-03
772286,35697,201807,3,0,2018-07-03
772286,35698,201807,3,0,2018-07-03
772288,35699,201807,3,0,2018-07-03
772379,35711,201807,16,0,2018-07-16
772380,35710,201807,16,0,2018-07-16
772381,35707,201807,16,0,2018-07-16
772381,35708,201807,16,0,2018-07-16
772381,35709,201807,16,0,2018-07-16
772382,35714,201807,17,0,2018-07-17
772382,35715,201807,17,0,2018-07-17
772383,35716,201807,17,0,2018-07-17
772384,35717,201807,17,0,2018-07-17
776801,36051,201808,15,0,2018-08-15
776989,35888,201807,22,0,2018-07-22
776990,35889,201807,23,0,2018-07-23
783373,36063,201805,15,0,2018-05-15
783446,36065,201805,15,0,2018-05-15
783447,36062,201805,15,0,2018-05-15
784181,36052,201806,28,0,2018-06-28
784196,36053,201807,6,0,2018-07-06
784378,36055,201802,25,0,2018-02-25
727655,34671,201801,1,0,2018-01-01
767467,35653,201808,20,0,2018-08-20
769782,35791,201808,28,0,2018-08-28
772804,35719,201808,1,0,2018-08-01
774545,35794,201808,14,0,2018-08-14
774545,35795,201808,14,0,2018-08-14
778966,35911,201808,18,0,2018-08-18
778966,35912,201808,19,0,2018-08-19
779120,35924,201808,10,0,2018-08-10
779120,35915,201808,6,0,2018-08-06
779120,35918,201808,9,0,2018-08-09
779120,35919,201808,10,0,2018-08-10
779120,35920,201808,10,0,2018-08-10
779120,35921,201808,10,0,2018-08-10
779120,35923,201808,10,0,2018-08-10
779120,35917,201808,9,0,2018-08-09
779120,35922,201808,10,0,2018-08-10
779120,35916,201808,8,0,2018-08-08
779141,35925,201808,11,0,2018-08-11
779141,35926,201808,12,0,2018-08-12
779141,35929,201808,14,0,2018-08-14
779141,35930,201808,14,0,2018-08-14
779141,35931,201808,15,0,2018-08-15
779141,35927,201808,13,0,2018-08-13
779141,35928,201808,13,0,2018-08-13
779161,35933,201808,18,0,2018-08-18
779161,35935,201808,20,0,2018-08-20
779161,35932,201808,16,0,2018-08-16
779161,35934,201808,19,0,2018-08-19
779162,35964,201808,1,0,2018-08-01
779162,35959,201808,1,0,2018-08-01
779162,35960,201808,1,0,2018-08-01
779162,35962,201808,1,0,2018-08-01
779162,35963,201808,1,0,2018-08-01
779162,35965,201808,1,0,2018-08-01
779162,35966,201808,2,0,2018-08-02
779162,35968,201808,3,0,2018-08-03
779162,35954,201808,1,0,2018-08-01
779162,35955,201808,1,0,2018-08-01
779162,35956,201808,1,0,2018-08-01
779162,35957,201808,1,0,2018-08-01
779162,35958,201808,1,0,2018-08-01
779162,35967,201808,2,0,2018-08-02
779162,35969,201808,4,0,2018-08-04
779162,35971,201808,5,0,2018-08-05
779162,35961,201808,1,0,2018-08-01
779162,35970,201808,5,0,2018-08-05
779163,35972,201808,27,0,2018-08-27
779163,35973,201808,29,0,2018-08-29
779163,35974,201808,29,0,2018-08-29
779859,36009,201808,30,0,2018-08-30
779859,36010,201808,30,0,2018-08-30
779859,36011,201808,30,0,2018-08-30
779859,36012,201808,30,0,2018-08-30
779874,35981,201808,24,0,2018-08-24
781581,36054,201808,18,0,2018-08-18
782083,36003,201808,6,0,2018-08-06
783385,36029,201808,18,0,2018-08-18
750301,35421,201806,6,0,2018-06-06
751975,35432,201806,16,0,2018-06-16
751976,35433,201806,17,0,2018-06-17
751977,35434,201806,19,0,2018-06-19
751978,35435,201806,19,0,2018-06-19
753109,35461,201806,17,0,2018-06-17
753635,35462,201806,15,0,2018-06-15
753637,35465,201806,28,0,2018-06-28
753814,35470,201806,24,0,2018-06-24
753974,35482,201806,27,0,2018-06-27
755021,35501,201806,22,0,2018-06-22
757760,35685,201806,4,0,2018-06-04
758147,35527,201806,23,0,2018-06-23
758846,35575,201806,28,0,2018-06-28
759145,35548,201806,17,0,2018-06-17
762189,35576,201806,19,0,2018-06-19
762629,35580,201806,4,0,2018-06-04
762629,35581,201806,5,0,2018-06-05
762629,35582,201806,6,0,2018-06-06
762629,35583,201806,8,0,2018-06-08
762630,35589,201806,13,0,2018-06-13
762630,35590,201806,13,0,2018-06-13
762630,35591,201806,13,0,2018-06-13
762630,35592,201806,14,0,2018-06-14
762631,35593,201806,13,0,2018-06-13
762633,35594,201806,21,0,2018-06-21
762633,35595,201806,21,0,2018-06-21
762647,35596,201806,26,0,2018-06-26
762647,35597,201806,27,0,2018-06-27
762647,35598,201806,28,0,2018-06-28
762647,35599,201806,30,0,2018-06-30
763373,35619,201806,29,0,2018-06-29
763714,35611,201806,3,0,2018-06-03
764786,35616,201806,17,0,2018-06-17
765635,35621,201806,17,0,2018-06-17
766281,35627,201806,3,0,2018-06-03
767004,35634,201806,7,0,2018-06-07
767020,35638,201806,30,0,2018-06-30
767237,35678,201806,28,0,2018-06-28
767809,35675,201806,4,0,2018-06-04
767822,35667,201806,21,0,2018-06-21
768040,35677,201806,8,0,2018-06-08
769097,35679,201806,1,0,2018-06-01
769121,35680,201806,6,0,2018-06-06
769121,35681,201806,6,0,2018-06-06
769873,35684,201806,18,0,2018-06-18
755347,43175,201807,3,0,2018-07-03
755349,43172,201807,1,0,2018-07-01
755349,43174,201807,3,0,2018-07-03
780089,35987,201810,4,0,2018-10-04
780430,35988,201810,3,0,2018-10-03
780605,36020,201810,8,0,2018-10-08
782329,36004,201810,26,0,2018-10-26
784992,36777,201810,11,0,2018-10-11
784992,36778,201810,11,0,2018-10-11
788692,36759,201810,10,0,2018-10-10
789339,36202,201810,8,0,2018-10-08
789465,36464,201810,7,0,2018-10-07
789466,36465,201810,7,0,2018-10-07
789476,36786,201810,11,0,2018-10-11
789505,36468,201810,28,0,2018-10-28
789505,36469,201810,28,0,2018-10-28
790227,36815,201810,10,0,2018-10-10
790530,36788,201810,16,0,2018-10-16
790600,36762,201810,7,0,2018-10-07
790600,36763,201810,7,0,2018-10-07
790835,36816,201810,11,0,2018-10-11
790835,36817,201810,11,0,2018-10-11
790873,36791,201810,31,0,2018-10-31
727804,34684,201801,4,0,2018-01-04
734042,35033,201803,2,0,2018-03-02
734333,35036,201803,2,0,2018-03-02
740753,35247,201803,12,0,2018-03-12
746559,35329,201803,2,0,2018-03-02
748971,35380,201803,10,0,2018-03-10
748971,35381,201803,10,0,2018-03-10
748971,35382,201803,10,0,2018-03-10
753677,35467,201804,4,0,2018-04-04
761303,35572,201804,22,0,2018-04-22
763646,35609,201804,15,0,2018-04-15
763646,35610,201804,15,0,2018-04-15
737864,36149,201801,18,0,2018-01-18
764991,35635,201806,30,0,2018-06-30
773052,35899,201807,4,0,2018-07-04
773285,35900,201807,14,0,2018-07-14
777333,35895,201808,28,0,2018-08-28
777364,35897,201808,6,0,2018-08-06
777364,35898,201808,6,0,2018-08-06
777365,35896,201808,17,0,2018-08-17
781091,35998,201808,31,0,2018-08-31
781091,35999,201808,31,0,2018-08-31
783080,36022,201807,6,0,2018-07-06
786060,36097,201808,28,0,2018-08-28
788039,36147,201801,18,0,2018-01-18
755349,43173,201807,3,0,2018-07-03
730122,34937,201802,3,0,2018-02-03
730122,34938,201802,3,0,2018-02-03
730122,34939,201802,3,0,2018-02-03
730122,34940,201802,3,0,2018-02-03
730135,34936,201802,3,0,2018-02-03
731690,34996,201802,12,0,2018-02-12
733643,35321,201803,2,0,2018-03-02
788762,36814,201812,9,0,2018-12-09
743879,35290,201802,5,0,2018-02-05
744184,35320,201803,1,0,2018-03-01
744214,35302,201803,7,0,2018-03-07
789116,36194,201812,13,0,2018-12-13
789327,36200,201812,11,0,2018-12-11
790714,36765,201812,25,0,2018-12-25
790889,36784,201812,12,0,2018-12-12
791367,36803,201812,25,0,2018-12-25
791367,36804,201812,25,0,2018-12-25
791375,36807,201812,7,0,2018-12-07
791378,36808,201812,13,0,2018-12-13
791617,37293,201812,31,0,2018-12-31
792067,36837,201812,31,0,2018-12-31
792153,37277,201812,11,0,2018-12-11
792166,36821,201812,31,0,2018-12-31
792844,36843,201812,1,0,2018-12-01
792845,37370,201812,26,0,2018-12-26
793215,36846,201812,5,0,2018-12-05
793808,37328,201812,31,0,2018-12-31
794523,37216,201812,24,0,2018-12-24
796017,37267,201812,7,0,2018-12-07
796017,37268,201812,7,0,2018-12-07
797280,37289,201812,29,0,2018-12-29
797347,37291,201812,28,0,2018-12-28
797462,37297,201812,27,0,2018-12-27
798159,37318,201812,22,0,2018-12-22
798906,37367,201812,28,0,2018-12-28
800730,37378,201812,21,0,2018-12-21
740316,35240,201804,7,0,2018-04-07
741199,35256,201804,13,0,2018-04-13
742308,35385,201804,25,0,2018-04-25
743643,35286,201804,14,0,2018-04-14
744130,35305,201804,14,0,2018-04-14
745607,35313,201804,27,0,2018-04-27
745735,35316,201804,23,0,2018-04-23
745735,35317,201804,23,0,2018-04-23
745736,35318,201804,14,0,2018-04-14
747736,35371,201804,12,0,2018-04-12
749533,35410,201804,12,0,2018-04-12
749535,35412,201804,12,0,2018-04-12
749643,35413,201804,7,0,2018-04-07
750491,35422,201804,2,0,2018-04-02
751925,35446,201804,17,0,2018-04-17
751926,35428,201804,17,0,2018-04-17
752005,35438,201804,17,0,2018-04-17
752006,35439,201804,17,0,2018-04-17
752007,35440,201804,17,0,2018-04-17
752008,35441,201804,17,0,2018-04-17
752009,35442,201804,17,0,2018-04-17
752010,35443,201804,17,0,2018-04-17
752011,35444,201804,17,0,2018-04-17
752012,35445,201804,17,0,2018-04-17
752857,35451,201804,1,0,2018-04-01
752985,35480,201804,29,0,2018-04-29
752986,35481,201804,29,0,2018-04-29
757873,35528,201805,10,0,2018-05-10
754019,35472,201804,15,0,2018-04-15
754086,35473,201804,5,0,2018-04-05
757873,35529,201805,10,0,2018-05-10
767341,35648,201806,19,0,2018-06-19
767342,35649,201806,25,0,2018-06-25
769801,35790,201806,29,0,2018-06-29
775196,39284,201807,19,0,2018-07-19
775196,39285,201807,19,0,2018-07-19
775196,39286,201807,19,0,2018-07-19
775196,39287,201807,19,0,2018-07-19
775196,39288,201807,19,0,2018-07-19
775196,39289,201807,19,0,2018-07-19
775196,39290,201807,19,0,2018-07-19
775196,39291,201807,19,0,2018-07-19
775196,39292,201807,19,0,2018-07-19
775196,39293,201807,19,0,2018-07-19
775196,39294,201807,19,0,2018-07-19
775196,39295,201807,19,0,2018-07-19
775196,39296,201807,19,0,2018-07-19
775196,39297,201807,19,0,2018-07-19
775196,39298,201807,19,0,2018-07-19
775196,39299,201807,19,0,2018-07-19
775196,39300,201807,19,0,2018-07-19
785299,36086,201811,1,0,2018-11-01
788080,38907,201810,8,0,2018-10-08
788080,38908,201810,8,0,2018-10-08
788080,38909,201810,8,0,2018-10-08
788080,38910,201810,8,0,2018-10-08
794225,39243,201812,19,0,2018-12-19
794225,39244,201812,19,0,2018-12-19
774125,35781,201809,6,0,2018-09-06
783544,36037,201807,24,0,2018-07-24
780506,36649,201810,20,0,2018-10-20
789972,36652,201810,20,0,2018-10-20
790779,36766,201810,15,0,2018-10-15
771715,36792,201807,6,0,2018-07-06
774393,37266,201807,10,0,2018-07-10
797027,37281,201810,1,0,2018-10-01
773906,37284,201808,28,0,2018-08-28
847160,39394,201805,23,0,2018-05-23
789475,42326,201810,10,0,2018-10-10
789475,42330,201810,10,0,2018-10-10
789475,42312,201810,10,0,2018-10-10
789475,42313,201810,10,0,2018-10-10
789475,42314,201810,10,0,2018-10-10
789475,42321,201810,10,0,2018-10-10
789475,42323,201810,10,0,2018-10-10
789475,42324,201810,10,0,2018-10-10
789475,42327,201810,10,0,2018-10-10
789475,42328,201810,10,0,2018-10-10
789475,42329,201810,10,0,2018-10-10
789475,42316,201810,10,0,2018-10-10
789475,42317,201810,10,0,2018-10-10
789475,42318,201810,10,0,2018-10-10
789475,42319,201810,10,0,2018-10-10
789475,42320,201810,10,0,2018-10-10
789475,42322,201810,10,0,2018-10-10
784961,36074,201809,14,0,2018-09-14
784961,36075,201809,14,0,2018-09-14
784963,36124,201809,16,0,2018-09-16
784966,36126,201809,15,0,2018-09-15
784975,36123,201809,16,0,2018-09-16
786489,36122,201809,15,0,2018-09-15
786498,36121,201809,15,0,2018-09-15
786794,36120,201809,15,0,2018-09-15
786993,36127,201809,25,0,2018-09-25
789475,42325,201810,10,0,2018-10-10
789475,42331,201810,10,0,2018-10-10
790374,37826,201810,10,0,2018-10-10
790374,37827,201810,10,0,2018-10-10
790374,37828,201810,10,0,2018-10-10
790377,36742,201810,10,0,2018-10-10
790379,36743,201810,10,0,2018-10-10
790380,37789,201810,10,0,2018-10-10
790380,37788,201810,10,0,2018-10-10
790380,37787,201810,10,0,2018-10-10
790381,37824,201810,10,0,2018-10-10
790381,37825,201810,10,0,2018-10-10
790382,37784,201810,10,0,2018-10-10
790382,37785,201810,10,0,2018-10-10
790382,37786,201810,10,0,2018-10-10
790382,37783,201810,10,0,2018-10-10
790383,37776,201810,10,0,2018-10-10
790384,37782,201810,10,0,2018-10-10
790384,37778,201810,10,0,2018-10-10
790384,37780,201810,10,0,2018-10-10
790384,37781,201810,10,0,2018-10-10
790385,37772,201810,10,0,2018-10-10
790385,37773,201810,10,0,2018-10-10
790385,37775,201810,10,0,2018-10-10
790385,37774,201810,10,0,2018-10-10
790398,37829,201810,10,0,2018-10-10
790424,37732,201810,10,0,2018-10-10
790424,37733,201810,10,0,2018-10-10
790424,37735,201810,10,0,2018-10-10
790425,37740,201810,10,0,2018-10-10
790426,37744,201810,10,0,2018-10-10
738754,35192,201803,10,0,2018-03-10
738767,35193,201803,11,0,2018-03-11
740985,35323,201803,26,0,2018-03-26
740987,35324,201803,27,0,2018-03-27
742954,35300,201803,2,0,2018-03-02
742969,35301,201803,2,0,2018-03-02
745482,35309,201803,23,0,2018-03-23
745727,35315,201803,27,0,2018-03-27
746385,35328,201803,26,0,2018-03-26
746686,35332,201803,16,0,2018-03-16
747099,35376,201803,2,0,2018-03-02
747142,35354,201803,4,0,2018-03-04
747142,35355,201803,4,0,2018-03-04
794526,40814,201811,6,0,2018-11-06
789475,42311,201810,10,0,2018-10-10
790378,37777,201810,10,0,2018-10-10
790384,37779,201810,10,0,2018-10-10
789475,42315,201810,10,0,2018-10-10
790424,37734,201810,10,0,2018-10-10
700794,33428,201706,30,0,2017-06-30
702637,33580,201706,20,0,2017-06-20
702637,33579,201706,17,0,2017-06-17
707166,33512,201706,6,0,2017-06-06
707167,33513,201706,3,0,2017-06-03
707167,33514,201706,6,0,2017-06-06
707167,33515,201706,6,0,2017-06-06
707167,33516,201706,6,0,2017-06-06
707167,33517,201706,9,0,2017-06-09
707169,33518,201706,16,0,2017-06-16
707169,33519,201706,16,0,2017-06-16
707173,33527,201706,20,0,2017-06-20
707173,33528,201706,20,0,2017-06-20
707173,33520,201706,17,0,2017-06-17
707173,33521,201706,18,0,2017-06-18
707173,33526,201706,20,0,2017-06-20
707173,33529,201706,22,0,2017-06-22
707173,33535,201706,25,0,2017-06-25
707173,33537,201706,28,0,2017-06-28
707173,33522,201706,19,0,2017-06-19
707173,33523,201706,19,0,2017-06-19
707173,33524,201706,19,0,2017-06-19
707173,33525,201706,19,0,2017-06-19
707173,33530,201706,23,0,2017-06-23
707173,33531,201706,23,0,2017-06-23
707173,33532,201706,24,0,2017-06-24
707173,33533,201706,24,0,2017-06-24
707173,33534,201706,24,0,2017-06-24
707173,33536,201706,26,0,2017-06-26
707174,33539,201706,30,0,2017-06-30
707174,33538,201706,30,0,2017-06-30
707691,33545,201706,7,0,2017-06-07
707691,33546,201706,7,0,2017-06-07
708125,33552,201706,24,0,2017-06-24
709859,33558,201706,23,0,2017-06-23
709875,33596,201706,25,0,2017-06-25
709890,33600,201706,27,0,2017-06-27
709930,33566,201706,21,0,2017-06-21
709932,33565,201706,23,0,2017-06-23
711723,33603,201706,22,0,2017-06-22
698272,33325,201705,21,0,2017-05-21
699896,33395,201705,5,0,2017-05-05
703403,33462,201705,28,0,2017-05-28
683848,33190,201704,14,0,2017-04-14
683848,33191,201704,14,0,2017-04-14
688401,33295,201704,11,0,2017-04-11
688957,33217,201704,26,0,2017-04-26
691029,33228,201704,16,0,2017-04-16
691311,33233,201704,29,0,2017-04-29
691312,33265,201704,30,0,2017-04-30
691624,33310,201704,29,0,2017-04-29
691629,33309,201704,29,0,2017-04-29
691732,33314,201704,29,0,2017-04-29
691732,33315,201704,29,0,2017-04-29
692706,33262,201704,28,0,2017-04-28
693378,33266,201704,15,0,2017-04-15
693379,33267,201704,8,0,2017-04-08
693388,33268,201704,2,0,2017-04-02
694328,33274,201704,30,0,2017-04-30
694736,33276,201704,2,0,2017-04-02
694736,33277,201704,2,0,2017-04-02
696351,33296,201704,7,0,2017-04-07
696357,33299,201704,7,0,2017-04-07
697023,33308,201704,29,0,2017-04-29
697038,33313,201704,29,0,2017-04-29
689229,33219,201703,7,0,2017-03-07
690043,33222,201703,2,0,2017-03-02
690389,33224,201703,22,0,2017-03-22
696665,33307,201701,12,0,2017-01-12
665863,32955,201702,8,0,2017-02-08
675835,33036,201701,2,0,2017-01-02
675835,33037,201701,2,0,2017-01-02
675847,33094,201701,9,0,2017-01-09
664829,31807,201701,5,0,2017-01-05
676363,33091,201701,21,0,2017-01-21
664988,31808,201701,3,0,2017-01-03
665799,32976,201701,5,0,2017-01-05
666274,32900,201701,1,0,2017-01-01
666584,33073,201701,12,0,2017-01-12
667029,31851,201701,23,0,2017-01-23
668386,32862,201701,15,0,2017-01-15
668386,32863,201701,15,0,2017-01-15
668659,32866,201701,7,0,2017-01-07
668660,32869,201701,10,0,2017-01-10
668712,32968,201701,14,0,2017-01-14
668749,32887,201701,22,0,2017-01-22
668998,32904,201701,18,0,2017-01-18
669731,32912,201701,4,0,2017-01-04
670192,32931,201701,22,0,2017-01-22
670198,32930,201701,21,0,2017-01-21
670214,33019,201701,30,0,2017-01-30
673097,33002,201701,16,0,2017-01-16
693431,33269,201706,12,0,2017-06-12
694809,33446,201706,6,0,2017-06-06
695408,33445,201706,10,0,2017-06-10
695410,33286,201706,10,0,2017-06-10
695415,33290,201706,17,0,2017-06-17
695417,33443,201706,18,0,2017-06-18
696438,33301,201706,8,0,2017-06-08
697130,33410,201706,29,0,2017-06-29
697853,33322,201706,23,0,2017-06-23
697853,33323,201706,23,0,2017-06-23
700054,33581,201706,18,0,2017-06-18
700054,33582,201706,19,0,2017-06-19
700054,33583,201706,19,0,2017-06-19
700054,33584,201706,19,0,2017-06-19
676370,33092,201701,22,0,2017-01-22
676370,33093,201701,22,0,2017-01-22
676496,33122,201701,21,0,2017-01-21
676496,33125,201701,21,0,2017-01-21
676496,33123,201701,21,0,2017-01-21
676496,33124,201701,21,0,2017-01-21
676952,33076,201701,9,0,2017-01-09
677714,33090,201701,5,0,2017-01-05
677813,33097,201701,21,0,2017-01-21
678145,33114,201701,15,0,2017-01-15
678690,33128,201701,8,0,2017-01-08
670052,32920,201702,7,0,2017-02-07
678609,33127,201702,21,0,2017-02-21
677523,33141,201702,28,0,2017-02-28
677516,33144,201702,28,0,2017-02-28
681029,33147,201702,17,0,2017-02-17
681117,33149,201702,9,0,2017-02-09
681051,33164,201702,17,0,2017-02-17
675337,33173,201702,7,0,2017-02-07
677250,33083,201701,7,0,2017-01-07
677250,33084,201701,10,0,2017-01-10
679224,33135,201702,8,0,2017-02-08
668164,32861,201707,18,0,2017-07-18
671484,32966,201701,7,0,2017-01-07
673994,33015,201701,5,0,2017-01-05
674302,33020,201701,3,0,2017-01-03
674302,33021,201701,6,0,2017-01-06
677250,33081,201701,1,0,2017-01-01
677250,33082,201701,2,0,2017-01-02
678115,33109,201702,22,0,2017-02-22
677272,33086,201701,3,0,2017-01-03
676674,33095,201701,9,0,2017-01-09
678073,33106,201701,31,0,2017-01-31
674066,33142,201701,9,0,2017-01-09
674066,33143,201701,9,0,2017-01-09
676840,33146,201701,9,0,2017-01-09
682566,33175,201701,9,0,2017-01-09
672916,33007,201703,2,0,2017-03-02
673138,33003,201703,1,0,2017-03-01
673144,33006,201703,2,0,2017-03-02
674022,33016,201703,2,0,2017-03-02
674068,33197,201703,8,0,2017-03-08
674068,33198,201703,8,0,2017-03-08
675656,33033,201703,17,0,2017-03-17
675656,33034,201703,17,0,2017-03-17
675656,33035,201703,17,0,2017-03-17
675802,33070,201703,14,0,2017-03-14
675802,33071,201703,14,0,2017-03-14
675802,33072,201703,14,0,2017-03-14
677764,33096,201703,27,0,2017-03-27
678307,33116,201703,25,0,2017-03-25
678350,33216,201703,9,0,2017-03-09
678385,33121,201703,31,0,2017-03-31
681250,33151,201703,18,0,2017-03-18
681632,33161,201703,13,0,2017-03-13
681638,33157,201703,13,0,2017-03-13
681638,33158,201703,13,0,2017-03-13
681638,33159,201703,13,0,2017-03-13
681638,33160,201703,13,0,2017-03-13
682635,33176,201703,6,0,2017-03-06
682838,33181,201703,30,0,2017-03-30
683056,33182,201703,10,0,2017-03-10
683771,33209,201703,6,0,2017-03-06
685126,33211,201703,3,0,2017-03-03
685298,33200,201703,5,0,2017-03-05
685973,33201,201703,29,0,2017-03-29
685973,33202,201703,29,0,2017-03-29
687307,33203,201703,6,0,2017-03-06
687309,33204,201703,6,0,2017-03-06
687309,33205,201703,6,0,2017-03-06
687309,33206,201703,6,0,2017-03-06
687594,33207,201703,28,0,2017-03-28
688613,33212,201703,3,0,2017-03-03
688788,33215,201703,10,0,2017-03-10
683980,33357,201705,4,0,2017-05-04
690095,33226,201703,21,0,2017-03-21
689564,33470,201705,16,0,2017-05-16
690880,33465,201705,31,0,2017-05-31
691476,33354,201705,27,0,2017-05-27
691476,33355,201705,27,0,2017-05-27
691476,33356,201705,27,0,2017-05-27
691694,33241,201705,28,0,2017-05-28
691698,33246,201705,28,0,2017-05-28
691706,33245,201705,28,0,2017-05-28
693652,33382,201705,6,0,2017-05-06
694639,33447,201706,19,0,2017-06-19
695564,33293,201705,17,0,2017-05-17
695565,33294,201705,17,0,2017-05-17
697927,33471,201705,16,0,2017-05-16
698304,33397,201705,17,0,2017-05-17
698410,33483,201705,1,0,2017-05-01
698416,33366,201705,9,0,2017-05-09
698578,33335,201705,25,0,2017-05-25
698678,33349,201705,17,0,2017-05-17
699162,33411,201705,23,0,2017-05-23
699162,33412,201705,23,0,2017-05-23
699162,33413,201705,23,0,2017-05-23
702258,33448,201705,30,0,2017-05-30
704324,33474,201705,10,0,2017-05-10
704618,33476,201705,22,0,2017-05-22
704627,33477,201705,23,0,2017-05-23
704633,33478,201705,27,0,2017-05-27
682199,33170,201702,17,0,2017-02-17
682200,33179,201702,18,0,2017-02-18
690133,33484,201704,30,0,2017-04-30
705819,33488,201702,25,0,2017-02-25
700054,33585,201706,20,0,2017-06-20
700054,33586,201706,20,0,2017-06-20
700617,33557,201706,18,0,2017-06-18
700620,33423,201706,18,0,2017-06-18
700786,33426,201706,21,0,2017-06-21
723471,34446,201708,29,0,2017-08-29
723471,34447,201708,29,0,2017-08-29
723471,34448,201708,31,0,2017-08-31
723471,34449,201708,31,0,2017-08-31
723471,34465,201708,30,0,2017-08-30
723471,34466,201708,30,0,2017-08-30
723471,34442,201708,29,0,2017-08-29
723471,34443,201708,29,0,2017-08-29
723471,34444,201708,29,0,2017-08-29
723471,34445,201708,29,0,2017-08-29
723471,34456,201708,27,0,2017-08-27
723471,34457,201708,31,0,2017-08-31
723471,34458,201708,28,0,2017-08-28
723471,34460,201708,28,0,2017-08-28
723471,34461,201708,30,0,2017-08-30
723471,34462,201708,29,0,2017-08-29
723471,34464,201708,29,0,2017-08-29
723471,34471,201708,31,0,2017-08-31
723471,34440,201708,27,0,2017-08-27
723471,34472,201709,15,0,2017-09-15
723471,34437,201708,27,0,2017-08-27
723471,34468,201708,27,0,2017-08-27
723471,34469,201709,7,0,2017-09-07
723471,34470,201709,3,0,2017-09-03
723471,34438,201708,26,0,2017-08-26
723471,34439,201708,28,0,2017-08-28
723471,34441,201708,27,0,2017-08-27
723471,34450,201708,30,0,2017-08-30
723471,34451,201708,30,0,2017-08-30
723471,34452,201708,30,0,2017-08-30
723471,34453,201708,30,0,2017-08-30
723471,34454,201708,30,0,2017-08-30
723471,34455,201708,30,0,2017-08-30
723471,34463,201708,30,0,2017-08-30
723471,34467,201708,27,0,2017-08-27
723471,34473,201708,29,0,2017-08-29
723471,34474,201708,29,0,2017-08-29
723471,34459,201708,29,0,2017-08-29
669719,32942,201702,13,0,2017-02-13
669799,33145,201701,2,0,2017-01-02
692689,34616,201704,29,0,2017-04-29
698402,33327,201705,19,0,2017-05-19
702632,33549,201705,16,0,2017-05-16
712192,33605,201709,3,0,2017-09-03
715397,33701,201709,20,0,2017-09-20
727471,34641,201711,5,0,2017-11-05
727471,34642,201711,5,0,2017-11-05
730071,34935,201709,23,0,2017-09-23
707197,33540,201708,7,0,2017-08-07
707197,33541,201708,7,0,2017-08-07
720852,34753,201708,27,0,2017-08-27
720852,34751,201708,30,0,2017-08-30
720852,34752,201708,30,0,2017-08-30
720861,37338,201708,29,0,2017-08-29
720861,37339,201708,29,0,2017-08-29
720861,37340,201708,31,0,2017-08-31
720861,37341,201708,31,0,2017-08-31
720861,37357,201708,30,0,2017-08-30
720861,37358,201708,30,0,2017-08-30
720861,37334,201708,29,0,2017-08-29
720861,37335,201708,29,0,2017-08-29
720861,37336,201708,29,0,2017-08-29
720861,37337,201708,29,0,2017-08-29
720861,37348,201708,27,0,2017-08-27
720861,37349,201708,31,0,2017-08-31
720861,37350,201708,28,0,2017-08-28
720861,37351,201708,29,0,2017-08-29
720861,37352,201708,28,0,2017-08-28
720861,37353,201708,30,0,2017-08-30
720861,37354,201708,29,0,2017-08-29
720861,37356,201708,29,0,2017-08-29
720861,37362,201708,31,0,2017-08-31
720861,37332,201708,27,0,2017-08-27
720861,37363,201709,15,0,2017-09-15
720861,37364,201709,7,0,2017-09-07
720861,37329,201708,27,0,2017-08-27
720861,37360,201708,27,0,2017-08-27
720861,37361,201709,3,0,2017-09-03
720861,37330,201708,26,0,2017-08-26
720861,37331,201708,28,0,2017-08-28
720861,37333,201708,27,0,2017-08-27
720861,37342,201708,30,0,2017-08-30
720861,37343,201708,30,0,2017-08-30
720861,37344,201708,30,0,2017-08-30
720861,37345,201708,30,0,2017-08-30
720861,37346,201708,30,0,2017-08-30
720861,37347,201708,30,0,2017-08-30
720861,37355,201708,30,0,2017-08-30
720861,37359,201708,27,0,2017-08-27
720861,37365,201708,29,0,2017-08-29
720861,37366,201708,29,0,2017-08-29
720871,34832,201708,27,0,2017-08-27
720871,34833,201708,27,0,2017-08-27
720871,34834,201708,27,0,2017-08-27
720871,34835,201708,27,0,2017-08-27
720871,34836,201709,3,0,2017-09-03
720871,34837,201708,29,0,2017-08-29
727805,34825,201708,21,0,2017-08-21
728349,34915,201708,28,0,2017-08-28
728349,34917,201708,28,0,2017-08-28
728349,34914,201708,28,0,2017-08-28
728349,34916,201708,28,0,2017-08-28
728390,34920,201708,28,0,2017-08-28
728390,34918,201708,27,0,2017-08-27
728390,34919,201708,27,0,2017-08-27
728395,34921,201708,29,0,2017-08-29
715873,33728,201707,15,0,2017-07-15
716063,33730,201707,21,0,2017-07-21
716134,33732,201707,11,0,2017-07-11
716427,33733,201707,9,0,2017-07-09
717447,33745,201707,3,0,2017-07-03
717500,33749,201707,11,0,2017-07-11
724378,34551,201711,18,0,2017-11-18
724378,34552,201711,18,0,2017-11-18
726780,34625,201711,22,0,2017-11-22
683065,33183,201704,30,0,2017-04-30
683249,35245,201704,29,0,2017-04-29
683249,35246,201704,29,0,2017-04-29
683254,33259,201704,29,0,2017-04-29
683254,33260,201704,29,0,2017-04-29
684570,33435,201705,7,0,2017-05-07
689460,33220,201704,14,0,2017-04-14
691827,33281,201704,2,0,2017-04-02
704428,35260,201705,14,0,2017-05-14
723747,34570,201710,25,0,2017-10-25
743864,35289,201711,16,0,2017-11-16
674614,33028,201702,28,0,2017-02-28
674614,33029,201702,28,0,2017-02-28
717501,33748,201707,24,0,2017-07-24
717739,33785,201707,30,0,2017-07-30
718756,33798,201708,3,0,2017-08-03
670350,32932,201701,2,0,2017-01-02
670350,32933,201701,2,0,2017-01-02
670350,32934,201701,2,0,2017-01-02
670350,32935,201701,2,0,2017-01-02
670353,32937,201701,2,0,2017-01-02
671787,32970,201701,2,0,2017-01-02
673010,33053,201701,22,0,2017-01-22
673010,33054,201701,22,0,2017-01-22
673010,33055,201701,22,0,2017-01-22
673010,33056,201701,22,0,2017-01-22
673010,33057,201701,22,0,2017-01-22
673054,32990,201701,22,0,2017-01-22
673054,32991,201701,22,0,2017-01-22
673083,32992,201701,22,0,2017-01-22
673083,32993,201701,22,0,2017-01-22
673083,32994,201701,22,0,2017-01-22
673083,32995,201701,22,0,2017-01-22
673083,32996,201701,22,0,2017-01-22
673083,32997,201701,22,0,2017-01-22
673083,32998,201701,22,0,2017-01-22
673095,32999,201701,22,0,2017-01-22
673095,33000,201701,22,0,2017-01-22
696080,33298,201704,6,0,2017-04-06
707684,33923,201708,13,0,2017-08-13
723646,34505,201708,29,0,2017-08-29
723647,34506,201708,29,0,2017-08-29
723649,34523,201708,29,0,2017-08-29
723650,34517,201708,29,0,2017-08-29
723651,34518,201708,29,0,2017-08-29
723652,34519,201708,29,0,2017-08-29
723653,34525,201708,29,0,2017-08-29
723654,34521,201708,29,0,2017-08-29
723655,34522,201708,29,0,2017-08-29
723656,34524,201708,29,0,2017-08-29
723657,34526,201708,29,0,2017-08-29
723658,34529,201708,29,0,2017-08-29
723659,34531,201708,29,0,2017-08-29
670672,32954,201701,28,0,2017-01-28
725484,37915,201712,26,0,2017-12-26
725484,37916,201712,26,0,2017-12-26
725484,37917,201712,26,0,2017-12-26
725484,37918,201712,26,0,2017-12-26
731287,37920,201712,27,0,2017-12-27
731305,37921,201712,26,0,2017-12-26
731233,37922,201712,27,0,2017-12-27
666732,31843,201701,14,0,2017-01-14
666733,31844,201701,14,0,2017-01-14
666763,31846,201701,18,0,2017-01-18
707674,34614,201706,23,0,2017-06-23
707702,34615,201706,23,0,2017-06-23
707833,34617,201708,9,0,2017-08-09
707907,33548,201708,11,0,2017-08-11
721443,33953,201709,11,0,2017-09-11
721447,34573,201709,11,0,2017-09-11
721735,34536,201709,16,0,2017-09-16
721739,34063,201709,10,0,2017-09-10
721739,34064,201709,12,0,2017-09-12
721739,34066,201709,26,0,2017-09-26
721739,34065,201709,15,0,2017-09-15
721815,34067,201709,12,0,2017-09-12
721819,34628,201709,13,0,2017-09-13
721819,34627,201709,13,0,2017-09-13
721819,34629,201709,17,0,2017-09-17
721998,34071,201709,11,0,2017-09-11
721998,34072,201709,14,0,2017-09-14
721998,34073,201709,14,0,2017-09-14
722000,34534,201709,16,0,2017-09-16
722000,34535,201710,14,0,2017-10-14
722003,34630,201709,8,0,2017-09-08
724677,34563,201709,11,0,2017-09-11
719102,33808,201710,19,0,2017-10-19
720244,33913,201710,15,0,2017-10-15
721353,33943,201710,24,0,2017-10-24
721353,33944,201710,24,0,2017-10-24
721660,33954,201710,15,0,2017-10-15
721830,34039,201710,9,0,2017-10-09
724178,34539,201710,8,0,2017-10-08
724178,34540,201710,8,0,2017-10-08
724178,34541,201710,8,0,2017-10-08
724178,34542,201710,8,0,2017-10-08
724178,34543,201710,8,0,2017-10-08
724178,34544,201710,8,0,2017-10-08
724178,34545,201710,8,0,2017-10-08
724178,34546,201710,8,0,2017-10-08
724207,34547,201710,7,0,2017-10-07
724208,34548,201710,7,0,2017-10-07
724208,34549,201710,7,0,2017-10-07
725194,34569,201710,27,0,2017-10-27
725309,34603,201710,6,0,2017-10-06
722229,34609,201711,13,0,2017-11-13
724136,34537,201710,9,0,2017-10-09
724136,34538,201710,9,0,2017-10-09
725589,37648,201710,8,0,2017-10-08
725589,37649,201710,8,0,2017-10-08
725589,37651,201710,8,0,2017-10-08
709697,33593,201706,11,0,2017-06-11
714272,33684,201704,30,0,2017-04-30
725589,37650,201710,8,0,2017-10-08
682675,33178,201704,4,0,2017-04-04
718556,33805,201708,4,0,2017-08-04
727424,34638,201703,20,0,2017-03-20
727496,34647,201702,28,0,2017-02-28
724595,34553,201712,12,0,2017-12-12
724626,34922,201712,16,0,2017-12-16
725978,34607,201712,31,0,2017-12-31
726411,34621,201712,31,0,2017-12-31
726665,34624,201712,31,0,2017-12-31
727405,34636,201712,19,0,2017-12-19
727619,34673,201712,29,0,2017-12-29
727619,34674,201712,29,0,2017-12-29
727619,34675,201712,31,0,2017-12-31
727635,34678,201712,31,0,2017-12-31
727635,34679,201712,31,0,2017-12-31
728427,34934,201712,28,0,2017-12-28
729836,34928,201712,4,0,2017-12-04
729837,34929,201712,4,0,2017-12-04
729838,34930,201712,4,0,2017-12-04
729839,34931,201712,4,0,2017-12-04
729840,34932,201712,4,0,2017-12-04
730852,34999,201712,8,0,2017-12-08
730998,34957,201712,23,0,2017-12-23
731019,34964,201712,30,0,2017-12-30
731019,34965,201712,30,0,2017-12-30
731020,34966,201712,30,0,2017-12-30
731223,34973,201712,30,0,2017-12-30
731224,34974,201712,31,0,2017-12-31
731493,34986,201712,7,0,2017-12-07
732047,35001,201712,24,0,2017-12-24
732507,35007,201712,9,0,2017-12-09
730484,34948,201704,4,0,2017-04-04
730576,34949,201708,2,0,2017-08-02
681794,33784,201702,7,0,2017-02-07
681925,33165,201702,23,0,2017-02-23
690887,33922,201704,3,0,2017-04-03
709960,33727,201707,21,0,2017-07-21
713481,33619,201707,5,0,2017-07-05
713481,33612,201707,1,0,2017-07-01
713481,33616,201707,2,0,2017-07-02
713481,33613,201707,1,0,2017-07-01
713481,33615,201707,2,0,2017-07-02
713481,33617,201707,4,0,2017-07-04
713481,33618,201707,4,0,2017-07-04
713481,33614,201707,2,0,2017-07-02
713483,33626,201707,6,0,2017-07-06
713483,33639,201707,10,0,2017-07-10
713483,33622,201707,6,0,2017-07-06
713483,33624,201707,6,0,2017-07-06
713483,33625,201707,6,0,2017-07-06
713483,33629,201707,6,0,2017-07-06
713483,33630,201707,7,0,2017-07-07
713483,33631,201707,8,0,2017-07-08
713483,33634,201707,9,0,2017-07-09
713483,33635,201707,9,0,2017-07-09
713483,33636,201707,9,0,2017-07-09
713483,33638,201707,10,0,2017-07-10
713483,33620,201707,6,0,2017-07-06
713483,33621,201707,6,0,2017-07-06
713483,33623,201707,6,0,2017-07-06
713483,33627,201707,6,0,2017-07-06
713483,33628,201707,6,0,2017-07-06
713483,33633,201707,9,0,2017-07-09
713483,33637,201707,10,0,2017-07-10
713483,33632,201707,8,0,2017-07-08
713485,33640,201707,12,0,2017-07-12
713485,33641,201707,13,0,2017-07-13
713487,33648,201707,16,0,2017-07-16
713487,33642,201707,15,0,2017-07-15
713487,33643,201707,15,0,2017-07-15
713487,33646,201707,15,0,2017-07-15
713487,33651,201707,17,0,2017-07-17
713487,33652,201707,17,0,2017-07-17
713487,33653,201707,18,0,2017-07-18
713487,33654,201707,18,0,2017-07-18
713487,33655,201707,18,0,2017-07-18
713487,33644,201707,15,0,2017-07-15
713487,33645,201707,15,0,2017-07-15
713487,33647,201707,15,0,2017-07-15
713487,33649,201707,16,0,2017-07-16
713487,33650,201707,17,0,2017-07-17
713489,33660,201707,22,0,2017-07-22
713489,33657,201707,20,0,2017-07-20
713489,33659,201707,21,0,2017-07-21
713489,33663,201707,24,0,2017-07-24
713489,33656,201707,20,0,2017-07-20
713489,33658,201707,21,0,2017-07-21
713489,33661,201707,22,0,2017-07-22
713489,33662,201707,22,0,2017-07-22
713491,33665,201707,29,0,2017-07-29
713491,33667,201707,30,0,2017-07-30
713491,33668,201707,31,0,2017-07-31
713491,33666,201707,29,0,2017-07-29
713491,33664,201707,28,0,2017-07-28
718384,33786,201707,9,0,2017-07-09
714276,33685,201709,15,0,2017-09-15
715218,34117,201709,21,0,2017-09-21
715242,34293,201709,20,0,2017-09-20
715742,33706,201709,2,0,2017-09-02
717956,33781,201709,1,0,2017-09-01
717956,33782,201709,1,0,2017-09-01
717956,33783,201709,1,0,2017-09-01
717958,33778,201709,1,0,2017-09-01
717958,33779,201709,1,0,2017-09-01
717958,33780,201709,1,0,2017-09-01
718420,33789,201709,13,0,2017-09-13
719433,33910,201709,10,0,2017-09-10
719437,33898,201709,13,0,2017-09-13
719499,33901,201709,11,0,2017-09-11
719499,33906,201709,25,0,2017-09-25
719499,33903,201709,12,0,2017-09-12
719499,33904,201709,12,0,2017-09-12
719499,33905,201709,12,0,2017-09-12
719499,33902,201709,10,0,2017-09-10
719500,33907,201709,26,0,2017-09-26
719501,33908,201709,14,0,2017-09-14
719629,33876,201709,12,0,2017-09-12
719629,33877,201709,12,0,2017-09-12
719634,33875,201709,11,0,2017-09-11
719664,33878,201709,11,0,2017-09-11
720204,33911,201709,13,0,2017-09-13
721078,33925,201709,3,0,2017-09-03
721078,33927,201709,6,0,2017-09-06
721078,33926,201709,5,0,2017-09-05
721078,33924,201709,2,0,2017-09-02
721079,33928,201709,8,0,2017-09-08
721079,33929,201709,11,0,2017-09-11
721079,33930,201709,11,0,2017-09-11
722189,34036,201709,30,0,2017-09-30
722189,34037,201709,30,0,2017-09-30
722549,34116,201709,21,0,2017-09-21
722772,34060,201709,9,0,2017-09-09
722903,34076,201709,16,0,2017-09-16
723055,34193,201709,6,0,2017-09-06
723450,34282,201709,11,0,2017-09-11
723450,34284,201709,10,0,2017-09-10
723450,34283,201709,10,0,2017-09-10
723450,34281,201709,10,0,2017-09-10
723457,34286,201709,10,0,2017-09-10
723457,34287,201709,9,0,2017-09-09
723457,34285,201709,9,0,2017-09-09
699717,33424,201707,3,0,2017-07-03
699717,33425,201707,3,0,2017-07-03
700163,33408,201707,1,0,2017-07-01
701447,33430,201707,19,0,2017-07-19
701747,33479,201707,17,0,2017-07-17
702273,33438,201707,24,0,2017-07-24
702335,33441,201707,11,0,2017-07-11
702600,33482,201707,22,0,2017-07-22
702905,33741,201707,29,0,2017-07-29
703127,33457,201707,26,0,2017-07-26
703248,33458,201707,15,0,2017-07-15
703303,33459,201707,17,0,2017-07-17
703697,33469,201707,28,0,2017-07-28
706970,33594,201707,22,0,2017-07-22
713099,33611,201707,7,0,2017-07-07
713603,33671,201707,9,0,2017-07-09
713947,33672,201707,18,0,2017-07-18
713949,33673,201707,22,0,2017-07-22
713949,33674,201707,22,0,2017-07-22
713949,33675,201707,22,0,2017-07-22
713949,33676,201707,22,0,2017-07-22
713949,33677,201707,22,0,2017-07-22
713949,33678,201707,22,0,2017-07-22
713949,33679,201707,22,0,2017-07-22
713949,33680,201707,22,0,2017-07-22
713949,33681,201707,22,0,2017-07-22
713949,33682,201707,22,0,2017-07-22
714415,33738,201707,10,0,2017-07-10
714819,33689,201707,1,0,2017-07-01
714820,33690,201707,4,0,2017-07-04
715399,33703,201707,10,0,2017-07-10
723458,34288,201709,10,0,2017-09-10
723459,34289,201709,9,0,2017-09-09
718519,33949,201708,25,0,2017-08-25
718519,33950,201708,29,0,2017-08-29
720927,34564,201709,5,0,2017-09-05
715746,35150,201707,15,0,2017-07-15
715746,35151,201707,15,0,2017-07-15
715746,35152,201707,15,0,2017-07-15
715746,35153,201707,15,0,2017-07-15
715746,35154,201707,15,0,2017-07-15
715746,35155,201707,15,0,2017-07-15
715746,35156,201707,15,0,2017-07-15
715746,35157,201707,15,0,2017-07-15
715746,35158,201707,15,0,2017-07-15
715746,35159,201707,15,0,2017-07-15
716677,33735,201707,15,0,2017-07-15
716677,33736,201707,15,0,2017-07-15
716677,33737,201707,15,0,2017-07-15
734881,35049,201712,7,0,2017-12-07
734882,35048,201712,7,0,2017-12-07
734883,35047,201712,7,0,2017-12-07
672747,32979,201701,2,0,2017-01-02
672747,32980,201701,2,0,2017-01-02
673579,33008,201701,15,0,2017-01-15
680811,33431,201704,2,0,2017-04-02
692096,33393,201704,30,0,2017-04-30
722620,35391,201709,20,0,2017-09-20
722622,35417,201709,20,0,2017-09-20
722622,35418,201709,20,0,2017-09-20
722629,35401,201709,20,0,2017-09-20
722629,35402,201709,20,0,2017-09-20
722629,35403,201709,20,0,2017-09-20
722629,35404,201709,20,0,2017-09-20
731651,34994,201709,5,0,2017-09-05
749456,35392,201709,20,0,2017-09-20
749456,35393,201709,20,0,2017-09-20
749456,35394,201709,20,0,2017-09-20
749456,35395,201709,20,0,2017-09-20
749456,35396,201709,20,0,2017-09-20
749456,35397,201709,20,0,2017-09-20
749456,35398,201709,20,0,2017-09-20
749456,35399,201709,20,0,2017-09-20
749456,35400,201709,20,0,2017-09-20
749457,35405,201709,20,0,2017-09-20
749737,35414,201709,20,0,2017-09-20
749737,35415,201709,20,0,2017-09-20
749737,35416,201709,20,0,2017-09-20
706359,33494,201708,7,0,2017-08-07
706581,33694,201708,2,0,2017-08-02
707242,33544,201708,14,0,2017-08-14
708122,33916,201708,10,0,2017-08-10
708122,33917,201708,10,0,2017-08-10
708190,33554,201708,17,0,2017-08-17
710616,33739,201708,26,0,2017-08-26
710655,33952,201708,27,0,2017-08-27
711661,33602,201708,1,0,2017-08-01
713023,33610,201708,2,0,2017-08-02
713498,33670,201708,16,0,2017-08-16
714873,33691,201708,2,0,2017-08-02
714877,33692,201708,4,0,2017-08-04
716579,33734,201708,3,0,2017-08-03
717833,33752,201708,1,0,2017-08-01
717833,33755,201708,3,0,2017-08-03
717833,33751,201708,1,0,2017-08-01
717833,33753,201708,2,0,2017-08-02
717833,33754,201708,3,0,2017-08-03
717833,33756,201708,4,0,2017-08-04
717835,33757,201708,6,0,2017-08-06
717835,33758,201708,7,0,2017-08-07
717835,33759,201708,8,0,2017-08-08
717835,33760,201708,9,0,2017-08-09
717835,33762,201708,10,0,2017-08-10
717835,33761,201708,10,0,2017-08-10
717837,33763,201708,11,0,2017-08-11
717837,33766,201708,13,0,2017-08-13
717837,33764,201708,12,0,2017-08-12
717837,33765,201708,12,0,2017-08-12
717839,33767,201708,17,0,2017-08-17
717839,33768,201708,18,0,2017-08-18
717839,33769,201708,18,0,2017-08-18
717839,33770,201708,19,0,2017-08-19
717839,33771,201708,21,0,2017-08-21
717840,33772,201708,29,0,2017-08-29
717843,33773,201708,12,0,2017-08-12
717843,33774,201708,12,0,2017-08-12
718677,33794,201708,22,0,2017-08-22
718916,33804,201708,19,0,2017-08-19
719139,33890,201708,9,0,2017-08-09
719149,33810,201708,4,0,2017-08-04
719442,33835,201708,11,0,2017-08-11
719442,33836,201708,11,0,2017-08-11
719445,33837,201708,26,0,2017-08-26
719758,33896,201708,2,0,2017-08-02
719763,33897,201708,4,0,2017-08-04
698616,33344,201706,15,0,2017-06-15
698616,33345,201706,15,0,2017-06-15
698617,33346,201706,15,0,2017-06-15
698617,33347,201706,15,0,2017-06-15
719342,33891,201708,29,0,2017-08-29
719342,33892,201708,30,0,2017-08-30
719342,33893,201708,31,0,2017-08-31
719342,33895,201708,31,0,2017-08-31
719489,33839,201708,30,0,2017-08-30
719489,33840,201708,31,0,2017-08-31
719489,33841,201708,31,0,2017-08-31
719489,33842,201708,30,0,2017-08-30
719489,33843,201708,31,0,2017-08-31
719489,33844,201708,29,0,2017-08-29
719489,33845,201708,30,0,2017-08-30
719489,33846,201708,30,0,2017-08-30
719489,33847,201708,30,0,2017-08-30
719489,33848,201708,28,0,2017-08-28
719497,33851,201708,31,0,2017-08-31
719497,33852,201708,30,0,2017-08-30
721324,33934,201709,24,0,2017-09-24
719740,33884,201708,31,0,2017-08-31
719740,33885,201708,30,0,2017-08-30
722895,34291,201709,12,0,2017-09-12
722899,34207,201709,11,0,2017-09-11
722906,34198,201709,10,0,2017-09-10
722906,34197,201709,14,0,2017-09-14
722906,34199,201709,11,0,2017-09-11
722906,34200,201709,9,0,2017-09-09
722909,34276,201709,12,0,2017-09-12
722909,34278,201709,12,0,2017-09-12
722909,34280,201709,12,0,2017-09-12
723026,34250,201709,11,0,2017-09-11
723026,34252,201709,11,0,2017-09-11
723026,34253,201709,11,0,2017-09-11
723026,34254,201709,11,0,2017-09-11
723026,34255,201709,11,0,2017-09-11
723026,34256,201709,11,0,2017-09-11
723026,34257,201709,11,0,2017-09-11
723026,34258,201709,11,0,2017-09-11
723026,34259,201709,11,0,2017-09-11
723026,34261,201709,11,0,2017-09-11
723026,34262,201709,11,0,2017-09-11
723026,34263,201709,11,0,2017-09-11
723026,34264,201709,11,0,2017-09-11
723026,34265,201709,11,0,2017-09-11
723026,34266,201709,11,0,2017-09-11
723026,34267,201709,11,0,2017-09-11
723026,34268,201709,11,0,2017-09-11
723026,34269,201709,11,0,2017-09-11
723026,34270,201709,13,0,2017-09-13
723255,34153,201709,10,0,2017-09-10
723288,34160,201709,10,0,2017-09-10
723288,34161,201709,10,0,2017-09-10
723288,34162,201709,10,0,2017-09-10
723288,34163,201709,10,0,2017-09-10
723026,34251,201709,11,0,2017-09-11
719342,33894,201708,31,0,2017-08-31
719494,33850,201708,29,0,2017-08-29
722909,34277,201709,12,0,2017-09-12
723026,34260,201709,11,0,2017-09-11
723288,34159,201709,10,0,2017-09-10
722909,34279,201709,12,0,2017-09-12
200978,5907,201001,2,0,2010-01-02
201328,5949,201001,9,0,2010-01-09
201898,6231,201001,7,0,2010-01-07
202718,5957,201001,7,0,2010-01-07
202773,5958,201001,8,0,2010-01-08
203220,6281,201001,25,0,2010-01-25
203360,6391,201001,26,0,2010-01-26
203409,6326,201001,9,0,2010-01-09
203520,6002,201001,20,0,2010-01-20
204129,6341,201001,23,0,2010-01-23
204606,6081,201001,12,0,2010-01-12
204607,6082,201001,21,0,2010-01-21
205181,6107,201002,4,0,2010-02-04
205222,6108,201002,6,0,2010-02-06
205518,6122,201001,24,0,2010-01-24
205568,6501,201002,10,0,2010-02-10
205842,6296,201002,3,0,2010-02-03
205975,6148,201002,11,0,2010-02-11
206027,6140,201001,27,0,2010-01-27
206035,6139,201002,4,0,2010-02-04
206843,6387,201001,7,0,2010-01-07
208054,6186,201002,21,0,2010-02-21
208235,6195,201002,15,0,2010-02-15
208252,6194,201002,15,0,2010-02-15
208256,6320,201002,14,0,2010-02-14
208256,6321,201002,15,0,2010-02-15
208476,6202,201001,20,0,2010-01-20
209481,6228,201001,18,0,2010-01-18
209683,6359,201001,7,0,2010-01-07
209689,6360,201001,7,0,2010-01-07
209886,6278,201002,17,0,2010-02-17
210174,6322,201001,8,0,2010-01-08
210192,6324,201001,8,0,2010-01-08
210848,6283,201001,22,0,2010-01-22
210909,6336,201001,24,0,2010-01-24
210910,6337,201001,27,0,2010-01-27
210915,6338,201001,29,0,2010-01-29
211011,6290,201001,28,0,2010-01-28
211032,6331,201001,18,0,2010-01-18
211032,6332,201001,18,0,2010-01-18
211032,6333,201001,18,0,2010-01-18
211038,6481,201003,10,0,2010-03-10
211096,6307,201001,29,0,2010-01-29
211235,6297,201001,19,0,2010-01-19
211312,6378,201003,14,0,2010-03-14
211316,6342,201001,28,0,2010-01-28
211467,6298,201002,8,0,2010-02-08
211471,6299,201001,3,0,2010-01-03
211471,6300,201001,4,0,2010-01-04
211471,6301,201001,4,0,2010-01-04
211472,6303,201001,7,0,2010-01-07
211473,6306,201001,10,0,2010-01-10
211542,6316,201001,20,0,2010-01-20
211648,6317,201002,22,0,2010-02-22
211712,6357,201001,7,0,2010-01-07
211810,6469,201001,7,0,2010-01-07
211818,6482,201001,7,0,2010-01-07
211827,6500,201001,7,0,2010-01-07
212034,6325,201001,20,0,2010-01-20
212296,6327,201001,30,0,2010-01-30
212380,6328,201001,4,0,2010-01-04
212392,6330,201001,12,0,2010-01-12
212438,6375,201002,15,0,2010-02-15
212446,6376,201002,15,0,2010-02-15
212587,6574,201003,25,0,2010-03-25
212785,6472,201002,11,0,2010-02-11
212787,6473,201002,11,0,2010-02-11
212815,6462,201002,10,0,2010-02-10
212815,6463,201002,10,0,2010-02-10
212869,6416,201002,10,0,2010-02-10
212884,6417,201002,10,0,2010-02-10
212908,6339,201001,3,0,2010-01-03
212973,6340,201001,19,0,2010-01-19
213012,6350,201001,30,0,2010-01-30
213044,6343,201001,29,0,2010-01-29
213044,6344,201001,29,0,2010-01-29
213084,6345,201001,29,0,2010-01-29
213490,6356,201001,7,0,2010-01-07
213556,6361,201001,25,0,2010-01-25
213616,6362,201001,19,0,2010-01-19
213616,6363,201001,19,0,2010-01-19
213636,6369,201001,2,0,2010-01-02
213636,6370,201001,4,0,2010-01-04
213636,6371,201001,5,0,2010-01-05
213637,6368,201001,3,0,2010-01-03
213638,6373,201001,28,0,2010-01-28
213638,6372,201001,27,0,2010-01-27
213691,6377,201001,20,0,2010-01-20
213700,6408,201001,5,0,2010-01-05
213701,6409,201001,1,0,2010-01-01
213701,6410,201001,5,0,2010-01-05
213777,6382,201001,22,0,2010-01-22
213853,6383,201001,18,0,2010-01-18
213976,6389,201002,12,0,2010-02-12
213976,6390,201002,12,0,2010-02-12
214575,6412,201002,11,0,2010-02-11
214672,6398,201002,23,0,2010-02-23
214672,6399,201002,23,0,2010-02-23
214680,6401,201004,3,0,2010-04-03
214782,6436,201002,4,0,2010-02-04
214876,6406,201002,15,0,2010-02-15
214919,6453,201002,23,0,2010-02-23
215579,6437,201003,13,0,2010-03-13
215579,6438,201003,13,0,2010-03-13
215807,6523,201003,14,0,2010-03-14
215883,6439,201002,5,0,2010-02-05
215884,6440,201002,5,0,2010-02-05
215885,6441,201002,5,0,2010-02-05
215885,6442,201002,5,0,2010-02-05
215979,6503,201002,5,0,2010-02-05
215979,6504,201002,5,0,2010-02-05
216019,6443,201002,14,0,2010-02-14
216118,6505,201002,5,0,2010-02-05
216129,6506,201002,5,0,2010-02-05
216130,6452,201002,21,0,2010-02-21
216243,6459,201003,20,0,2010-03-20
216577,6471,201002,13,0,2010-02-13
216805,6478,201002,12,0,2010-02-12
217049,6597,201003,13,0,2010-03-13
217057,6595,201003,13,0,2010-03-13
217057,6596,201003,13,0,2010-03-13
217069,6590,201003,13,0,2010-03-13
217541,6494,201002,9,0,2010-02-09
217598,6573,201003,17,0,2010-03-17
217745,6499,201002,25,0,2010-02-25
218282,6502,201002,11,0,2010-02-11
218469,6568,201003,21,0,2010-03-21
218469,6569,201003,21,0,2010-03-21
218494,6868,201004,17,0,2010-04-17
218499,6509,201002,12,0,2010-02-12
218778,6518,201003,14,0,2010-03-14
219097,6570,201001,6,0,2010-01-06
219124,6528,201003,29,0,2010-03-29
219124,6529,201003,29,0,2010-03-29
219252,6615,201004,30,0,2010-04-30
219265,6531,201004,30,0,2010-04-30
219271,6613,201005,1,0,2010-05-01
219644,6577,201002,11,0,2010-02-11
219745,6578,201002,23,0,2010-02-23
219748,6567,201003,14,0,2010-03-14
219973,6542,201003,30,0,2010-03-30
219973,6543,201003,30,0,2010-03-30
220150,6881,201003,30,0,2010-03-30
220337,6550,201003,12,0,2010-03-12
220496,6556,201005,2,0,2010-05-02
221206,6566,201003,12,0,2010-03-12
221616,6571,201003,8,0,2010-03-08
221616,6572,201003,8,0,2010-03-08
221865,6575,201003,3,0,2010-03-03
222162,6585,201004,30,0,2010-04-30
222162,6586,201004,30,0,2010-04-30
222162,6587,201004,30,0,2010-04-30
222173,6588,201004,30,0,2010-04-30
222594,6599,201005,22,0,2010-05-22
222668,7665,201003,14,0,2010-03-14
222685,6601,201003,19,0,2010-03-19
222685,6602,201003,19,0,2010-03-19
222686,6603,201003,12,0,2010-03-12
223547,6616,201005,31,0,2010-05-31
224551,7019,201004,24,0,2010-04-24
224551,7020,201004,24,0,2010-04-24
224551,7021,201004,24,0,2010-04-24
224551,7022,201004,24,0,2010-04-24
224552,6871,201004,24,0,2010-04-24
224615,6889,201004,24,0,2010-04-24
224615,6890,201004,24,0,2010-04-24
224615,6891,201004,24,0,2010-04-24
224615,6892,201004,24,0,2010-04-24
224615,6893,201004,24,0,2010-04-24
224669,6818,201004,29,0,2010-04-29
224865,7649,201005,31,0,2010-05-31
224976,7565,201006,11,0,2010-06-11
224976,7566,201006,11,0,2010-06-11
224976,7567,201006,11,0,2010-06-11
224976,7568,201006,11,0,2010-06-11
224976,7569,201006,11,0,2010-06-11
224976,7570,201006,11,0,2010-06-11
224976,7571,201006,11,0,2010-06-11
224976,7572,201006,11,0,2010-06-11
224976,7573,201006,11,0,2010-06-11
224976,7574,201006,11,0,2010-06-11
224976,7575,201006,11,0,2010-06-11
224976,7576,201006,11,0,2010-06-11
224976,7577,201006,11,0,2010-06-11
224976,7578,201006,11,0,2010-06-11
224976,7579,201006,11,0,2010-06-11
224976,7580,201006,11,0,2010-06-11
224976,7581,201006,11,0,2010-06-11
224976,7582,201006,11,0,2010-06-11
224976,7583,201006,11,0,2010-06-11
224976,7584,201006,11,0,2010-06-11
225173,6897,201004,24,0,2010-04-24
225226,6848,201004,24,0,2010-04-24
225230,7206,201005,1,0,2010-05-01
225233,6861,201004,21,0,2010-04-21
225233,6862,201004,21,0,2010-04-21
225435,6794,201004,8,0,2010-04-08
225435,6795,201004,8,0,2010-04-08
225857,6904,201004,4,0,2010-04-04
225879,8567,201004,15,0,2010-04-15
226101,7597,201006,20,0,2010-06-20
226177,6850,201004,23,0,2010-04-23
226199,8109,201005,2,0,2010-05-02
226199,8110,201005,2,0,2010-05-02
226199,8112,201005,2,0,2010-05-02
226199,8104,201005,2,0,2010-05-02
226199,8105,201005,2,0,2010-05-02
226199,8111,201005,2,0,2010-05-02
226199,8106,201005,2,0,2010-05-02
226199,8107,201005,2,0,2010-05-02
226199,8108,201005,2,0,2010-05-02
226199,8113,201005,1,0,2010-05-01
226314,8125,201005,3,0,2010-05-03
226316,7231,201005,2,0,2010-05-02
226409,6905,201005,3,0,2010-05-03
226409,6906,201005,3,0,2010-05-03
227030,7435,201006,20,0,2010-06-20
227063,6884,201004,11,0,2010-04-11
227063,6883,201004,11,0,2010-04-11
227518,6894,201006,24,0,2010-06-24
227647,7558,201006,27,0,2010-06-27
228117,6898,201004,24,0,2010-04-24
228644,7216,201005,26,0,2010-05-26
228644,7217,201005,26,0,2010-05-26
228648,7617,201006,6,0,2010-06-06
228648,7618,201006,6,0,2010-06-06
228718,7074,201005,3,0,2010-05-03
229290,7308,201005,1,0,2010-05-01
229299,7295,201005,1,0,2010-05-01
229418,7298,201005,1,0,2010-05-01
229590,7299,201005,1,0,2010-05-01
230056,7215,201005,8,0,2010-05-08
230262,7017,201006,9,0,2010-06-09
230262,7018,201006,9,0,2010-06-09
231119,7453,201006,15,0,2010-06-15
231404,7630,201006,17,0,2010-06-17
231939,7282,201005,10,0,2010-05-10
231939,7283,201005,8,0,2010-05-08
231948,7279,201005,10,0,2010-05-10
232484,7036,201005,25,0,2010-05-25
232488,7039,201005,26,0,2010-05-26
232488,7037,201005,25,0,2010-05-25
232488,7038,201005,26,0,2010-05-26
233349,8582,201005,12,0,2010-05-12
233431,8124,201005,1,0,2010-05-01
233543,7743,201007,16,0,2010-07-16
233638,7077,201007,14,0,2010-07-14
233711,7199,201007,14,0,2010-07-14
233827,7084,201005,7,0,2010-05-07
233879,7085,201006,8,0,2010-06-08
233880,7086,201006,4,0,2010-06-04
233993,7088,201005,27,0,2010-05-27
234575,7090,201005,5,0,2010-05-05
234586,7191,201005,14,0,2010-05-14
234601,7092,201007,15,0,2010-07-15
234854,7179,201005,2,0,2010-05-02
234854,7180,201005,2,0,2010-05-02
234855,7181,201005,2,0,2010-05-02
234864,7464,201006,16,0,2010-06-16
234864,7465,201006,16,0,2010-06-16
235557,7197,201005,14,0,2010-05-14
235604,7198,201005,31,0,2010-05-31
235773,7722,201007,21,0,2010-07-21
235913,7563,201006,18,0,2010-06-18
236250,7437,201007,12,0,2010-07-12
236304,7205,201006,19,0,2010-06-19
236728,7209,201007,25,0,2010-07-25
236730,7211,201005,15,0,2010-05-15
236730,7212,201005,15,0,2010-05-15
236731,7213,201005,15,0,2010-05-15
237130,7223,201005,2,0,2010-05-02
237139,7220,201005,23,0,2010-05-23
237139,7221,201005,23,0,2010-05-23
237144,7248,201005,2,0,2010-05-02
237147,7232,201005,1,0,2010-05-01
237151,7225,201005,2,0,2010-05-02
237216,7228,201005,28,0,2010-05-28
237216,7229,201005,28,0,2010-05-28
237666,7260,201005,2,0,2010-05-02
237666,7261,201005,2,0,2010-05-02
237687,7256,201005,2,0,2010-05-02
237774,8126,201005,1,0,2010-05-01
237801,7306,201005,2,0,2010-05-02
237805,7275,201005,2,0,2010-05-02
237806,7307,201005,2,0,2010-05-02
237807,7277,201005,2,0,2010-05-02
238054,7284,201006,15,0,2010-06-15
238164,7626,201006,16,0,2010-06-16
238223,7285,201005,15,0,2010-05-15
238346,7701,201007,19,0,2010-07-19
238346,7699,201007,18,0,2010-07-18
238346,7700,201007,19,0,2010-07-19
238346,7703,201007,20,0,2010-07-20
238346,7704,201007,20,0,2010-07-20
238346,7702,201007,19,0,2010-07-19
238434,7286,201007,25,0,2010-07-25
238880,7302,201004,30,0,2010-04-30
239400,7310,201007,3,0,2010-07-03
239549,7313,201008,4,0,2010-08-04
239602,7466,201006,5,0,2010-06-05
239602,7468,201006,5,0,2010-06-05
239602,7469,201006,29,0,2010-06-29
239602,7470,201006,12,0,2010-06-12
239602,7471,201006,5,0,2010-06-05
239602,7472,201006,5,0,2010-06-05
239602,7467,201006,5,0,2010-06-05
240050,7894,201008,11,0,2010-08-11
240537,7428,201006,20,0,2010-06-20
240537,7427,201006,20,0,2010-06-20
240600,7429,201006,2,0,2010-06-02
240600,7430,201006,3,0,2010-06-03
240893,7433,201006,4,0,2010-06-04
240901,7432,201006,24,0,2010-06-24
241186,7434,201001,20,0,2010-01-20
241741,7473,201006,6,0,2010-06-06
241764,8568,201006,14,0,2010-06-14
241811,7895,201008,12,0,2010-08-12
241916,7442,201006,23,0,2010-06-23
242052,7445,201006,28,0,2010-06-28
242052,7446,201006,28,0,2010-06-28
242268,7449,201006,12,0,2010-06-12
242380,7454,201006,15,0,2010-06-15
242509,7610,201006,22,0,2010-06-22
242510,7456,201006,29,0,2010-06-29
242571,7457,201008,2,0,2010-08-02
242572,7458,201008,15,0,2010-08-15
242573,7459,201008,16,0,2010-08-16
242574,7460,201008,16,0,2010-08-16
242581,7461,201008,14,0,2010-08-14
242707,7462,201007,17,0,2010-07-17
242713,8099,201007,17,0,2010-07-17
242713,8100,201007,17,0,2010-07-17
242729,8098,201007,17,0,2010-07-17
243571,7834,201006,23,0,2010-06-23
243588,7474,201008,22,0,2010-08-22
243602,7594,201007,30,0,2010-07-30
243682,7847,201007,26,0,2010-07-26
243682,7848,201007,26,0,2010-07-26
243695,7777,201006,2,0,2010-06-02
243724,7784,201006,21,0,2010-06-21
243724,7785,201006,23,0,2010-06-23
243724,7786,201006,20,0,2010-06-20
243724,7787,201006,24,0,2010-06-24
243724,7788,201006,27,0,2010-06-27
243726,7789,201006,19,0,2010-06-19
243801,7545,201006,15,0,2010-06-15
243813,7560,201006,14,0,2010-06-14
243866,7778,201006,15,0,2010-06-15
243968,7551,201006,21,0,2010-06-21
243985,7552,201008,24,0,2010-08-24
244100,7553,201006,18,0,2010-06-18
244145,7554,201006,29,0,2010-06-29
244146,7555,201006,24,0,2010-06-24
244146,7556,201006,24,0,2010-06-24
244147,7557,201006,24,0,2010-06-24
244795,7564,201006,25,0,2010-06-25
245139,7588,201006,9,0,2010-06-09
245162,7591,201008,4,0,2010-08-04
245162,7592,201008,4,0,2010-08-04
245446,7625,201007,21,0,2010-07-21
245530,7638,201006,17,0,2010-06-17
245616,7598,201007,21,0,2010-07-21
245797,7599,201008,5,0,2010-08-05
245876,7601,201006,17,0,2010-06-17
246291,7603,201007,25,0,2010-07-25
246320,7608,201006,30,0,2010-06-30
246325,7616,201006,29,0,2010-06-29
246381,7612,201006,27,0,2010-06-27
246491,7613,201006,22,0,2010-06-22
246705,7615,201008,28,0,2010-08-28
246808,7619,201007,3,0,2010-07-03
246838,7622,201008,22,0,2010-08-22
246838,7623,201008,22,0,2010-08-22
246839,7624,201008,16,0,2010-08-16
247075,7634,201008,4,0,2010-08-04
247573,8564,201008,1,0,2010-08-01
247871,7641,201006,4,0,2010-06-04
247932,7813,201007,25,0,2010-07-25
247948,7643,201008,7,0,2010-08-07
247949,7644,201008,24,0,2010-08-24
248257,8004,201009,3,0,2010-09-03
248978,7654,201007,19,0,2010-07-19
249043,7890,201008,2,0,2010-08-02
249119,7657,201007,28,0,2010-07-28
249121,7755,201007,13,0,2010-07-13
249121,7756,201007,13,0,2010-07-13
249196,7659,201007,25,0,2010-07-25
249339,7940,201007,8,0,2010-07-08
249339,7941,201007,4,0,2010-07-04
249621,7664,201007,28,0,2010-07-28
249624,7773,201007,20,0,2010-07-20
249818,7666,201007,14,0,2010-07-14
249841,7954,201007,6,0,2010-07-06
249841,7955,201007,5,0,2010-07-05
249841,7956,201007,6,0,2010-07-06
249841,7957,201007,7,0,2010-07-07
249876,7958,201007,8,0,2010-07-08
249876,7959,201007,8,0,2010-07-08
249879,7688,201007,4,0,2010-07-04
249882,7673,201007,4,0,2010-07-04
249896,7967,201007,25,0,2010-07-25
249896,7968,201007,25,0,2010-07-25
249978,8120,201009,4,0,2010-09-04
250073,7790,201007,23,0,2010-07-23
250093,7791,201007,25,0,2010-07-25
250113,7792,201007,30,0,2010-07-30
250149,7795,201007,31,0,2010-07-31
250391,7692,201007,16,0,2010-07-16
250391,7693,201007,16,0,2010-07-16
250394,7691,201007,19,0,2010-07-19
250394,7690,201007,17,0,2010-07-17
250640,7696,201007,9,0,2010-07-09
250640,7697,201007,12,0,2010-07-12
250640,7698,201007,12,0,2010-07-12
250640,7695,201007,7,0,2010-07-07
250640,7694,201007,4,0,2010-07-04
250643,7705,201007,24,0,2010-07-24
250644,7717,201007,30,0,2010-07-30
250644,7715,201007,27,0,2010-07-27
250644,7712,201007,24,0,2010-07-24
250644,7713,201007,25,0,2010-07-25
250644,7714,201007,27,0,2010-07-27
250644,7716,201007,28,0,2010-07-28
250647,7718,201008,3,0,2010-08-03
250647,7719,201008,6,0,2010-08-06
250648,7720,201008,6,0,2010-08-06
250916,7725,201007,23,0,2010-07-23
250916,7726,201007,23,0,2010-07-23
250961,7728,201007,8,0,2010-07-08
251107,7759,201007,26,0,2010-07-26
251292,7732,201007,12,0,2010-07-12
251352,7919,201008,5,0,2010-08-05
251416,7735,201008,17,0,2010-08-17
251477,8586,201007,13,0,2010-07-13
251577,7740,201008,7,0,2010-08-07
251687,7737,201007,25,0,2010-07-25
251771,7739,201009,20,0,2010-09-20
251887,7742,201007,20,0,2010-07-20
252191,7836,201007,22,0,2010-07-22
252235,8044,201009,7,0,2010-09-07
252466,7748,201008,13,0,2010-08-13
252705,7750,201007,18,0,2010-07-18
252705,7751,201007,18,0,2010-07-18
252947,8028,201009,22,0,2010-09-22
252987,7753,201009,22,0,2010-09-22
252987,7754,201009,22,0,2010-09-22
253066,8145,201007,4,0,2010-07-04
253123,7807,201007,20,0,2010-07-20
253277,7854,201007,6,0,2010-07-06
253313,7767,201007,13,0,2010-07-13
253455,7768,201007,24,0,2010-07-24
253457,7769,201007,24,0,2010-07-24
253457,7770,201007,24,0,2010-07-24
253457,7771,201007,25,0,2010-07-25
253764,7806,201007,6,0,2010-07-06
253765,7797,201007,6,0,2010-07-06
253765,7798,201007,6,0,2010-07-06
253765,7799,201007,6,0,2010-07-06
253766,7800,201007,5,0,2010-07-05
253766,7801,201007,8,0,2010-07-08
253766,7802,201007,8,0,2010-07-08
253766,7803,201007,8,0,2010-07-08
253766,7804,201007,9,0,2010-07-09
253766,7805,201007,10,0,2010-07-10
253872,7808,201007,25,0,2010-07-25
253895,7810,201008,1,0,2010-08-01
253896,7811,201008,2,0,2010-08-02
254053,7821,201007,14,0,2010-07-14
254053,7822,201007,14,0,2010-07-14
254053,7823,201007,14,0,2010-07-14
254053,7824,201007,14,0,2010-07-14
254073,7819,201007,3,0,2010-07-03
254073,7818,201007,4,0,2010-07-04
254086,7846,201007,27,0,2010-07-27
254289,7830,201007,2,0,2010-07-02
254289,7831,201007,2,0,2010-07-02
254305,7832,201007,18,0,2010-07-18
254310,7833,201007,29,0,2010-07-29
254410,7839,201007,22,0,2010-07-22
254474,7845,201007,24,0,2010-07-24
254495,8573,201007,2,0,2010-07-02
254495,8574,201007,2,0,2010-07-02
254718,7920,201008,4,0,2010-08-04
254719,7892,201008,5,0,2010-08-05
254919,7852,201008,12,0,2010-08-12
254919,7853,201008,12,0,2010-08-12
254958,7993,201008,12,0,2010-08-12
255074,7926,201008,4,0,2010-08-04
255074,7927,201008,4,0,2010-08-04
255074,7928,201008,5,0,2010-08-05
255074,7924,201008,3,0,2010-08-03
255074,7925,201008,4,0,2010-08-04
255074,7929,201008,7,0,2010-08-07
255074,7930,201008,7,0,2010-08-07
255151,8062,201008,4,0,2010-08-04
255158,8063,201008,6,0,2010-08-06
255178,8064,201008,1,0,2010-08-01
255199,7872,201008,11,0,2010-08-11
255199,7873,201008,12,0,2010-08-12
255199,7874,201008,14,0,2010-08-14
255199,7875,201008,15,0,2010-08-15
255285,7862,201007,25,0,2010-07-25
255494,7876,201008,23,0,2010-08-23
255521,7931,201008,23,0,2010-08-23
255627,8009,201009,16,0,2010-09-16
255786,7949,201008,5,0,2010-08-05
255979,7964,201008,8,0,2010-08-08
256218,7893,201007,25,0,2010-07-25
256544,8002,201008,4,0,2010-08-04
256620,7906,201008,2,0,2010-08-02
256620,7907,201008,3,0,2010-08-03
256650,7995,201008,10,0,2010-08-10
256742,7911,201008,31,0,2010-08-31
256782,7992,201008,29,0,2010-08-29
256874,8000,201007,30,0,2010-07-30
256874,8001,201007,30,0,2010-07-30
256947,7942,201008,22,0,2010-08-22
257223,7948,201008,13,0,2010-08-13
258059,7951,201008,10,0,2010-08-10
258221,7952,201008,21,0,2010-08-21
258258,8560,201001,21,0,2010-01-21
258273,7960,201007,8,0,2010-07-08
258273,7961,201007,8,0,2010-07-08
258297,8040,201009,17,0,2010-09-17
258394,7996,201008,5,0,2010-08-05
258403,7970,201008,21,0,2010-08-21
258609,7976,201007,21,0,2010-07-21
258610,7981,201008,5,0,2010-08-05
258610,7982,201008,5,0,2010-08-05
258611,7979,201008,5,0,2010-08-05
258611,7980,201008,5,0,2010-08-05
258759,7987,201008,27,0,2010-08-27
258851,7989,201008,12,0,2010-08-12
258853,7991,201008,13,0,2010-08-13
259392,7997,201008,21,0,2010-08-21
259397,7999,201008,21,0,2010-08-21
259551,8007,201009,7,0,2010-09-07
260024,8010,201009,8,0,2010-09-08
260164,8015,201009,12,0,2010-09-12
260347,8600,201009,30,0,2010-09-30
260347,8601,201009,30,0,2010-09-30
260347,8602,201009,30,0,2010-09-30
260347,8603,201009,30,0,2010-09-30
260347,8604,201009,30,0,2010-09-30
260348,8029,201009,7,0,2010-09-07
260549,8019,201009,2,0,2010-09-02
260617,8020,201009,6,0,2010-09-06
260674,8030,201009,8,0,2010-09-08
260955,8054,201009,8,0,2010-09-08
260962,8052,201009,8,0,2010-09-08
261086,8053,201009,8,0,2010-09-08
261301,8036,201009,20,0,2010-09-20
262045,8037,201009,30,0,2010-09-30
262329,8041,201009,17,0,2010-09-17
262537,8488,201009,16,0,2010-09-16
262537,8489,201009,16,0,2010-09-16
262722,8046,201009,2,0,2010-09-02
263044,8055,201009,9,0,2010-09-09
263334,8056,201008,14,0,2010-08-14
263337,8057,201008,12,0,2010-08-12
263398,8058,201008,4,0,2010-08-04
263413,8069,201011,22,0,2010-11-22
263413,8070,201011,22,0,2010-11-22
263982,8059,201010,29,0,2010-10-29
264065,8060,201008,7,0,2010-08-07
264226,8142,201011,14,0,2010-11-14
264416,8328,201012,11,0,2010-12-11
264430,8325,201012,11,0,2010-12-11
264432,8362,201012,11,0,2010-12-11
264444,8360,201012,11,0,2010-12-11
264444,8359,201012,11,0,2010-12-11
264461,8135,201010,1,0,2010-10-01
265075,8090,201012,14,0,2010-12-14
265090,8119,201010,27,0,2010-10-27
265205,8092,201010,24,0,2010-10-24
265556,8123,201012,16,0,2010-12-16
265678,8118,201010,1,0,2010-10-01
265727,8115,201011,13,0,2010-11-13
265727,8116,201011,13,0,2010-11-13
266013,8133,201010,1,0,2010-10-01
266013,8134,201010,1,0,2010-10-01
266125,8129,201012,26,0,2010-12-26
266131,8130,201012,16,0,2010-12-16
266150,8131,201005,1,0,2010-05-01
266150,8132,201005,1,0,2010-05-01
266263,8136,201010,25,0,2010-10-25
266374,8137,201011,9,0,2010-11-09
266377,8138,201011,29,0,2010-11-29
266437,8139,201008,20,0,2010-08-20
266523,8195,201012,30,0,2010-12-30
266726,8258,201012,12,0,2010-12-12
266881,8287,201012,12,0,2010-12-12
267257,8172,201012,13,0,2010-12-13
267268,8170,201012,13,0,2010-12-13
267276,8146,201011,26,0,2010-11-26
267280,8340,201012,12,0,2010-12-12
267294,8237,201011,20,0,2010-11-20
267294,8238,201011,20,0,2010-11-20
267294,8239,201011,20,0,2010-11-20
267294,8240,201011,20,0,2010-11-20
267301,8166,201012,15,0,2010-12-15
267301,8167,201012,15,0,2010-12-15
267343,8175,201012,17,0,2010-12-17
267354,8341,201012,24,0,2010-12-24
267533,8363,201012,31,0,2010-12-31
267533,8364,201012,31,0,2010-12-31
267533,8366,201012,4,0,2010-12-04
267533,8365,201012,31,0,2010-12-31
267577,8299,201012,31,0,2010-12-31
267577,8300,201012,31,0,2010-12-31
267674,8186,201011,19,0,2010-11-19
267705,8399,201012,31,0,2010-12-31
267705,8400,201012,31,0,2010-12-31
268075,8356,201012,14,0,2010-12-14
268353,8198,201011,19,0,2010-11-19
268380,8199,201011,30,0,2010-11-30
268503,8202,201012,6,0,2010-12-06
268503,8200,201012,5,0,2010-12-05
268503,8201,201012,6,0,2010-12-06
268509,8204,201012,13,0,2010-12-13
268511,8205,201012,22,0,2010-12-22
268512,8422,201012,3,0,2010-12-03
268512,8423,201012,5,0,2010-12-05
268552,8424,201012,28,0,2010-12-28
268565,8214,201011,22,0,2010-11-22
268594,8215,201011,24,0,2010-11-24
268697,8358,201012,30,0,2010-12-30
268905,8231,201011,22,0,2010-11-22
268908,8229,201011,22,0,2010-11-22
268929,8254,201011,22,0,2010-11-22
268992,8256,201012,24,0,2010-12-24
269078,8416,201011,20,0,2010-11-20
269499,8245,201011,30,0,2010-11-30
269603,8252,201012,20,0,2010-12-20
270591,8261,201012,18,0,2010-12-18
270592,8262,201012,15,0,2010-12-15
270813,8265,201012,11,0,2010-12-11
270980,8286,201012,14,0,2010-12-14
271827,8332,201012,26,0,2010-12-26
271878,8271,201012,25,0,2010-12-25
271922,8270,201012,26,0,2010-12-26
271971,8272,201012,4,0,2010-12-04
271972,8273,201012,4,0,2010-12-04
271973,8274,201012,4,0,2010-12-04
271976,8275,201012,4,0,2010-12-04
271977,8276,201012,4,0,2010-12-04
271979,8277,201012,4,0,2010-12-04
272203,8278,201012,16,0,2010-12-16
272204,8279,201012,16,0,2010-12-16
272206,8280,201012,16,0,2010-12-16
272448,8347,201012,12,0,2010-12-12
272623,8281,201012,22,0,2010-12-22
272848,8350,201012,25,0,2010-12-25
272854,8284,201012,25,0,2010-12-25
272866,8285,201012,29,0,2010-12-29
273434,8288,201012,12,0,2010-12-12
273594,8292,201012,15,0,2010-12-15
273595,8295,201012,15,0,2010-12-15
273595,8296,201012,15,0,2010-12-15
273726,8297,201012,6,0,2010-12-06
274007,8303,201012,4,0,2010-12-04
274041,8353,201012,27,0,2010-12-27
274177,8313,201012,13,0,2010-12-13
274485,8349,201012,13,0,2010-12-13
274655,8331,201012,23,0,2010-12-23
274657,8352,201012,1,0,2010-12-01
275090,8337,201012,10,0,2010-12-10
275515,8361,201012,11,0,2010-12-11
275571,8355,201012,21,0,2010-12-21
275777,8369,201012,28,0,2010-12-28
276532,8394,201012,15,0,2010-12-15
276534,8381,201012,15,0,2010-12-15
276534,8382,201012,15,0,2010-12-15
277955,8425,201012,29,0,2010-12-29
297970,8912,201012,4,0,2010-12-04
312533,11140,201012,28,0,2010-12-28
248532,7650,201007,11,0,2010-07-11
1108090,49378,202307,29,0,2023-07-29
1108167,49359,202307,29,0,2023-07-29
1109732,49455,202307,27,0,2023-07-27
1128929,50209,202307,28,0,2023-07-28
1131465,50230,202307,28,0,2023-07-28
1104617,49305,202307,24,0,2023-07-24
1106092,49307,202307,1,0,2023-07-01
1106242,49347,202307,1,0,2023-07-01
1106313,49348,202307,4,0,2023-07-04
1107915,49358,202307,19,0,2023-07-19
1138765,50810,202308,19,0,2023-08-19
1138765,50811,202308,23,0,2023-08-23
1138765,50812,202308,27,0,2023-08-27
1141938,51141,202311,25,0,2023-11-25
1131643,50285,202308,6,0,2023-08-06
1131643,50286,202308,6,0,2023-08-06
1131871,50344,202308,30,0,2023-08-30
1127151,50212,202308,19,0,2023-08-19
1119067,49467,202308,30,0,2023-08-30
1125049,49836,202308,24,0,2023-08-24
1125049,49837,202308,24,0,2023-08-24
1125049,49838,202308,24,0,2023-08-24
1125057,49847,202308,24,0,2023-08-24
1125057,49848,202308,25,0,2023-08-25
1125089,50305,202308,31,0,2023-08-31
1125089,50304,202308,24,0,2023-08-24
1107138,49351,202308,8,0,2023-08-08
1112742,49395,202308,15,0,2023-08-15
1117366,49459,202308,30,0,2023-08-30
1138681,50706,202308,1,0,2023-08-01
1138697,50939,202308,6,0,2023-08-06
1138714,50704,202308,12,0,2023-08-12
1138714,50695,202308,4,0,2023-08-04
1138714,50696,202308,1,0,2023-08-01
1138714,50700,202308,8,0,2023-08-08
1138714,50701,202308,9,0,2023-08-09
1138714,50703,202308,10,0,2023-08-10
1138714,50693,202308,4,0,2023-08-04
1138714,50694,202308,4,0,2023-08-04
1138714,50697,202308,6,0,2023-08-06
1138714,50698,202308,7,0,2023-08-07
1138714,50699,202308,8,0,2023-08-08
1138714,50702,202308,10,0,2023-08-10
1138714,50705,202308,12,0,2023-08-12
1138730,50813,202308,22,0,2023-08-22
1127102,50090,202307,20,0,2023-07-20
1127103,50097,202307,23,0,2023-07-23
1127101,50089,202307,16,0,2023-07-16
1127105,50098,202307,18,0,2023-07-18
1127676,50101,202307,31,0,2023-07-31
1127676,50100,202307,31,0,2023-07-31
1127708,50103,202307,30,0,2023-07-30
1127777,50104,202307,9,0,2023-07-09
1134748,50555,202308,1,0,2023-08-01
1134748,50558,202308,3,0,2023-08-03
1134748,50556,202308,2,0,2023-08-02
1134748,50557,202308,3,0,2023-08-03
1134748,50560,202308,2,0,2023-08-02
1134748,50563,202308,3,0,2023-08-03
1134748,50559,202308,1,0,2023-08-01
1134748,50562,202308,3,0,2023-08-03
1134748,50561,202308,2,0,2023-08-02
1134749,50564,202308,1,0,2023-08-01
1134750,50319,202308,1,0,2023-08-01
1134754,50321,202308,5,0,2023-08-05
1134754,50322,202308,5,0,2023-08-05
1134755,50323,202308,4,0,2023-08-04
1134756,50353,202308,6,0,2023-08-06
1134756,50350,202308,5,0,2023-08-05
1134756,50351,202308,4,0,2023-08-04
1134756,50354,202308,6,0,2023-08-06
1134756,50352,202308,4,0,2023-08-04
1136290,51146,202308,16,0,2023-08-16
1136290,51147,202308,17,0,2023-08-17
1136290,51148,202308,18,0,2023-08-18
1136290,51145,202308,15,0,2023-08-15
1136290,51144,202308,14,0,2023-08-14
1138374,50581,202308,10,0,2023-08-10
1138374,50583,202308,8,0,2023-08-08
1138374,50577,202308,8,0,2023-08-08
1138374,50584,202308,9,0,2023-08-09
1138374,50575,202308,7,0,2023-08-07
1102153,52661,202303,24,0,2023-03-24
1102155,52670,202303,24,0,2023-03-24
1102155,52669,202303,24,0,2023-03-24
1102155,52671,202303,24,0,2023-03-24
1102164,52245,202303,24,0,2023-03-24
1102164,52246,202303,24,0,2023-03-24
1102164,52247,202303,24,0,2023-03-24
1104616,49304,202306,22,0,2023-06-22
1105223,49306,202307,4,0,2023-07-04
1107603,49355,202306,16,0,2023-06-16
1107603,49356,202306,16,0,2023-06-16
1112979,49832,202307,29,0,2023-07-29
1114731,50214,202307,20,0,2023-07-20
1126543,49901,202303,3,0,2023-03-03
1126892,49902,202308,30,0,2023-08-30
1099059,49185,202307,2,0,2023-07-02
1099787,49193,202307,2,0,2023-07-02
1101221,49233,202307,14,0,2023-07-14
1101227,49275,202307,15,0,2023-07-15
1101227,49276,202307,15,0,2023-07-15
1101227,49277,202307,15,0,2023-07-15
1101227,49278,202307,15,0,2023-07-15
1072788,48457,202302,19,0,2023-02-19
1072794,48459,202302,19,0,2023-02-19
1072857,48468,202302,25,0,2023-02-25
1073760,48490,202302,19,0,2023-02-19
1074584,48745,202302,16,0,2023-02-16
1075012,48512,202302,25,0,2023-02-25
1075012,48513,202302,25,0,2023-02-25
1080028,48700,202302,22,0,2023-02-22
1080534,48706,202302,19,0,2023-02-19
1080534,48707,202302,19,0,2023-02-19
1080534,48708,202302,19,0,2023-02-19
1080705,48709,202302,3,0,2023-02-03
1112555,50348,202306,21,0,2023-06-21
1082520,48736,202302,16,0,2023-02-16
1082871,48746,202302,28,0,2023-02-28
1084141,48747,202302,23,0,2023-02-23
1084141,48748,202302,26,0,2023-02-26
1102408,49811,202305,6,0,2023-05-06
1103369,49293,202305,12,0,2023-05-12
1113927,49821,202306,14,0,2023-06-14
1114056,49822,202306,18,0,2023-06-18
1115852,49823,202306,20,0,2023-06-20
1115971,49826,202306,22,0,2023-06-22
1115971,49827,202306,22,0,2023-06-22
1115951,49828,202306,23,0,2023-06-23
1115951,49829,202306,23,0,2023-06-23
1129931,50289,202310,4,0,2023-10-04
1143681,51341,202310,16,0,2023-10-16
1143681,51342,202310,16,0,2023-10-16
1143683,51354,202310,16,0,2023-10-16
1143943,51356,202310,25,0,2023-10-25
1113314,50287,202307,24,0,2023-07-24
1120097,50293,202305,23,0,2023-05-23
1120097,50294,202305,23,0,2023-05-23
1121575,49900,202307,14,0,2023-07-14
1124202,49831,202307,6,0,2023-07-06
1124587,50950,202307,15,0,2023-07-15
1124600,50954,202307,17,0,2023-07-17
1124600,50955,202307,18,0,2023-07-18
1127355,50966,202307,27,0,2023-07-27
1127389,50961,202307,23,0,2023-07-23
1127389,50963,202307,25,0,2023-07-25
1127389,50964,202307,28,0,2023-07-28
1127389,50962,202307,24,0,2023-07-24
1127389,50965,202307,31,0,2023-07-31
1139149,50941,202307,3,0,2023-07-03
1139149,50940,202307,3,0,2023-07-03
1139151,50949,202307,7,0,2023-07-07
1139152,50948,202307,7,0,2023-07-07
1139153,50947,202307,8,0,2023-07-08
1120946,49576,202309,9,0,2023-09-09
1126075,49884,202309,14,0,2023-09-14
1127082,50340,202309,3,0,2023-09-03
1128548,50105,202309,13,0,2023-09-13
1128567,50106,202309,18,0,2023-09-18
1128569,50107,202309,17,0,2023-09-17
1116066,49830,202306,30,0,2023-06-30
1116071,49446,202306,26,0,2023-06-26
1116071,49447,202306,26,0,2023-06-26
1116704,49450,202303,21,0,2023-03-21
1116704,49451,202303,21,0,2023-03-21
1123681,49824,202306,21,0,2023-06-21
1123681,49825,202306,21,0,2023-06-21
1125075,49839,202305,28,0,2023-05-28
1125081,49843,202306,9,0,2023-06-09
1127091,50012,202304,4,0,2023-04-04
1128617,50208,202304,6,0,2023-04-06
1086404,49574,202305,6,0,2023-05-06
1101227,49279,202307,15,0,2023-07-15
1101227,49280,202307,15,0,2023-07-15
1101227,49281,202307,15,0,2023-07-15
1102316,49265,202307,14,0,2023-07-14
1102443,49303,202307,13,0,2023-07-13
1102878,49284,202307,23,0,2023-07-23
1125100,49850,202307,15,0,2023-07-15
1123498,49820,202307,16,0,2023-07-16
1119066,49478,202307,3,0,2023-07-03
1119085,49479,202307,1,0,2023-07-01
1119085,49480,202307,3,0,2023-07-03
1119085,49482,202307,4,0,2023-07-04
1119085,49481,202307,4,0,2023-07-04
1119085,49483,202307,4,0,2023-07-04
1119088,49473,202307,2,0,2023-07-02
1119090,49474,202307,9,0,2023-07-09
1119090,49476,202307,12,0,2023-07-12
1119090,49475,202307,12,0,2023-07-12
1119090,49477,202307,13,0,2023-07-13
1119275,49485,202307,18,0,2023-07-18
1119284,49492,202307,15,0,2023-07-15
1119287,49491,202307,18,0,2023-07-18
1119287,49487,202307,16,0,2023-07-16
1119287,49488,202307,17,0,2023-07-17
1119287,49489,202307,17,0,2023-07-17
1119287,49490,202307,17,0,2023-07-17
1119312,49493,202307,22,0,2023-07-22
1119312,49494,202307,22,0,2023-07-22
1119316,49498,202307,20,0,2023-07-20
1119316,49495,202307,19,0,2023-07-19
1119316,49496,202307,20,0,2023-07-20
1119316,49497,202307,20,0,2023-07-20
1119316,49499,202307,22,0,2023-07-22
1119337,49500,202307,29,0,2023-07-29
1117245,49457,202307,28,0,2023-07-28
1117245,49458,202307,28,0,2023-07-28
1086381,48780,202305,8,0,2023-05-08
1091071,49149,202303,17,0,2023-03-17
1089406,48855,202305,21,0,2023-05-21
1092357,49139,202305,29,0,2023-05-29
1097457,49453,202303,22,0,2023-03-22
1064478,47905,202301,7,0,2023-01-07
1064478,47906,202301,7,0,2023-01-07
1065428,47919,202301,10,0,2023-01-10
1065428,47920,202301,10,0,2023-01-10
1067014,48169,202301,18,0,2023-01-18
1067600,48160,202301,28,0,2023-01-28
1069180,48652,202301,10,0,2023-01-10
1069180,48653,202301,10,0,2023-01-10
1069346,48244,202301,25,0,2023-01-25
1070068,48270,202301,31,0,2023-01-31
1070217,48271,202301,31,0,2023-01-31
1070217,48272,202301,31,0,2023-01-31
1070217,48273,202301,31,0,2023-01-31
1072116,48444,202301,28,0,2023-01-28
1073192,48613,202301,28,0,2023-01-28
1073608,48486,202301,31,0,2023-01-31
1073610,48487,202301,31,0,2023-01-31
1073902,48626,202301,16,0,2023-01-16
1074939,48654,202301,22,0,2023-01-22
1075143,48514,202301,9,0,2023-01-09
1075542,48530,202301,1,0,2023-01-01
1075548,48681,202301,1,0,2023-01-01
1075556,48533,202301,1,0,2023-01-01
1075739,48616,202301,30,0,2023-01-30
1075979,48686,202301,4,0,2023-01-04
1076736,48559,202301,27,0,2023-01-27
1076736,48560,202301,27,0,2023-01-27
1076817,48562,202301,30,0,2023-01-30
1078472,48619,202301,19,0,2023-01-19
1078472,48620,202301,23,0,2023-01-23
1078574,48625,202301,31,0,2023-01-31
1078627,48630,202301,4,0,2023-01-04
1078683,48629,202301,3,0,2023-01-03
1078721,48688,202301,23,0,2023-01-23
1078851,48634,202301,9,0,2023-01-09
1078915,48644,202301,7,0,2023-01-07
1078937,48643,202301,7,0,2023-01-07
1079062,48683,202301,11,0,2023-01-11
1079077,48684,202301,25,0,2023-01-25
1079900,48695,202301,9,0,2023-01-09
1130553,50217,202309,26,0,2023-09-26
1162704,52464,202308,11,0,2023-08-11
1162707,52465,202307,21,0,2023-07-21
1087621,48805,202305,13,0,2023-05-13
1090829,49024,202305,23,0,2023-05-23
1090829,49025,202305,23,0,2023-05-23
1124943,51421,202307,3,0,2023-07-03
1127560,51445,202308,7,0,2023-08-07
1134561,51444,202308,25,0,2023-08-25
1135413,50325,202308,30,0,2023-08-30
1138230,50687,202308,23,0,2023-08-23
1142492,51253,202307,29,0,2023-07-29
1144992,51426,202307,29,0,2023-07-29
1145144,51430,202308,23,0,2023-08-23
1147469,51498,202307,27,0,2023-07-27
1143746,51353,202311,23,0,2023-11-23
1144033,51357,202311,10,0,2023-11-10
1144434,51448,202311,24,0,2023-11-24
1144661,51419,202311,25,0,2023-11-25
1145725,51446,202311,6,0,2023-11-06
1147273,51841,202311,26,0,2023-11-26
1147683,51541,202311,30,0,2023-11-30
1147769,51993,202311,7,0,2023-11-07
1148560,52057,202311,20,0,2023-11-20
1148560,52058,202311,20,0,2023-11-20
1148560,52059,202311,20,0,2023-11-20
1148560,52060,202311,20,0,2023-11-20
1148560,52061,202311,20,0,2023-11-20
1148560,52062,202311,20,0,2023-11-20
1148655,51837,202311,5,0,2023-11-05
1148655,51838,202311,5,0,2023-11-05
1077176,48573,202303,3,0,2023-03-03
1088285,48822,202303,31,0,2023-03-31
1088285,48823,202303,31,0,2023-03-31
1088285,48824,202303,31,0,2023-03-31
1081889,48730,202304,16,0,2023-04-16
1082384,48738,202304,22,0,2023-04-22
1082450,48735,202304,1,0,2023-04-01
1084359,48749,202304,29,0,2023-04-29
1084485,49055,202304,6,0,2023-04-06
1084486,49056,202304,6,0,2023-04-06
1084489,48755,202304,28,0,2023-04-28
1084594,48756,202304,6,0,2023-04-06
1085126,48763,202304,4,0,2023-04-04
1086003,48790,202304,5,0,2023-04-05
1086003,48791,202304,5,0,2023-04-05
1086003,48792,202304,5,0,2023-04-05
1086003,48793,202304,5,0,2023-04-05
1086003,48794,202304,5,0,2023-04-05
1088298,49148,202304,16,0,2023-04-16
1090556,49019,202304,29,0,2023-04-29
1091574,49057,202304,13,0,2023-04-13
1091575,49058,202304,7,0,2023-04-07
1092807,49126,202304,1,0,2023-04-01
1093810,49131,202304,11,0,2023-04-11
1089415,50227,202303,31,0,2023-03-31
1094752,51067,202305,1,0,2023-05-01
1093067,49129,202305,16,0,2023-05-16
1100246,49259,202305,4,0,2023-05-04
1100246,49260,202305,4,0,2023-05-04
1101103,49261,202305,15,0,2023-05-15
1101103,49262,202306,16,0,2023-06-16
1102212,49263,202305,21,0,2023-05-21
1102212,49264,202305,21,0,2023-05-21
1068797,48181,202301,17,0,2023-01-17
1072875,49445,202302,4,0,2023-02-04
1079339,49296,202301,12,0,2023-01-12
1079339,49295,202301,12,0,2023-01-12
1079340,49298,202301,12,0,2023-01-12
1079340,49297,202301,12,0,2023-01-12
1079341,49300,202301,12,0,2023-01-12
1079341,49299,202301,12,0,2023-01-12
1079342,49302,202301,12,0,2023-01-12
1079342,49301,202301,12,0,2023-01-12
1085836,48827,202303,31,0,2023-03-31
1148806,51842,202311,27,0,2023-11-27
1149087,51897,202311,20,0,2023-11-20
1149089,51898,202311,4,0,2023-11-04
1087202,51070,202303,2,0,2023-03-02
1089117,52044,202303,31,0,2023-03-31
1126968,52043,202308,27,0,2023-08-27
1144360,52235,202312,9,0,2023-12-09
1088848,48870,202303,14,0,2023-03-14
1088848,48871,202303,15,0,2023-03-15
1144360,52232,202312,9,0,2023-12-09
1144360,52233,202312,9,0,2023-12-09
1090054,48979,202303,18,0,2023-03-18
1090814,49021,202303,12,0,2023-03-12
1144360,52234,202312,9,0,2023-12-09
1095854,49343,202305,27,0,2023-05-27
1095856,49144,202305,29,0,2023-05-29
1096604,49155,202304,3,0,2023-04-03
1096614,49154,202304,1,0,2023-04-01
1101860,49235,202303,3,0,2023-03-03
1144554,52229,202312,9,0,2023-12-09
1144554,52230,202312,9,0,2023-12-09
1144554,52231,202312,9,0,2023-12-09
1144868,51427,202312,18,0,2023-12-18
1138374,50578,202308,8,0,2023-08-08
1139008,50938,202308,23,0,2023-08-23
1138374,50579,202308,9,0,2023-08-09
1138374,50580,202308,10,0,2023-08-10
1138374,50582,202308,8,0,2023-08-08
1138375,50585,202308,8,0,2023-08-08
1138718,50828,202308,13,0,2023-08-13
1138782,50832,202308,16,0,2023-08-16
1138787,50837,202308,16,0,2023-08-16
1138795,50834,202308,16,0,2023-08-16
1138795,50833,202308,16,0,2023-08-16
1138795,50835,202308,16,0,2023-08-16
1138824,50814,202308,18,0,2023-08-18
1138825,50815,202308,18,0,2023-08-18
1135961,50331,202308,2,0,2023-08-02
1103305,49285,202305,16,0,2023-05-16
1103305,49286,202305,1,0,2023-05-01
1103305,49287,202305,1,0,2023-05-01
1103305,49288,202305,1,0,2023-05-01
1103305,49290,202305,1,0,2023-05-01
1103305,49291,202305,1,0,2023-05-01
1103305,49292,202305,1,0,2023-05-01
1120692,49570,202302,8,0,2023-02-08
1135961,50335,202308,5,0,2023-08-05
1103305,49289,202305,1,0,2023-05-01
1138827,50816,202308,25,0,2023-08-25
1135961,50337,202308,5,0,2023-08-05
1135961,50338,202308,6,0,2023-08-06
1135961,50329,202308,2,0,2023-08-02
1135961,50330,202308,2,0,2023-08-02
1135961,50332,202308,3,0,2023-08-03
1135961,50333,202308,3,0,2023-08-03
1135961,50334,202308,4,0,2023-08-04
1135961,50336,202308,5,0,2023-08-05
1136422,50341,202308,23,0,2023-08-23
1136791,50345,202308,7,0,2023-08-07
1134040,50685,202308,8,0,2023-08-08
1138828,50819,202308,26,0,2023-08-26
1138828,50820,202308,26,0,2023-08-26
1138840,50821,202308,28,0,2023-08-28
1138840,50822,202308,29,0,2023-08-29
1138858,50824,202308,28,0,2023-08-28
1138858,50825,202308,29,0,2023-08-29
1138858,50826,202308,29,0,2023-08-29
1138858,50827,202308,30,0,2023-08-30
1138859,51121,202308,28,0,2023-08-28
1138860,50831,202308,31,0,2023-08-31
1138860,50830,202308,31,0,2023-08-31
1135188,50324,202308,5,0,2023-08-05
1132806,50308,202308,3,0,2023-08-03
1132825,50291,202308,4,0,2023-08-04
1087403,50219,202303,24,0,2023-03-24
1089593,50349,202305,22,0,2023-05-22
1075461,48716,202302,2,0,2023-02-02
1075467,48717,202302,2,0,2023-02-02
1076985,48719,202302,9,0,2023-02-09
1081667,48806,202302,26,0,2023-02-26
1083140,48852,202302,23,0,2023-02-23
1135798,51252,202309,7,0,2023-09-07
1140339,51137,202309,1,0,2023-09-01
1140339,51138,202309,1,0,2023-09-01
1140339,51139,202309,1,0,2023-09-01
1140564,51077,202309,3,0,2023-09-03
1140566,51078,202309,3,0,2023-09-03
1140567,51079,202309,3,0,2023-09-03
1140572,51080,202309,3,0,2023-09-03
1140880,51256,202309,9,0,2023-09-09
1140880,51257,202309,9,0,2023-09-09
1141655,51119,202309,6,0,2023-09-06
1141656,51120,202309,8,0,2023-09-08
1141660,51122,202309,9,0,2023-09-09
1141660,51123,202309,9,0,2023-09-09
1141660,51124,202309,9,0,2023-09-09
1141661,51125,202309,9,0,2023-09-09
1141662,51127,202309,16,0,2023-09-16
1141664,51384,202309,27,0,2023-09-27
1141664,51385,202309,27,0,2023-09-27
1141665,51132,202309,18,0,2023-09-18
1141666,51133,202309,29,0,2023-09-29
1141946,51149,202309,2,0,2023-09-02
1141957,51143,202309,3,0,2023-09-03
1142370,51250,202309,1,0,2023-09-01
1142413,51251,202309,2,0,2023-09-02
1143052,51259,202309,16,0,2023-09-16
1130523,50216,202309,13,0,2023-09-13
1158381,52409,202312,4,0,2023-12-04
1160556,52746,202312,4,0,2023-12-04
1160588,52411,202312,16,0,2023-12-16
1160588,52412,202312,16,0,2023-12-16
1160588,52413,202312,16,0,2023-12-16
1148310,51985,202310,23,0,2023-10-23
1148310,51986,202310,23,0,2023-10-23
1148310,51988,202310,23,0,2023-10-23
1148310,51989,202310,23,0,2023-10-23
1148310,51990,202310,23,0,2023-10-23
1148310,51991,202310,23,0,2023-10-23
1068306,48170,202301,28,0,2023-01-28
1076699,48567,202301,29,0,2023-01-29
1079026,48646,202301,9,0,2023-01-09
1150923,52046,202306,16,0,2023-06-16
1151487,52063,202306,18,0,2023-06-18
1155058,52275,202309,15,0,2023-09-15
1080453,48702,202301,14,0,2023-01-14
1098431,51455,202306,21,0,2023-06-21
1074596,48506,202303,3,0,2023-03-03
1074596,48507,202303,3,0,2023-03-03
1089561,49051,202303,31,0,2023-03-31
1089561,49049,202303,31,0,2023-03-31
1089561,49050,202303,31,0,2023-03-31
1089564,48969,202303,31,0,2023-03-31
1089564,48970,202303,31,0,2023-03-31
1098431,51456,202306,21,0,2023-06-21
1098431,51457,202306,21,0,2023-06-21
1098431,51458,202306,21,0,2023-06-21
1143589,51338,202301,23,0,2023-01-23
1143589,51339,202301,24,0,2023-01-24
1076602,48548,202303,6,0,2023-03-06
1096152,49151,202304,17,0,2023-04-17
1098330,49167,202305,28,0,2023-05-28
1121192,49855,202307,19,0,2023-07-19
1133677,50307,202308,25,0,2023-08-25
1154016,53115,202312,1,0,2023-12-01
1154018,53116,202312,2,0,2023-12-02
1154166,52266,202312,4,0,2023-12-04
1087403,50218,202303,24,0,2023-03-24
1089126,49103,202303,31,0,2023-03-31
1089126,49100,202303,31,0,2023-03-31
1089126,49101,202303,31,0,2023-03-31
1089126,49102,202303,31,0,2023-03-31
1089395,49501,202303,31,0,2023-03-31
1089415,50224,202303,31,0,2023-03-31
1089415,50225,202303,31,0,2023-03-31
1089415,50226,202303,31,0,2023-03-31
1089415,50228,202303,31,0,2023-03-31
1089415,50220,202303,31,0,2023-03-31
1089415,50221,202303,31,0,2023-03-31
1089415,50222,202303,31,0,2023-03-31
1089415,50223,202303,31,0,2023-03-31
1076235,48542,202303,3,0,2023-03-03
1076235,48543,202303,3,0,2023-03-03
1076234,48544,202303,2,0,2023-03-02
1076236,48545,202303,16,0,2023-03-16
1076237,48546,202303,16,0,2023-03-16
1076237,48547,202303,16,0,2023-03-16
1077867,48609,202303,19,0,2023-03-19
1073893,48647,202303,3,0,2023-03-03
1073911,48648,202303,3,0,2023-03-03
1073911,48649,202303,3,0,2023-03-03
1079562,48682,202303,2,0,2023-03-02
1079654,48685,202303,16,0,2023-03-16
1079802,48693,202303,24,0,2023-03-24
1079803,48694,202303,24,0,2023-03-24
1080876,48710,202303,24,0,2023-03-24
1080877,48713,202303,10,0,2023-03-10
1077864,48728,202303,17,0,2023-03-17
1082977,48740,202303,10,0,2023-03-10
1084397,48751,202303,17,0,2023-03-17
1084610,48757,202303,25,0,2023-03-25
1110133,51929,202307,10,0,2023-07-10
1112194,51944,202307,11,0,2023-07-11
1085264,48764,202303,10,0,2023-03-10
1080456,48766,202303,4,0,2023-03-04
1113708,49413,202306,21,0,2023-06-21
1074896,48789,202303,3,0,2023-03-03
1087858,48808,202303,29,0,2023-03-29
1088056,48814,202303,23,0,2023-03-23
1088932,48834,202303,25,0,2023-03-25
1088947,48835,202303,12,0,2023-03-12
1088947,48836,202303,12,0,2023-03-12
1088947,48837,202303,12,0,2023-03-12
1087896,48853,202303,10,0,2023-03-10
1088048,48866,202303,23,0,2023-03-23
1088048,48867,202303,23,0,2023-03-23
1089507,48868,202303,21,0,2023-03-21
1090100,49013,202303,18,0,2023-03-18
1090695,49020,202303,14,0,2023-03-14
1084499,49023,202303,1,0,2023-03-01
1089588,49106,202303,31,0,2023-03-31
1094977,49136,202306,17,0,2023-06-17
1094978,49137,202306,23,0,2023-06-23
1095122,49138,202306,15,0,2023-06-15
1095326,49180,202306,3,0,2023-06-03
1095865,49294,202306,23,0,2023-06-23
1096749,49350,202306,25,0,2023-06-25
1097676,49166,202306,29,0,2023-06-29
1099045,49184,202306,6,0,2023-06-06
1099078,49186,202306,21,0,2023-06-21
1099079,49187,202306,20,0,2023-06-20
1099748,49191,202306,20,0,2023-06-20
1099784,49192,202306,14,0,2023-06-14
1106205,49308,202306,4,0,2023-06-04
1107540,49442,202306,3,0,2023-06-03
1111095,49372,202306,25,0,2023-06-25
1111095,49373,202306,25,0,2023-06-25
1111752,49379,202306,6,0,2023-06-06
1111752,49380,202306,6,0,2023-06-06
1111753,49381,202306,17,0,2023-06-17
1111754,49382,202306,26,0,2023-06-26
1111755,49383,202306,29,0,2023-06-29
1112557,49397,202306,24,0,2023-06-24
1112576,49410,202306,28,0,2023-06-28
1112576,49411,202306,29,0,2023-06-29
1112576,49412,202306,30,0,2023-06-30
1112603,49393,202306,17,0,2023-06-17
1112859,49432,202306,17,0,2023-06-17
1113269,49399,202306,26,0,2023-06-26
1113280,49405,202306,26,0,2023-06-26
1113286,49403,202306,26,0,2023-06-26
1114255,49416,202306,25,0,2023-06-25
1114255,49417,202306,25,0,2023-06-25
1114827,49436,202306,21,0,2023-06-21
1114847,49439,202306,19,0,2023-06-19
1114914,49437,202306,25,0,2023-06-25
1115052,49421,202306,16,0,2023-06-16
1115052,49422,202306,16,0,2023-06-16
1115054,49423,202306,16,0,2023-06-16
1115060,49420,202306,16,0,2023-06-16
1115113,49424,202306,24,0,2023-06-24
1115113,49425,202306,24,0,2023-06-24
1115143,49426,202306,12,0,2023-06-12
1115145,49427,202306,22,0,2023-06-22
1115592,49441,202306,14,0,2023-06-14
1116779,49456,202306,25,0,2023-06-25
1143654,51340,202302,6,0,2023-02-06
1083288,48743,202302,17,0,2023-02-17
1125187,49854,202307,1,0,2023-07-01
1126073,49883,202307,10,0,2023-07-10
1126074,50202,202307,12,0,2023-07-12
1127012,51379,202307,27,0,2023-07-27
1127090,50257,202307,23,0,2023-07-23
1127090,50250,202307,16,0,2023-07-16
1127693,50102,202307,31,0,2023-07-31
1134754,50320,202308,5,0,2023-08-05
1138374,50576,202308,7,0,2023-08-07
1138795,50836,202308,16,0,2023-08-16
1138858,50823,202308,28,0,2023-08-28
1126074,50204,202307,13,0,2023-07-13
1127090,50236,202307,21,0,2023-07-21
1127090,50260,202307,24,0,2023-07-24
1089589,50229,202304,1,0,2023-04-01
1091003,49406,202304,1,0,2023-04-01
1091143,50686,202304,15,0,2023-04-15
1091590,49059,202303,31,0,2023-03-31
1091590,49060,202303,31,0,2023-03-31
1091590,49061,202303,31,0,2023-03-31
1092358,49076,202305,29,0,2023-05-29
1094752,51068,202305,1,0,2023-05-01
1097018,49165,202304,1,0,2023-04-01
1149840,51977,202309,6,0,2023-09-06
1150429,52018,202307,27,0,2023-07-27
1150433,52019,202307,28,0,2023-07-28
1151942,52088,202301,9,0,2023-01-09
1148310,51987,202310,23,0,2023-10-23
1122104,51992,202307,9,0,2023-07-09
1078958,52089,202301,9,0,2023-01-09
1146327,51447,202312,18,0,2023-12-18
1146589,52249,202312,18,0,2023-12-18
1146590,52248,202312,18,0,2023-12-18
1147035,52250,202312,18,0,2023-12-18
1147241,51475,202312,1,0,2023-12-01
1147287,52080,202312,7,0,2023-12-07
1147287,52081,202312,7,0,2023-12-07
1147287,52082,202312,7,0,2023-12-07
1147342,51826,202312,22,0,2023-12-22
1147344,51824,202312,16,0,2023-12-16
1147344,51825,202312,16,0,2023-12-16
1151025,52240,202312,18,0,2023-12-18
1151025,52241,202312,18,0,2023-12-18
1151358,52054,202312,9,0,2023-12-09
1151379,52055,202312,14,0,2023-12-14
1151909,52084,202312,9,0,2023-12-09
1151912,52086,202312,9,0,2023-12-09
1151913,52087,202312,9,0,2023-12-09
1153345,52251,202312,21,0,2023-12-21
1153635,52257,202312,17,0,2023-12-17
1153680,52256,202312,3,0,2023-12-03
1154362,52271,202312,18,0,2023-12-18
1083288,48744,202302,17,0,2023-02-17
1094927,49349,202304,19,0,2023-04-19
1076639,48720,202301,12,0,2023-01-12
1076639,48721,202301,12,0,2023-01-12
1076639,48722,202301,12,0,2023-01-12
1076639,48723,202301,12,0,2023-01-12
1076639,48724,202301,12,0,2023-01-12
1076639,48725,202301,12,0,2023-01-12
1076639,48726,202301,12,0,2023-01-12
1079754,48692,202303,3,0,2023-03-03
1085006,48761,202303,22,0,2023-03-22
1085006,48762,202303,22,0,2023-03-22
1086263,48779,202303,24,0,2023-03-24
1086521,48783,202303,21,0,2023-03-21
1086656,48787,202303,21,0,2023-03-21
1086657,48785,202303,21,0,2023-03-21
1086658,48786,202303,21,0,2023-03-21
1086659,48788,202303,21,0,2023-03-21
1090837,49033,202303,3,0,2023-03-03
1090839,49083,202303,3,0,2023-03-03
1090856,49035,202303,3,0,2023-03-03
1090857,49036,202303,3,0,2023-03-03
1090858,49037,202303,3,0,2023-03-03
1100044,49199,202306,15,0,2023-06-15
1100045,49200,202306,18,0,2023-06-18
1100046,49201,202306,21,0,2023-06-21
1100048,49204,202306,22,0,2023-06-22
1100049,49208,202306,24,0,2023-06-24
1100050,49205,202306,24,0,2023-06-24
1100050,49206,202306,24,0,2023-06-24
1100050,49207,202306,24,0,2023-06-24
1102153,52657,202303,24,0,2023-03-24
1102153,52658,202303,24,0,2023-03-24
1102153,52662,202303,24,0,2023-03-24
1102153,52663,202303,24,0,2023-03-24
1102153,52664,202303,24,0,2023-03-24
1102153,52665,202303,24,0,2023-03-24
1102153,52666,202303,24,0,2023-03-24
1102153,52667,202303,24,0,2023-03-24
1102153,52668,202303,24,0,2023-03-24
1102153,52655,202303,24,0,2023-03-24
1102153,52656,202303,24,0,2023-03-24
1102153,52659,202303,24,0,2023-03-24
1102153,52660,202303,24,0,2023-03-24
1074496,48504,202303,5,0,2023-03-05
1116715,49575,202306,30,0,2023-06-30
1087897,48869,202303,9,0,2023-03-09
1088836,48893,202303,27,0,2023-03-27
1088869,48890,202303,21,0,2023-03-21
1088869,48891,202303,21,0,2023-03-21
1088869,48892,202303,21,0,2023-03-21
1092072,49063,202305,27,0,2023-05-27
1099745,49188,202306,22,0,2023-06-22
1099746,49189,202306,23,0,2023-06-23
1100345,53082,202305,20,0,2023-05-20
1100345,53083,202305,20,0,2023-05-20
1112298,49385,202306,15,0,2023-06-15
1112298,49386,202306,15,0,2023-06-15
1112298,49387,202306,15,0,2023-06-15
1115533,49428,202306,21,0,2023-06-21
1149274,51971,202305,1,0,2023-05-01
1150480,52075,202303,11,0,2023-03-11
1150480,52076,202303,11,0,2023-03-11
1153901,52258,202312,4,0,2023-12-04
1125076,49840,202307,1,0,2023-07-01
1125284,49856,202307,1,0,2023-07-01
1125845,49858,202307,7,0,2023-07-07
1125854,49867,202307,8,0,2023-07-08
1125854,49868,202307,1,0,2023-07-01
1125854,49871,202307,6,0,2023-07-06
1125854,49872,202307,7,0,2023-07-07
1125854,49869,202307,3,0,2023-07-03
1125854,49870,202307,6,0,2023-07-06
1125854,49873,202307,7,0,2023-07-07
1125861,49874,202307,3,0,2023-07-03
1125864,51369,202307,8,0,2023-07-08
1125864,51370,202307,7,0,2023-07-07
1125864,51371,202307,4,0,2023-07-04
1126054,49877,202307,2,0,2023-07-02
1126074,50194,202307,11,0,2023-07-11
1126074,50196,202307,12,0,2023-07-12
1126074,50197,202307,12,0,2023-07-12
1126074,50198,202307,13,0,2023-07-13
1126074,50199,202307,13,0,2023-07-13
1126074,50200,202307,13,0,2023-07-13
1126074,50203,202307,13,0,2023-07-13
1126074,50205,202307,12,0,2023-07-12
1126074,50206,202307,12,0,2023-07-12
1126074,50207,202307,13,0,2023-07-13
1126074,50195,202307,11,0,2023-07-11
1126074,50201,202307,13,0,2023-07-13
1126088,49899,202307,12,0,2023-07-12
1127007,49994,202307,15,0,2023-07-15
1127007,49995,202307,18,0,2023-07-18
1127007,49996,202307,29,0,2023-07-29
1127007,49997,202307,28,0,2023-07-28
1127012,51372,202307,14,0,2023-07-14
1127012,51373,202307,15,0,2023-07-15
1127012,51374,202307,15,0,2023-07-15
1127012,51375,202307,20,0,2023-07-20
1127012,51376,202307,22,0,2023-07-22
1127012,51377,202307,22,0,2023-07-22
1127012,51378,202307,28,0,2023-07-28
1127012,51383,202307,22,0,2023-07-22
1127012,51380,202307,27,0,2023-07-27
1127012,51381,202307,20,0,2023-07-20
1127012,51382,202307,21,0,2023-07-21
1127089,50091,202307,20,0,2023-07-20
1127089,50092,202307,22,0,2023-07-22
1127089,50093,202307,28,0,2023-07-28
1127089,50094,202307,29,0,2023-07-29
1127089,50095,202307,30,0,2023-07-30
1127089,50096,202307,21,0,2023-07-21
1127090,50237,202307,21,0,2023-07-21
1127090,50241,202307,23,0,2023-07-23
1127090,50255,202307,19,0,2023-07-19
1127090,50256,202307,21,0,2023-07-21
1127090,50258,202307,23,0,2023-07-23
1127090,50259,202307,23,0,2023-07-23
1127090,50269,202307,26,0,2023-07-26
1127090,50232,202307,17,0,2023-07-17
1127090,50233,202307,17,0,2023-07-17
1127090,50239,202307,21,0,2023-07-21
1127090,50240,202307,21,0,2023-07-21
1127090,50242,202307,29,0,2023-07-29
1127090,50245,202307,14,0,2023-07-14
1127090,50246,202307,15,0,2023-07-15
1127090,50247,202307,15,0,2023-07-15
1127090,50248,202307,15,0,2023-07-15
1127090,50249,202307,15,0,2023-07-15
1127090,50251,202307,16,0,2023-07-16
1127090,50252,202307,18,0,2023-07-18
1127090,50253,202307,18,0,2023-07-18
1127090,50261,202307,25,0,2023-07-25
1127090,50262,202307,26,0,2023-07-26
1127090,50263,202307,28,0,2023-07-28
1127090,50264,202307,29,0,2023-07-29
1127090,50265,202307,29,0,2023-07-29
1127090,50268,202307,23,0,2023-07-23
1127090,50270,202307,20,0,2023-07-20
1127090,50231,202307,15,0,2023-07-15
1127090,50234,202307,20,0,2023-07-20
1127090,50235,202307,20,0,2023-07-20
1127090,50238,202307,21,0,2023-07-21
1127090,50243,202307,28,0,2023-07-28
1127090,50244,202307,24,0,2023-07-24
1127090,50254,202307,18,0,2023-07-18
1127090,50266,202307,19,0,2023-07-19
1127090,50267,202307,22,0,2023-07-22
1210480,54996,202307,6,0,2023-07-06
1210858,57658,202307,11,0,2023-07-11
1210858,57659,202307,11,0,2023-07-11
1210858,57660,202307,11,0,2023-07-11
1210858,57661,202307,11,0,2023-07-11
1210858,57663,202307,12,0,2023-07-12
1210858,57664,202307,12,0,2023-07-12
1210858,57665,202307,12,0,2023-07-12
1210858,57666,202307,12,0,2023-07-12
1210858,57667,202307,12,0,2023-07-12
1210858,57668,202307,12,0,2023-07-12
1210858,57669,202307,12,0,2023-07-12
1210858,57670,202307,12,0,2023-07-12
1210858,57671,202307,13,0,2023-07-13
1210858,57672,202307,13,0,2023-07-13
1210858,57673,202307,13,0,2023-07-13
1210858,57675,202307,13,0,2023-07-13
1210858,57676,202307,13,0,2023-07-13
1210858,57677,202307,13,0,2023-07-13
1210858,57678,202307,14,0,2023-07-14
1210858,57679,202307,14,0,2023-07-14
1210858,57680,202307,14,0,2023-07-14
1210858,57681,202307,14,0,2023-07-14
1210858,57682,202307,14,0,2023-07-14
1210858,57683,202307,14,0,2023-07-14
1210858,57684,202307,14,0,2023-07-14
1210858,57685,202307,14,0,2023-07-14
1210858,57687,202307,14,0,2023-07-14
1210858,57688,202307,14,0,2023-07-14
1210858,57690,202307,15,0,2023-07-15
1210858,57691,202307,15,0,2023-07-15
1210858,57692,202307,15,0,2023-07-15
1210858,57693,202307,15,0,2023-07-15
1210858,57694,202307,15,0,2023-07-15
1210858,57695,202307,15,0,2023-07-15
1210858,57696,202307,15,0,2023-07-15
1210858,57697,202307,15,0,2023-07-15
1210858,57699,202307,15,0,2023-07-15
1210858,57700,202307,15,0,2023-07-15
1210858,57701,202307,16,0,2023-07-16
1210858,57702,202307,16,0,2023-07-16
1210858,57703,202307,16,0,2023-07-16
1210858,57704,202307,16,0,2023-07-16
1210858,57705,202307,16,0,2023-07-16
1210858,57706,202307,16,0,2023-07-16
1210858,57707,202307,16,0,2023-07-16
1210858,57708,202307,16,0,2023-07-16
1210858,57709,202307,16,0,2023-07-16
1210858,57711,202307,16,0,2023-07-16
1210858,57712,202307,16,0,2023-07-16
1210858,57713,202307,16,0,2023-07-16
1210858,57714,202307,16,0,2023-07-16
1210858,57715,202307,16,0,2023-07-16
1210858,57716,202307,16,0,2023-07-16
1210858,57717,202307,16,0,2023-07-16
1210858,57718,202307,17,0,2023-07-17
1210858,57719,202307,17,0,2023-07-17
1210858,57720,202307,17,0,2023-07-17
1210858,57722,202307,17,0,2023-07-17
1210858,57724,202307,17,0,2023-07-17
1210858,57725,202307,17,0,2023-07-17
1210858,57726,202307,17,0,2023-07-17
1210858,57727,202307,17,0,2023-07-17
1210858,57728,202307,17,0,2023-07-17
1210858,57729,202307,17,0,2023-07-17
1210858,57730,202307,17,0,2023-07-17
1210858,57731,202307,17,0,2023-07-17
1210858,57732,202307,17,0,2023-07-17
1210858,57734,202307,18,0,2023-07-18
1210858,57735,202307,18,0,2023-07-18
1210858,57736,202307,18,0,2023-07-18
1210858,57737,202307,18,0,2023-07-18
1210858,57738,202307,18,0,2023-07-18
1210858,57739,202307,18,0,2023-07-18
1210858,57740,202307,18,0,2023-07-18
1210858,57741,202307,18,0,2023-07-18
1210858,57742,202307,18,0,2023-07-18
1210858,57743,202307,18,0,2023-07-18
1210858,57744,202307,18,0,2023-07-18
1210858,57746,202307,18,0,2023-07-18
1210858,57747,202307,19,0,2023-07-19
1210858,57748,202307,19,0,2023-07-19
1210858,57749,202307,19,0,2023-07-19
1210858,57750,202307,19,0,2023-07-19
1210858,57751,202307,19,0,2023-07-19
1210858,57752,202307,19,0,2023-07-19
1210858,57753,202307,19,0,2023-07-19
1210858,57754,202307,19,0,2023-07-19
1210858,57757,202307,19,0,2023-07-19
1210858,57759,202307,20,0,2023-07-20
1210858,57760,202307,20,0,2023-07-20
1210858,57761,202307,20,0,2023-07-20
1210858,57762,202307,20,0,2023-07-20
1210858,57763,202307,20,0,2023-07-20
1215385,54979,202309,8,0,2023-09-08
1215386,54980,202309,9,0,2023-09-09
1215386,54981,202309,10,0,2023-09-10
1215386,54982,202309,10,0,2023-09-10
1215387,54983,202309,11,0,2023-09-11
1215388,54984,202309,10,0,2023-09-10
1215388,54985,202309,11,0,2023-09-11
1215389,54986,202309,9,0,2023-09-09
1215390,54987,202309,16,0,2023-09-16
1215390,54988,202309,16,0,2023-09-16
1215391,54989,202309,17,0,2023-09-17
1215392,54991,202309,18,0,2023-09-18
1215393,54992,202309,18,0,2023-09-18
1215499,55001,202307,13,0,2023-07-13
1215499,55002,202307,14,0,2023-07-14
1215499,55003,202307,14,0,2023-07-14
1215499,55004,202307,15,0,2023-07-15
1215499,55005,202307,17,0,2023-07-17
1215499,55006,202307,20,0,2023-07-20
1215499,55007,202307,22,0,2023-07-22
1215501,55017,202307,25,0,2023-07-25
1215501,55018,202307,27,0,2023-07-27
1215501,55019,202307,27,0,2023-07-27
1215501,55020,202307,27,0,2023-07-27
1215501,55021,202307,31,0,2023-07-31
1215502,55016,202307,29,0,2023-07-29
1215517,55029,202308,5,0,2023-08-05
1215517,55030,202308,6,0,2023-08-06
1215521,55033,202308,10,0,2023-08-10
1215523,55034,202308,14,0,2023-08-14
1215524,55036,202308,16,0,2023-08-16
1217185,57133,202307,16,0,2023-07-16
1217370,57157,202308,4,0,2023-08-04
1210858,57764,202307,20,0,2023-07-20
1210858,57775,202307,20,0,2023-07-20
1210858,57787,202307,21,0,2023-07-21
1210858,57799,202307,22,0,2023-07-22
1210860,54338,202307,20,0,2023-07-20
1210861,54368,202307,16,0,2023-07-16
1210862,54379,202307,16,0,2023-07-16
1210862,54391,202307,22,0,2023-07-22
1210863,57816,202307,16,0,2023-07-16
1210863,57828,202307,19,0,2023-07-19
1210863,57841,202307,17,0,2023-07-17
1211015,57899,202307,24,0,2023-07-24
1211015,57911,202307,25,0,2023-07-25
1211015,57922,202307,26,0,2023-07-26
1211015,57934,202307,29,0,2023-07-29
1211019,54658,202307,26,0,2023-07-26
1211021,54700,202307,24,0,2023-07-24
1211021,54711,202307,26,0,2023-07-26
1211022,54723,202307,24,0,2023-07-24
1211022,54735,202307,28,0,2023-07-28
1212045,54771,202308,1,0,2023-08-01
1212645,54785,202308,3,0,2023-08-03
1212650,54797,202308,7,0,2023-08-07
1212653,54809,202308,5,0,2023-08-05
1213337,54855,202308,9,0,2023-08-09
1213343,54861,202308,12,0,2023-08-12
1214048,55035,202308,15,0,2023-08-15
1214052,54887,202308,18,0,2023-08-18
1214447,54912,202308,27,0,2023-08-27
1214447,54924,202308,29,0,2023-08-29
1214450,54936,202308,28,0,2023-08-28
1210443,53973,202307,5,0,2023-07-05
1210470,53997,202307,10,0,2023-07-10
1210477,54011,202307,6,0,2023-07-06
1210858,57662,202307,11,0,2023-07-11
1210858,57674,202307,13,0,2023-07-13
1210858,57686,202307,14,0,2023-07-14
1210858,57698,202307,15,0,2023-07-15
1210858,57710,202307,16,0,2023-07-16
1210858,57721,202307,17,0,2023-07-17
1210858,57733,202307,17,0,2023-07-17
1210858,57745,202307,18,0,2023-07-18
1210858,57758,202307,19,0,2023-07-19
1210477,54016,202307,10,0,2023-07-10
1210858,57780,202307,21,0,2023-07-21
1210858,57689,202307,14,0,2023-07-14
1210858,57723,202307,17,0,2023-07-17
1210858,57755,202307,19,0,2023-07-19
1210860,54341,202307,20,0,2023-07-20
1210862,54392,202307,22,0,2023-07-22
1210863,57838,202307,22,0,2023-07-22
1211015,57902,202307,24,0,2023-07-24
1211018,54648,202307,25,0,2023-07-25
1211021,54710,202307,26,0,2023-07-26
1212043,54758,202308,1,0,2023-08-01
1212645,54783,202308,3,0,2023-08-03
1212655,54817,202308,7,0,2023-08-07
1214052,54881,202308,17,0,2023-08-17
1214447,54928,202308,30,0,2023-08-30
1210863,57839,202307,17,0,2023-07-17
1212044,54761,202308,1,0,2023-08-01
1212644,54778,202308,2,0,2023-08-02
1215383,54976,202309,6,0,2023-09-06
1210858,57756,202307,19,0,2023-07-19
1210858,57765,202307,20,0,2023-07-20
1210858,57766,202307,20,0,2023-07-20
1210858,57767,202307,20,0,2023-07-20
1210858,57768,202307,20,0,2023-07-20
1210858,57769,202307,20,0,2023-07-20
1210858,57770,202307,20,0,2023-07-20
1210858,57771,202307,20,0,2023-07-20
1210858,57772,202307,20,0,2023-07-20
1210858,57773,202307,20,0,2023-07-20
1210858,57774,202307,20,0,2023-07-20
1210858,57776,202307,21,0,2023-07-21
1210858,57777,202307,21,0,2023-07-21
1210858,57778,202307,21,0,2023-07-21
1210858,57779,202307,21,0,2023-07-21
1210858,57781,202307,21,0,2023-07-21
1210858,57782,202307,21,0,2023-07-21
1210858,57783,202307,21,0,2023-07-21
1210858,57784,202307,21,0,2023-07-21
1210858,57785,202307,21,0,2023-07-21
1210858,57786,202307,21,0,2023-07-21
1210858,57788,202307,21,0,2023-07-21
1210858,57789,202307,21,0,2023-07-21
1210858,57790,202307,21,0,2023-07-21
1210858,57791,202307,22,0,2023-07-22
1210858,57792,202307,22,0,2023-07-22
1210858,57793,202307,22,0,2023-07-22
1210858,57794,202307,22,0,2023-07-22
1210858,57795,202307,22,0,2023-07-22
1210858,57796,202307,22,0,2023-07-22
1210858,57797,202307,22,0,2023-07-22
1210858,57798,202307,22,0,2023-07-22
1210858,57800,202307,22,0,2023-07-22
1210858,57801,202307,22,0,2023-07-22
1210858,57802,202307,22,0,2023-07-22
1210858,57803,202307,22,0,2023-07-22
1210858,57804,202307,17,0,2023-07-17
1210858,57805,202307,18,0,2023-07-18
1210858,57806,202307,18,0,2023-07-18
1210858,57807,202307,18,0,2023-07-18
1210860,54335,202307,13,0,2023-07-13
1210860,54336,202307,13,0,2023-07-13
1210860,54337,202307,15,0,2023-07-15
1210860,54339,202307,20,0,2023-07-20
1210860,54340,202307,20,0,2023-07-20
1210860,54342,202307,20,0,2023-07-20
1210860,54343,202307,21,0,2023-07-21
1210860,54344,202307,21,0,2023-07-21
1210860,54345,202307,21,0,2023-07-21
1210860,54346,202307,22,0,2023-07-22
1210860,54347,202307,22,0,2023-07-22
1210860,54348,202307,22,0,2023-07-22
1210860,54349,202307,22,0,2023-07-22
1210861,54369,202307,16,0,2023-07-16
1210861,54370,202307,16,0,2023-07-16
1210861,54371,202307,19,0,2023-07-19
1210861,54372,202307,19,0,2023-07-19
1210861,54373,202307,20,0,2023-07-20
1210861,54374,202307,20,0,2023-07-20
1210861,54375,202307,22,0,2023-07-22
1210861,54376,202307,22,0,2023-07-22
1210862,54377,202307,15,0,2023-07-15
1210862,54378,202307,15,0,2023-07-15
1210862,54380,202307,19,0,2023-07-19
1210862,54381,202307,19,0,2023-07-19
1210862,54382,202307,20,0,2023-07-20
1210862,54383,202307,20,0,2023-07-20
1210862,54384,202307,20,0,2023-07-20
1210862,54385,202307,21,0,2023-07-21
1210862,54386,202307,21,0,2023-07-21
1210862,54387,202307,21,0,2023-07-21
1210862,54388,202307,21,0,2023-07-21
1210862,54389,202307,22,0,2023-07-22
1210862,54390,202307,22,0,2023-07-22
1210862,54393,202307,22,0,2023-07-22
1210862,54394,202307,22,0,2023-07-22
1210863,57808,202307,12,0,2023-07-12
1210863,57809,202307,12,0,2023-07-12
1210863,57810,202307,12,0,2023-07-12
1210863,57811,202307,12,0,2023-07-12
1210863,57812,202307,14,0,2023-07-14
1210863,57813,202307,14,0,2023-07-14
1210863,57814,202307,15,0,2023-07-15
1210863,57815,202307,16,0,2023-07-16
1210863,57817,202307,16,0,2023-07-16
1210863,57818,202307,16,0,2023-07-16
1210863,57819,202307,17,0,2023-07-17
1210863,57820,202307,17,0,2023-07-17
1210863,57821,202307,17,0,2023-07-17
1210863,57822,202307,17,0,2023-07-17
1210863,57823,202307,17,0,2023-07-17
1210863,57824,202307,18,0,2023-07-18
1210863,57825,202307,18,0,2023-07-18
1210863,57826,202307,18,0,2023-07-18
1210863,57827,202307,18,0,2023-07-18
1210863,57829,202307,19,0,2023-07-19
1210863,57830,202307,19,0,2023-07-19
1210863,57831,202307,19,0,2023-07-19
1210863,57832,202307,19,0,2023-07-19
1210863,57833,202307,20,0,2023-07-20
1210863,57834,202307,20,0,2023-07-20
1095873,49146,202304,9,0,2023-04-09
1095873,49147,202304,9,0,2023-04-09
1209317,53820,202304,11,0,2023-04-11
1209318,53821,202304,12,0,2023-04-12
1209324,53822,202304,29,0,2023-04-29
1209325,53823,202304,30,0,2023-04-30
1209326,53824,202304,30,0,2023-04-30
1209339,53825,202305,13,0,2023-05-13
1209340,53826,202305,14,0,2023-05-14
1209341,53827,202305,15,0,2023-05-15
1209341,53828,202305,15,0,2023-05-15
1209342,53829,202305,15,0,2023-05-15
1209343,53830,202305,16,0,2023-05-16
1209343,53831,202305,16,0,2023-05-16
1209344,53832,202305,21,0,2023-05-21
1209345,53833,202305,22,0,2023-05-22
1209345,53834,202305,22,0,2023-05-22
1209350,53835,202306,4,0,2023-06-04
1209351,53836,202306,5,0,2023-06-05
1209352,53837,202306,6,0,2023-06-06
1209354,53838,202306,17,0,2023-06-17
1209355,53839,202306,18,0,2023-06-18
1209357,53861,202306,20,0,2023-06-20
1209357,53862,202306,20,0,2023-06-20
1209358,53863,202306,21,0,2023-06-21
1209360,53864,202306,21,0,2023-06-21
1209361,53865,202306,21,0,2023-06-21
1209362,53866,202306,22,0,2023-06-22
1209363,53867,202306,22,0,2023-06-22
1209364,53868,202306,23,0,2023-06-23
1209365,53869,202306,23,0,2023-06-23
1209366,53870,202306,23,0,2023-06-23
1209367,53871,202306,24,0,2023-06-24
1209368,53872,202306,24,0,2023-06-24
1209378,53873,202306,27,0,2023-06-27
1209379,53875,202306,27,0,2023-06-27
1209380,53876,202306,27,0,2023-06-27
1209381,53877,202306,28,0,2023-06-28
1211015,57896,202307,23,0,2023-07-23
1211015,57897,202307,23,0,2023-07-23
1211015,57898,202307,24,0,2023-07-24
1211015,57900,202307,24,0,2023-07-24
1211015,57901,202307,24,0,2023-07-24
1210863,57835,202307,21,0,2023-07-21
1210863,57836,202307,22,0,2023-07-22
1210863,57837,202307,22,0,2023-07-22
1210863,57840,202307,17,0,2023-07-17
1210863,57842,202307,17,0,2023-07-17
1210863,57843,202307,17,0,2023-07-17
1210864,54475,202307,16,0,2023-07-16
1210864,54476,202307,16,0,2023-07-16
1210864,54477,202307,16,0,2023-07-16
1210864,54478,202307,19,0,2023-07-19
1211015,57890,202307,23,0,2023-07-23
1211015,57891,202307,23,0,2023-07-23
1211015,57892,202307,23,0,2023-07-23
1211015,57893,202307,23,0,2023-07-23
1211015,57894,202307,23,0,2023-07-23
1211015,57895,202307,23,0,2023-07-23
1211015,57903,202307,24,0,2023-07-24
1211015,57904,202307,24,0,2023-07-24
1211015,57905,202307,24,0,2023-07-24
1211015,57906,202307,24,0,2023-07-24
1211015,57907,202307,24,0,2023-07-24
1211015,57908,202307,24,0,2023-07-24
1211015,57909,202307,24,0,2023-07-24
1211015,57910,202307,24,0,2023-07-24
1211015,57912,202307,25,0,2023-07-25
1211015,57913,202307,25,0,2023-07-25
1211015,57914,202307,25,0,2023-07-25
1211015,57915,202307,25,0,2023-07-25
1211015,57916,202307,25,0,2023-07-25
1211015,57917,202307,25,0,2023-07-25
1211015,57918,202307,25,0,2023-07-25
1211015,57919,202307,25,0,2023-07-25
1211015,57920,202307,25,0,2023-07-25
1211015,57921,202307,26,0,2023-07-26
1211015,57923,202307,26,0,2023-07-26
1211015,57924,202307,26,0,2023-07-26
1211015,57925,202307,26,0,2023-07-26
1211015,57926,202307,26,0,2023-07-26
1211015,57927,202307,27,0,2023-07-27
1211015,57928,202307,27,0,2023-07-27
1211015,57929,202307,27,0,2023-07-27
1211015,57930,202307,27,0,2023-07-27
1211015,57931,202307,27,0,2023-07-27
1211015,57932,202307,28,0,2023-07-28
1211015,57933,202307,28,0,2023-07-28
1211015,57935,202307,29,0,2023-07-29
1209382,53878,202306,29,0,2023-06-29
1209383,53879,202306,29,0,2023-06-29
1209383,53880,202306,29,0,2023-06-29
1211018,54649,202307,25,0,2023-07-25
1211019,54650,202307,23,0,2023-07-23
1211019,54651,202307,23,0,2023-07-23
1211019,54652,202307,24,0,2023-07-24
1211019,54653,202307,24,0,2023-07-24
1211019,54654,202307,24,0,2023-07-24
1211019,54655,202307,25,0,2023-07-25
1211019,54656,202307,25,0,2023-07-25
1211019,54657,202307,26,0,2023-07-26
1211019,54659,202307,28,0,2023-07-28
1211019,54660,202307,29,0,2023-07-29
1211019,54661,202307,29,0,2023-07-29
1211021,54692,202307,23,0,2023-07-23
1211021,54693,202307,23,0,2023-07-23
1211021,54694,202307,23,0,2023-07-23
1211021,54695,202307,23,0,2023-07-23
1211021,54696,202307,23,0,2023-07-23
1211021,54697,202307,23,0,2023-07-23
1211021,54698,202307,24,0,2023-07-24
1211021,54699,202307,24,0,2023-07-24
1211021,54701,202307,24,0,2023-07-24
1211021,54702,202307,24,0,2023-07-24
1211021,54703,202307,24,0,2023-07-24
1211021,54704,202307,24,0,2023-07-24
1211021,54705,202307,25,0,2023-07-25
1211021,54706,202307,25,0,2023-07-25
1211021,54707,202307,25,0,2023-07-25
1211021,54708,202307,26,0,2023-07-26
1211021,54709,202307,26,0,2023-07-26
1211021,54712,202307,26,0,2023-07-26
1211021,54713,202307,27,0,2023-07-27
1211021,54714,202307,27,0,2023-07-27
1211021,54715,202307,27,0,2023-07-27
1211021,54716,202307,27,0,2023-07-27
1211021,54717,202307,28,0,2023-07-28
1211021,54718,202307,28,0,2023-07-28
1211021,54719,202307,28,0,2023-07-28
1211021,54720,202307,29,0,2023-07-29
1211021,54721,202307,29,0,2023-07-29
1211022,54722,202307,24,0,2023-07-24
1211022,54724,202307,24,0,2023-07-24
1211022,54725,202307,26,0,2023-07-26
1211022,54726,202307,26,0,2023-07-26
1211022,54727,202307,26,0,2023-07-26
1211022,54728,202307,26,0,2023-07-26
1211022,54729,202307,27,0,2023-07-27
1211022,54730,202307,27,0,2023-07-27
1211022,54731,202307,28,0,2023-07-28
1211022,54732,202307,28,0,2023-07-28
1211022,54733,202307,28,0,2023-07-28
1211022,54734,202307,28,0,2023-07-28
1211022,54736,202307,29,0,2023-07-29
1211022,54737,202307,29,0,2023-07-29
1211022,54738,202307,29,0,2023-07-29
1211022,54739,202307,29,0,2023-07-29
1212043,54755,202308,1,0,2023-08-01
1212043,54756,202308,1,0,2023-08-01
1212043,54757,202308,1,0,2023-08-01
1212043,54759,202308,1,0,2023-08-01
1212044,54760,202308,1,0,2023-08-01
1212045,54772,202308,1,0,2023-08-01
1212643,54773,202308,2,0,2023-08-02
1212643,54774,202308,2,0,2023-08-02
1212643,54775,202308,2,0,2023-08-02
1212643,54776,202308,2,0,2023-08-02
1212643,54777,202308,2,0,2023-08-02
1212644,54779,202308,2,0,2023-08-02
1212644,54780,202308,2,0,2023-08-02
1212644,54781,202308,2,0,2023-08-02
1212645,54782,202308,3,0,2023-08-03
1212645,54784,202308,3,0,2023-08-03
1212645,54786,202308,3,0,2023-08-03
1212646,54787,202308,3,0,2023-08-03
1212646,54788,202308,3,0,2023-08-03
1212647,54789,202308,3,0,2023-08-03
1212650,54790,202308,4,0,2023-08-04
1212650,54791,202308,4,0,2023-08-04
1212650,54792,202308,4,0,2023-08-04
1212650,54793,202308,5,0,2023-08-05
1212650,54794,202308,5,0,2023-08-05
1212650,54795,202308,6,0,2023-08-06
1212650,54796,202308,6,0,2023-08-06
1212650,54798,202308,7,0,2023-08-07
1212650,54799,202308,8,0,2023-08-08
1212650,54800,202308,8,0,2023-08-08
1212650,54801,202308,8,0,2023-08-08
1212650,54802,202308,8,0,2023-08-08
1212650,54803,202308,8,0,2023-08-08
1212650,54804,202308,8,0,2023-08-08
1212651,54805,202308,6,0,2023-08-06
1212651,54806,202308,6,0,2023-08-06
1212651,54807,202308,7,0,2023-08-07
1212652,54808,202308,6,0,2023-08-06
1212653,54810,202308,6,0,2023-08-06
1212653,54811,202308,6,0,2023-08-06
1212653,54812,202308,7,0,2023-08-07
1212654,54813,202308,4,0,2023-08-04
1212654,54814,202308,4,0,2023-08-04
1212654,54815,202308,5,0,2023-08-05
1212654,54816,202308,6,0,2023-08-06
1212655,54818,202308,7,0,2023-08-07
1213337,54853,202308,9,0,2023-08-09
1213337,54854,202308,9,0,2023-08-09
1213337,54856,202308,9,0,2023-08-09
1213337,54857,202308,9,0,2023-08-09
1213337,54858,202308,9,0,2023-08-09
1213337,54859,202308,9,0,2023-08-09
1213338,54844,202308,9,0,2023-08-09
1213338,54845,202308,9,0,2023-08-09
1213339,55031,202308,10,0,2023-08-10
1213340,54851,202308,10,0,2023-08-10
1213341,54852,202308,10,0,2023-08-10
1213342,54849,202308,11,0,2023-08-11
1213343,54860,202308,12,0,2023-08-12
1213343,54862,202308,12,0,2023-08-12
1213343,54863,202308,12,0,2023-08-12
1213344,54864,202308,13,0,2023-08-13
1213344,54865,202308,13,0,2023-08-13
1213344,54866,202308,13,0,2023-08-13
1213345,54867,202308,14,0,2023-08-14
1213345,54868,202308,14,0,2023-08-14
1214049,54876,202308,15,0,2023-08-15
1214050,54877,202308,15,0,2023-08-15
1214052,54878,202308,16,0,2023-08-16
1214052,54879,202308,16,0,2023-08-16
1214052,54880,202308,16,0,2023-08-16
1214052,54882,202308,17,0,2023-08-17
1214052,54883,202308,17,0,2023-08-17
1214052,54884,202308,18,0,2023-08-18
1214052,54885,202308,18,0,2023-08-18
1214052,54886,202308,18,0,2023-08-18
1214052,54888,202308,18,0,2023-08-18
1214054,54889,202308,16,0,2023-08-16
1214055,54890,202308,17,0,2023-08-17
1214057,54891,202308,16,0,2023-08-16
1214057,54892,202308,17,0,2023-08-17
1214057,54893,202308,17,0,2023-08-17
1214058,54894,202308,17,0,2023-08-17
1214446,54908,202308,25,0,2023-08-25
1214447,54909,202308,26,0,2023-08-26
1214447,54910,202308,26,0,2023-08-26
1214447,54911,202308,26,0,2023-08-26
1214447,54913,202308,27,0,2023-08-27
1214447,54914,202308,27,0,2023-08-27
1214447,54915,202308,28,0,2023-08-28
1214447,54916,202308,28,0,2023-08-28
1214447,54917,202308,28,0,2023-08-28
1214447,54918,202308,28,0,2023-08-28
1214447,54919,202308,28,0,2023-08-28
1214447,54920,202308,29,0,2023-08-29
1214447,54921,202308,29,0,2023-08-29
1214447,54922,202308,29,0,2023-08-29
1214447,54923,202308,29,0,2023-08-29
1214447,54925,202308,29,0,2023-08-29
1214447,54926,202308,30,0,2023-08-30
1214447,54927,202308,30,0,2023-08-30
1214448,54929,202308,26,0,2023-08-26
1214449,54930,202308,26,0,2023-08-26
1214449,54931,202308,27,0,2023-08-27
1214449,54932,202308,28,0,2023-08-28
1214449,54933,202308,28,0,2023-08-28
1214449,54934,202308,29,0,2023-08-29
1214449,54935,202308,30,0,2023-08-30
1214450,54937,202308,28,0,2023-08-28
1214451,54938,202308,28,0,2023-08-28
1214451,54939,202308,28,0,2023-08-28
1214451,54940,202308,29,0,2023-08-29
1214451,54941,202308,29,0,2023-08-29
1214451,54942,202308,30,0,2023-08-30
1215383,54975,202309,6,0,2023-09-06
1215383,54977,202309,6,0,2023-09-06
1215384,54978,202309,6,0,2023-09-06
1210443,53964,202307,2,0,2023-07-02
1210443,53965,202307,2,0,2023-07-02
1210443,53966,202307,2,0,2023-07-02
1210443,53967,202307,3,0,2023-07-03
1210443,53968,202307,3,0,2023-07-03
1210443,53969,202307,3,0,2023-07-03
1210443,53970,202307,4,0,2023-07-04
1210443,53971,202307,4,0,2023-07-04
1210443,53972,202307,5,0,2023-07-05
1210463,57173,202307,1,0,2023-07-01
1210470,53990,202307,6,0,2023-07-06
1210470,53991,202307,6,0,2023-07-06
1210470,53992,202307,7,0,2023-07-07
1210470,53993,202307,7,0,2023-07-07
1210470,53994,202307,7,0,2023-07-07
1210470,53995,202307,9,0,2023-07-09
1210470,53996,202307,9,0,2023-07-09
1210470,53998,202307,10,0,2023-07-10
1210470,53999,202307,10,0,2023-07-10
1210470,54000,202307,10,0,2023-07-10
1210470,54001,202307,10,0,2023-07-10
1210470,54002,202307,10,0,2023-07-10
1210470,54003,202307,10,0,2023-07-10
1210470,54004,202307,10,0,2023-07-10
1210472,54005,202307,10,0,2023-07-10
1210476,54008,202307,10,0,2023-07-10
1210476,54009,202307,10,0,2023-07-10
1210477,54010,202307,6,0,2023-07-06
1210477,54012,202307,7,0,2023-07-07
1210477,54013,202307,7,0,2023-07-07
1210477,54014,202307,10,0,2023-07-10
1210477,54015,202307,10,0,2023-07-10
1118193,60316,202308,8,0,2023-08-08
1118193,60317,202308,8,0,2023-08-08
1118193,60318,202308,8,0,2023-08-08
1118193,60320,202308,8,0,2023-08-08
1118193,60321,202308,8,0,2023-08-08
1118193,60322,202308,8,0,2023-08-08
1118193,60323,202308,8,0,2023-08-08
1118193,60324,202308,8,0,2023-08-08
1118193,60325,202308,8,0,2023-08-08
1118193,60326,202308,8,0,2023-08-08
1118193,60327,202308,8,0,2023-08-08
1118193,60328,202308,8,0,2023-08-08
1118193,60329,202308,8,0,2023-08-08
1118193,60330,202308,8,0,2023-08-08
1118193,60332,202308,8,0,2023-08-08
1118193,60333,202308,8,0,2023-08-08
1118193,60334,202308,8,0,2023-08-08
1118193,60335,202308,8,0,2023-08-08
1118193,60336,202308,8,0,2023-08-08
1118193,60337,202308,8,0,2023-08-08
1118193,60338,202308,8,0,2023-08-08
1118193,60339,202308,8,0,2023-08-08
1118193,60340,202308,8,0,2023-08-08
1118193,60342,202308,8,0,2023-08-08
1118193,60344,202308,8,0,2023-08-08
1118193,60345,202308,8,0,2023-08-08
1118193,60346,202308,8,0,2023-08-08
1118193,60347,202308,8,0,2023-08-08
1118193,60348,202308,8,0,2023-08-08
1118193,60349,202308,8,0,2023-08-08
1118193,60350,202308,8,0,2023-08-08
1118193,60351,202308,8,0,2023-08-08
1118193,60352,202308,8,0,2023-08-08
1118193,60353,202308,8,0,2023-08-08
1118193,60354,202308,8,0,2023-08-08
1118193,60355,202308,8,0,2023-08-08
1118193,60357,202308,8,0,2023-08-08
1118193,60358,202308,8,0,2023-08-08
1118193,60359,202308,8,0,2023-08-08
1118193,60360,202308,8,0,2023-08-08
1118193,60361,202308,8,0,2023-08-08
1118193,60362,202308,8,0,2023-08-08
1118193,60363,202308,8,0,2023-08-08
1118193,60364,202308,8,0,2023-08-08
1118193,60365,202308,8,0,2023-08-08
1118193,60366,202308,8,0,2023-08-08
1118193,60367,202308,8,0,2023-08-08
1118193,60369,202308,8,0,2023-08-08
1118193,60370,202308,8,0,2023-08-08
1118193,60371,202308,8,0,2023-08-08
1118193,60372,202308,8,0,2023-08-08
1118193,60373,202308,8,0,2023-08-08
1118193,60374,202308,8,0,2023-08-08
1118193,60375,202308,8,0,2023-08-08
1118193,60377,202308,8,0,2023-08-08
1118193,60378,202308,8,0,2023-08-08
1118193,60379,202308,8,0,2023-08-08
1118193,60380,202308,8,0,2023-08-08
1118193,60382,202308,8,0,2023-08-08
1118193,60383,202308,8,0,2023-08-08
1118193,60384,202308,8,0,2023-08-08
1118193,60294,202308,8,0,2023-08-08
1118193,60306,202308,8,0,2023-08-08
1118193,60319,202308,8,0,2023-08-08
1118193,60331,202308,8,0,2023-08-08
1118193,60343,202308,8,0,2023-08-08
1118193,60356,202308,8,0,2023-08-08
1118193,60368,202308,8,0,2023-08-08
1118193,60381,202308,8,0,2023-08-08
1118193,60307,202308,8,0,2023-08-08
1118193,60341,202308,8,0,2023-08-08
1118193,60376,202308,8,0,2023-08-08
1118193,60283,202308,8,0,2023-08-08
1118193,60284,202308,8,0,2023-08-08
1118193,60285,202308,8,0,2023-08-08
1118193,60286,202308,8,0,2023-08-08
1118193,60287,202308,8,0,2023-08-08
1118193,60288,202308,8,0,2023-08-08
1118193,60289,202308,8,0,2023-08-08
1118193,60290,202308,8,0,2023-08-08
1118193,60291,202308,8,0,2023-08-08
1118193,60292,202308,8,0,2023-08-08
1118193,60293,202308,8,0,2023-08-08
1118193,60295,202308,8,0,2023-08-08
1118193,60296,202308,16,0,2023-08-16
1118193,60297,202308,8,0,2023-08-08
1118193,60298,202308,8,0,2023-08-08
1118193,60299,202308,8,0,2023-08-08
1118193,60300,202308,8,0,2023-08-08
1118193,60301,202308,8,0,2023-08-08
1118193,60302,202308,8,0,2023-08-08
1118193,60303,202308,8,0,2023-08-08
1118193,60304,202308,8,0,2023-08-08
1118193,60305,202308,8,0,2023-08-08
1118193,60308,202308,8,0,2023-08-08
1118193,60309,202308,8,0,2023-08-08
1118193,60310,202308,8,0,2023-08-08
1118193,60311,202308,8,0,2023-08-08
1118193,60312,202308,8,0,2023-08-08
1118193,60313,202308,8,0,2023-08-08
1118193,60314,202308,8,0,2023-08-08
1118193,60315,202308,8,0,2023-08-08
421108,19791,201301,24,0,2013-01-24
421872,19574,201301,27,0,2013-01-27
421873,19575,201301,27,0,2013-01-27
422507,19577,201301,13,0,2013-01-13
422671,19578,201301,19,0,2013-01-19
422937,19579,201302,2,0,2013-02-02
423156,19587,201301,9,0,2013-01-09
423156,19588,201301,9,0,2013-01-09
423269,19798,201301,27,0,2013-01-27
424565,19609,201301,18,0,2013-01-18
424565,19610,201301,18,0,2013-01-18
426115,19624,201302,23,0,2013-02-23
426456,19667,201301,27,0,2013-01-27
426639,19662,201301,30,0,2013-01-30
427387,19671,201302,25,0,2013-02-25
427445,19672,201301,16,0,2013-01-16
427488,19686,201301,21,0,2013-01-21
427656,19678,201302,18,0,2013-02-18
427677,19685,201303,1,0,2013-03-01
427678,19680,201303,3,0,2013-03-03
427696,19681,201302,26,0,2013-02-26
427801,19684,201302,26,0,2013-02-26
428112,19691,201301,11,0,2013-01-11
428112,19692,201301,11,0,2013-01-11
428112,19693,201301,11,0,2013-01-11
428112,19694,201301,11,0,2013-01-11
428124,19696,201302,21,0,2013-02-21
428260,19923,201301,30,0,2013-01-30
428333,19697,201302,26,0,2013-02-26
428867,19704,201301,30,0,2013-01-30
428996,19711,201301,27,0,2013-01-27
429176,19713,201301,1,0,2013-01-01
429178,19715,201301,13,0,2013-01-13
429685,19972,201301,31,0,2013-01-31
429686,19716,201301,4,0,2013-01-04
429697,19717,201301,17,0,2013-01-17
429700,19720,201301,20,0,2013-01-20
429789,19723,201301,27,0,2013-01-27
429868,19724,201301,18,0,2013-01-18
429868,19725,201301,18,0,2013-01-18
429887,19935,201301,24,0,2013-01-24
429917,19728,201301,21,0,2013-01-21
430080,19737,201301,13,0,2013-01-13
430257,19792,201301,12,0,2013-01-12
430416,20021,201302,5,0,2013-02-05
430579,19944,201301,15,0,2013-01-15
430751,19797,201302,21,0,2013-02-21
431016,19799,201303,10,0,2013-03-10
431017,19800,201303,10,0,2013-03-10
431018,19801,201303,10,0,2013-03-10
431019,19802,201303,10,0,2013-03-10
431020,19803,201303,10,0,2013-03-10
431022,19805,201303,10,0,2013-03-10
431604,19924,201301,24,0,2013-01-24
431647,19925,201301,30,0,2013-01-30
431698,19928,201301,16,0,2013-01-16
431724,19929,201301,28,0,2013-01-28
431724,19930,201301,28,0,2013-01-28
431749,19931,201301,13,0,2013-01-13
431749,19932,201301,13,0,2013-01-13
431749,19933,201301,13,0,2013-01-13
431896,19937,201301,1,0,2013-01-01
431929,19941,201301,16,0,2013-01-16
431932,19943,201301,16,0,2013-01-16
432073,19950,201302,22,0,2013-02-22
432653,19951,201301,4,0,2013-01-04
432835,19952,201302,10,0,2013-02-10
434997,19955,201302,8,0,2013-02-08
435346,19956,201302,11,0,2013-02-11
435577,19963,201302,7,0,2013-02-07
435578,19964,201302,9,0,2013-02-09
435579,19965,201302,25,0,2013-02-25
435755,19971,201302,18,0,2013-02-18
435861,19970,201302,9,0,2013-02-09
435864,19968,201302,10,0,2013-02-10
435864,19969,201302,10,0,2013-02-10
435889,19967,201302,11,0,2013-02-11
436907,20018,201302,9,0,2013-02-09
436907,20019,201302,9,0,2013-02-09
436907,20020,201302,9,0,2013-02-09
436908,20016,201302,9,0,2013-02-09
436908,20017,201302,9,0,2013-02-09
436909,20015,201302,9,0,2013-02-09
436910,20014,201302,9,0,2013-02-09
436912,20226,201304,23,0,2013-04-23
436974,19997,201302,6,0,2013-02-06
436974,19998,201302,6,0,2013-02-06
436974,19999,201302,6,0,2013-02-06
436974,20000,201302,6,0,2013-02-06
437021,20003,201303,18,0,2013-03-18
437032,20004,201303,18,0,2013-03-18
437702,20013,201304,29,0,2013-04-29
438250,20022,201303,8,0,2013-03-08
438404,20043,201303,1,0,2013-03-01
438818,20034,201303,11,0,2013-03-11
438836,20026,201303,8,0,2013-03-08
438967,20029,201304,9,0,2013-04-09
439576,20256,201304,29,0,2013-04-29
439635,20255,201304,28,0,2013-04-28
439748,20257,201304,11,0,2013-04-11
440073,20467,201304,18,0,2013-04-18
440213,20390,201305,9,0,2013-05-09
440213,20391,201305,9,0,2013-05-09
440732,20044,201303,17,0,2013-03-17
440735,20045,201303,22,0,2013-03-22
441212,20057,201303,31,0,2013-03-31
441212,20058,201303,31,0,2013-03-31
441212,20059,201303,31,0,2013-03-31
441421,20052,201303,2,0,2013-03-02
441422,20053,201303,17,0,2013-03-17
442002,21515,201305,14,0,2013-05-14
442478,20055,201303,16,0,2013-03-16
442538,20326,201305,27,0,2013-05-27
443090,20333,201305,15,0,2013-05-15
443090,20334,201305,15,0,2013-05-15
443090,20335,201305,15,0,2013-05-15
443090,20336,201305,15,0,2013-05-15
443090,20337,201305,15,0,2013-05-15
443090,20338,201305,15,0,2013-05-15
443429,20096,201305,30,0,2013-05-30
443650,20097,201305,31,0,2013-05-31
443862,20470,201305,29,0,2013-05-29
444340,20232,201305,30,0,2013-05-30
444702,20369,201305,31,0,2013-05-31
444705,20101,201305,31,0,2013-05-31
445096,21009,201306,8,0,2013-06-08
445169,21007,201306,9,0,2013-06-09
445169,21008,201306,9,0,2013-06-09
445350,20106,201306,7,0,2013-06-07
445434,20107,201305,28,0,2013-05-28
445551,20118,201306,9,0,2013-06-09
445551,20119,201306,9,0,2013-06-09
445551,20120,201306,9,0,2013-06-09
445553,20121,201306,10,0,2013-06-10
445578,20123,201306,11,0,2013-06-11
445901,20696,201305,31,0,2013-05-31
445901,20697,201305,31,0,2013-05-31
445901,20698,201305,31,0,2013-05-31
445901,20699,201305,31,0,2013-05-31
445901,20700,201305,31,0,2013-05-31
445954,20265,201305,31,0,2013-05-31
446122,20181,201304,18,0,2013-04-18
447056,20190,201305,9,0,2013-05-09
447506,20221,201304,20,0,2013-04-20
447506,20222,201304,20,0,2013-04-20
447506,20223,201304,20,0,2013-04-20
447506,20224,201304,20,0,2013-04-20
447506,20225,201304,20,0,2013-04-20
447566,20228,201306,10,0,2013-06-10
447633,20229,201306,2,0,2013-06-02
447853,20230,201304,13,0,2013-04-13
447854,20231,201304,13,0,2013-04-13
448122,20233,201304,3,0,2013-04-03
448423,20234,201304,19,0,2013-04-19
448423,20235,201304,20,0,2013-04-20
448660,20244,201304,3,0,2013-04-03
448662,20237,201304,3,0,2013-04-03
448693,20239,201304,3,0,2013-04-03
448714,20243,201306,12,0,2013-06-12
448793,20245,201306,16,0,2013-06-16
448793,20246,201306,16,0,2013-06-16
448793,20247,201306,16,0,2013-06-16
448793,20248,201306,16,0,2013-06-16
448845,20253,201304,11,0,2013-04-11
448926,20252,201304,11,0,2013-04-11
449551,20254,201304,28,0,2013-04-28
451380,21516,201307,6,0,2013-07-06
451396,20275,201303,22,0,2013-03-22
451422,20276,201306,6,0,2013-06-06
451506,21392,201305,19,0,2013-05-19
451506,21393,201305,19,0,2013-05-19
451572,21489,201305,20,0,2013-05-20
451572,21473,201305,20,0,2013-05-20
451572,21474,201305,20,0,2013-05-20
451572,21475,201305,20,0,2013-05-20
451572,21476,201305,20,0,2013-05-20
451572,21477,201305,20,0,2013-05-20
451572,21478,201305,20,0,2013-05-20
451572,21479,201305,20,0,2013-05-20
451572,21480,201305,20,0,2013-05-20
451572,21485,201305,20,0,2013-05-20
451572,21486,201305,20,0,2013-05-20
451572,21487,201305,20,0,2013-05-20
451572,21488,201305,20,0,2013-05-20
451572,21494,201305,1,0,2013-05-01
451572,21471,201305,20,0,2013-05-20
451572,21472,201305,20,0,2013-05-20
451572,21493,201305,20,0,2013-05-20
451572,21481,201305,20,0,2013-05-20
451572,21482,201305,20,0,2013-05-20
451572,21483,201305,20,0,2013-05-20
451572,21484,201305,20,0,2013-05-20
451572,21490,201305,20,0,2013-05-20
451572,21491,201305,20,0,2013-05-20
451572,21492,201305,20,0,2013-05-20
451689,20407,201305,12,0,2013-05-12
451828,20305,201305,17,0,2013-05-17
452213,20319,201306,1,0,2013-06-01
452430,20901,201307,8,0,2013-07-08
452679,20884,201307,10,0,2013-07-10
452850,20323,201306,20,0,2013-06-20
452886,20325,201305,26,0,2013-05-26
452969,21102,201305,15,0,2013-05-15
453003,20341,201306,27,0,2013-06-27
453032,20401,201305,25,0,2013-05-25
453032,20402,201305,25,0,2013-05-25
453203,20331,201305,20,0,2013-05-20
453503,20399,201305,20,0,2013-05-20
453577,20339,201305,28,0,2013-05-28
453578,20340,201305,30,0,2013-05-30
453682,21384,201305,31,0,2013-05-31
453682,21385,201305,31,0,2013-05-31
453682,21386,201305,31,0,2013-05-31
453682,21387,201305,31,0,2013-05-31
453682,21388,201305,31,0,2013-05-31
453682,21389,201305,31,0,2013-05-31
453682,21390,201305,31,0,2013-05-31
453682,21391,201305,31,0,2013-05-31
454104,20417,201305,27,0,2013-05-27
454122,20419,201305,31,0,2013-05-31
454124,20355,201306,6,0,2013-06-06
454125,20356,201306,8,0,2013-06-08
454912,20385,201307,22,0,2013-07-22
454927,20371,201305,31,0,2013-05-31
454927,20372,201305,31,0,2013-05-31
454927,20373,201305,31,0,2013-05-31
454927,20374,201305,31,0,2013-05-31
454927,20375,201305,31,0,2013-05-31
454961,20376,201305,31,0,2013-05-31
454961,20377,201305,31,0,2013-05-31
454961,20378,201305,31,0,2013-05-31
454961,20379,201305,31,0,2013-05-31
454961,20380,201305,31,0,2013-05-31
454961,20381,201305,31,0,2013-05-31
454961,20382,201305,31,0,2013-05-31
454966,20383,201305,1,0,2013-05-01
456160,20702,201307,27,0,2013-07-27
456192,20403,201305,25,0,2013-05-25
456447,20471,201306,28,0,2013-06-28
456486,20557,201305,4,0,2013-05-04
456995,20414,201306,13,0,2013-06-13
457027,20415,201306,13,0,2013-06-13
457029,20416,201306,13,0,2013-06-13
457644,20420,201306,28,0,2013-06-28
457704,20422,201306,29,0,2013-06-29
457704,20421,201306,29,0,2013-06-29
457705,20423,201306,30,0,2013-06-30
457715,20424,201305,6,0,2013-05-06
458291,20429,201307,21,0,2013-07-21
458470,20430,201308,1,0,2013-08-01
458780,20455,201307,8,0,2013-07-08
458782,20456,201307,20,0,2013-07-20
458783,20457,201307,20,0,2013-07-20
458785,20458,201307,19,0,2013-07-19
458787,20889,201307,19,0,2013-07-19
458787,20890,201307,20,0,2013-07-20
458787,20891,201307,20,0,2013-07-20
458787,20892,201307,21,0,2013-07-21
458803,20927,201307,1,0,2013-07-01
458803,20928,201307,1,0,2013-07-01
458803,20929,201307,1,0,2013-07-01
458803,20930,201307,2,0,2013-07-02
458803,20932,201307,2,0,2013-07-02
458803,20934,201307,3,0,2013-07-03
458803,20938,201307,4,0,2013-07-04
458803,20940,201307,4,0,2013-07-04
458803,20941,201307,4,0,2013-07-04
458803,20942,201307,5,0,2013-07-05
458803,20944,201307,5,0,2013-07-05
458803,20963,201307,22,0,2013-07-22
458803,20931,201307,2,0,2013-07-02
458803,20933,201307,2,0,2013-07-02
458803,20935,201307,3,0,2013-07-03
458803,20936,201307,3,0,2013-07-03
458803,20939,201307,4,0,2013-07-04
458803,20943,201307,5,0,2013-07-05
458803,20947,201307,6,0,2013-07-06
458803,20948,201307,7,0,2013-07-07
458803,20949,201307,8,0,2013-07-08
458803,20950,201307,8,0,2013-07-08
458803,20951,201307,8,0,2013-07-08
458803,20954,201307,8,0,2013-07-08
458803,20955,201307,8,0,2013-07-08
458803,20956,201307,9,0,2013-07-09
458803,20957,201307,9,0,2013-07-09
458803,20958,201307,10,0,2013-07-10
458803,20959,201307,10,0,2013-07-10
458803,20960,201307,11,0,2013-07-11
458803,20961,201307,11,0,2013-07-11
458803,20937,201307,3,0,2013-07-03
458803,20945,201307,5,0,2013-07-05
458803,20946,201307,6,0,2013-07-06
458803,20952,201307,8,0,2013-07-08
458803,20953,201307,8,0,2013-07-08
458803,20962,201307,8,0,2013-07-08
458814,20893,201307,19,0,2013-07-19
459544,20474,201306,26,0,2013-06-26
459593,20534,201306,30,0,2013-06-30
459593,20535,201306,30,0,2013-06-30
459593,20536,201306,30,0,2013-06-30
459593,20537,201306,30,0,2013-06-30
459593,20538,201306,30,0,2013-06-30
459593,20539,201306,30,0,2013-06-30
459593,20540,201306,30,0,2013-06-30
459593,20541,201306,30,0,2013-06-30
459593,20542,201306,30,0,2013-06-30
459593,20543,201306,30,0,2013-06-30
459593,20544,201306,30,0,2013-06-30
459593,20545,201306,30,0,2013-06-30
459593,20546,201306,30,0,2013-06-30
459593,20547,201306,30,0,2013-06-30
459593,20548,201306,30,0,2013-06-30
459593,20549,201306,30,0,2013-06-30
459593,20550,201306,30,0,2013-06-30
459593,20551,201306,30,0,2013-06-30
459593,20552,201306,30,0,2013-06-30
459833,20694,201307,9,0,2013-07-09
460156,20513,201307,18,0,2013-07-18
461427,20692,201306,1,0,2013-06-01
462311,20651,201306,24,0,2013-06-24
462362,20709,201308,8,0,2013-08-08
462367,20987,201308,21,0,2013-08-21
462367,20988,201308,21,0,2013-08-21
462404,20561,201307,6,0,2013-07-06
462492,20562,201308,20,0,2013-08-20
462995,20714,201308,6,0,2013-08-06
462995,20715,201308,6,0,2013-08-06
463286,20620,201306,13,0,2013-06-13
463324,20574,201306,15,0,2013-06-15
463359,20575,201306,6,0,2013-06-06
463537,20585,201307,4,0,2013-07-04
463569,20581,201307,20,0,2013-07-20
463570,20582,201307,20,0,2013-07-20
463669,20583,201307,22,0,2013-07-22
463767,20584,201307,4,0,2013-07-04
463897,20589,201306,22,0,2013-06-22
464567,20862,201307,2,0,2013-07-02
464576,20619,201306,21,0,2013-06-21
464578,20616,201306,18,0,2013-06-18
465059,20631,201306,7,0,2013-06-07
465159,20982,201308,9,0,2013-08-09
466651,20989,201308,31,0,2013-08-31
467101,20701,201305,21,0,2013-05-21
467730,20717,201305,7,0,2013-05-07
467737,20718,201307,10,0,2013-07-10
467874,20719,201307,18,0,2013-07-18
467874,20720,201307,18,0,2013-07-18
467882,20721,201307,18,0,2013-07-18
467882,20722,201307,18,0,2013-07-18
468025,20896,201307,28,0,2013-07-28
468096,20723,201307,24,0,2013-07-24
468470,20828,201307,20,0,2013-07-20
468470,20827,201307,18,0,2013-07-18
468490,20832,201307,19,0,2013-07-19
468620,21086,201308,9,0,2013-08-09
468667,20761,201307,15,0,2013-07-15
468668,20798,201307,18,0,2013-07-18
468668,20799,201307,18,0,2013-07-18
468668,20801,201307,19,0,2013-07-19
468668,20802,201307,20,0,2013-07-20
468668,20800,201307,19,0,2013-07-19
468669,20803,201307,27,0,2013-07-27
468670,20804,201307,30,0,2013-07-30
468671,20805,201307,2,0,2013-07-02
468864,20806,201307,23,0,2013-07-23
468942,20807,201307,27,0,2013-07-27
469205,21020,201309,14,0,2013-09-14
469220,20815,201307,19,0,2013-07-19
469220,20816,201307,20,0,2013-07-20
469220,20817,201307,21,0,2013-07-21
469221,20814,201307,18,0,2013-07-18
469223,20818,201307,19,0,2013-07-19
469223,20819,201307,20,0,2013-07-20
469328,20820,201307,3,0,2013-07-03
469328,20821,201307,3,0,2013-07-03
469328,20822,201307,4,0,2013-07-04
469341,20838,201307,4,0,2013-07-04
469565,20824,201307,14,0,2013-07-14
469652,20829,201307,25,0,2013-07-25
469659,20830,201307,22,0,2013-07-22
469874,20839,201307,14,0,2013-07-14
470126,20834,201307,16,0,2013-07-16
470222,20904,201308,18,0,2013-08-18
470222,20905,201308,18,0,2013-08-18
470302,20913,201308,29,0,2013-08-29
470360,20860,201307,4,0,2013-07-04
470468,20920,201308,21,0,2013-08-21
470527,20992,201307,1,0,2013-07-01
470567,20865,201307,9,0,2013-07-09
470610,20866,201307,3,0,2013-07-03
470610,20867,201307,3,0,2013-07-03
470610,20868,201307,3,0,2013-07-03
470612,20869,201307,4,0,2013-07-04
470625,20870,201307,4,0,2013-07-04
470743,20871,201308,24,0,2013-08-24
470743,20872,201308,24,0,2013-08-24
470744,20972,201308,25,0,2013-08-25
470764,20876,201308,2,0,2013-08-02
470764,20875,201308,1,0,2013-08-01
470765,20877,201308,6,0,2013-08-06
470765,20878,201308,6,0,2013-08-06
470766,20879,201308,15,0,2013-08-15
470766,20880,201308,17,0,2013-08-17
470954,20906,201309,2,0,2013-09-02
471304,20885,201307,14,0,2013-07-14
471304,20886,201307,14,0,2013-07-14
471304,20887,201307,17,0,2013-07-17
471732,20895,201308,25,0,2013-08-25
471736,20899,201306,30,0,2013-06-30
471736,20900,201306,30,0,2013-06-30
472723,20910,201308,25,0,2013-08-25
472724,20912,201307,20,0,2013-07-20
473261,21000,201309,15,0,2013-09-15
473372,20918,201308,1,0,2013-08-01
473380,20919,201308,6,0,2013-08-06
473898,20921,201307,23,0,2013-07-23
473898,20922,201307,23,0,2013-07-23
473899,21239,201309,11,0,2013-09-11
473899,21240,201309,11,0,2013-09-11
473899,21241,201309,11,0,2013-09-11
474056,21148,201309,12,0,2013-09-12
474190,20971,201310,7,0,2013-10-07
474712,20976,201308,29,0,2013-08-29
474795,20977,201308,26,0,2013-08-26
474816,20978,201308,2,0,2013-08-02
474924,20979,201308,23,0,2013-08-23
474924,20980,201308,24,0,2013-08-24
475033,20984,201308,12,0,2013-08-12
475103,20986,201309,5,0,2013-09-05
475586,20985,201308,30,0,2013-08-30
476243,21137,201310,31,0,2013-10-31
476249,20991,201307,19,0,2013-07-19
476866,20993,201309,10,0,2013-09-10
476948,20994,201309,19,0,2013-09-19
476956,20996,201309,13,0,2013-09-13
477535,21141,201309,12,0,2013-09-12
477535,21142,201309,12,0,2013-09-12
477651,20997,201306,25,0,2013-06-25
478042,21003,201309,12,0,2013-09-12
478250,21004,201309,16,0,2013-09-16
478251,21005,201308,10,0,2013-08-10
478252,21006,201307,8,0,2013-07-08
478301,21012,201309,18,0,2013-09-18
478302,21011,201309,19,0,2013-09-19
478303,21014,201309,19,0,2013-09-19
478305,21015,201309,11,0,2013-09-11
478583,21019,201311,25,0,2013-11-25
478960,21023,201311,22,0,2013-11-22
478990,21024,201308,26,0,2013-08-26
479021,21025,201310,30,0,2013-10-30
479025,21029,201311,30,0,2013-11-30
479078,21034,201308,5,0,2013-08-05
479079,21035,201307,6,0,2013-07-06
479304,21037,201307,4,0,2013-07-04
479305,21059,201310,29,0,2013-10-29
479305,21060,201310,29,0,2013-10-29
479305,21061,201310,29,0,2013-10-29
479416,21042,201312,5,0,2013-12-05
479560,21055,201312,8,0,2013-12-08
479768,21115,201310,4,0,2013-10-04
479768,21116,201310,4,0,2013-10-04
479922,21058,201312,6,0,2013-12-06
480032,21112,201310,4,0,2013-10-04
480032,21113,201310,5,0,2013-10-05
480032,21114,201310,5,0,2013-10-05
480069,21062,201311,27,0,2013-11-27
480092,21232,201312,6,0,2013-12-06
480121,21084,201307,8,0,2013-07-08
480121,21085,201307,8,0,2013-07-08
480231,21074,201310,14,0,2013-10-14
480232,21075,201310,14,0,2013-10-14
480233,21078,201310,14,0,2013-10-14
480234,21077,201310,14,0,2013-10-14
480275,21295,201312,14,0,2013-12-14
480275,21296,201312,14,0,2013-12-14
480287,21083,201310,31,0,2013-10-31
480568,21087,201310,27,0,2013-10-27
480568,21088,201310,27,0,2013-10-27
480924,21090,201311,27,0,2013-11-27
480924,21091,201311,27,0,2013-11-27
480989,21223,201311,17,0,2013-11-17
480989,21224,201311,17,0,2013-11-17
480989,21225,201311,17,0,2013-11-17
481043,21124,201310,31,0,2013-10-31
481114,21105,201305,30,0,2013-05-30
481146,21108,201310,29,0,2013-10-29
481159,21123,201310,13,0,2013-10-13
481376,21126,201311,13,0,2013-11-13
481484,21127,201310,31,0,2013-10-31
481485,21129,201310,31,0,2013-10-31
481489,21130,201310,31,0,2013-10-31
481489,21131,201310,31,0,2013-10-31
481489,21132,201310,31,0,2013-10-31
481489,21133,201310,31,0,2013-10-31
481577,21138,201312,26,0,2013-12-26
481884,21143,201307,20,0,2013-07-20
481949,21172,201312,20,0,2013-12-20
482116,21444,201312,3,0,2013-12-03
482117,21429,201312,3,0,2013-12-03
482200,21153,201311,2,0,2013-11-02
482233,21216,201309,5,0,2013-09-05
482254,21168,201312,2,0,2013-12-02
482256,21171,201312,14,0,2013-12-14
482425,21188,201312,21,0,2013-12-21
482450,21176,201311,17,0,2013-11-17
482450,21177,201311,17,0,2013-11-17
482515,21185,201312,21,0,2013-12-21
482552,21182,201309,20,0,2013-09-20
482571,21183,201312,9,0,2013-12-09
482580,21187,201311,23,0,2013-11-23
482834,21282,201311,21,0,2013-11-21
483065,21233,201312,31,0,2013-12-31
483151,21234,201312,24,0,2013-12-24
483381,21238,201312,7,0,2013-12-07
483737,21274,201311,13,0,2013-11-13
483775,21326,201311,17,0,2013-11-17
483775,21327,201311,28,0,2013-11-28
483775,21328,201311,2,0,2013-11-02
483793,21249,201311,25,0,2013-11-25
483793,21250,201311,25,0,2013-11-25
483804,21290,201311,17,0,2013-11-17
483903,21253,201311,21,0,2013-11-21
483903,21254,201311,21,0,2013-11-21
483903,21255,201311,21,0,2013-11-21
484087,21258,201311,23,0,2013-11-23
484088,21257,201311,23,0,2013-11-23
484342,21260,201311,26,0,2013-11-26
484464,21470,201312,21,0,2013-12-21
484469,21395,201312,21,0,2013-12-21
484537,21273,201311,22,0,2013-11-22
484538,21272,201311,22,0,2013-11-22
484675,21275,201311,22,0,2013-11-22
484684,21276,201311,23,0,2013-11-23
484689,21277,201311,23,0,2013-11-23
484736,21278,201311,15,0,2013-11-15
485319,21435,201311,21,0,2013-11-21
485470,21291,201311,18,0,2013-11-18
485796,21294,201312,14,0,2013-12-14
485825,21320,201312,21,0,2013-12-21
486061,21297,201311,20,0,2013-11-20
486127,21298,201311,21,0,2013-11-21
486129,21299,201311,21,0,2013-11-21
487095,21313,201312,30,0,2013-12-30
487166,21321,201312,27,0,2013-12-27
487170,21322,201312,26,0,2013-12-26
487216,21323,201312,29,0,2013-12-29
488073,21453,201312,7,0,2013-12-07
488076,21422,201312,6,0,2013-12-06
488077,21459,201312,9,0,2013-12-09
488077,21458,201312,6,0,2013-12-06
488078,21449,201312,7,0,2013-12-07
488078,21450,201312,7,0,2013-12-07
488078,21448,201312,8,0,2013-12-08
488197,21333,201312,10,0,2013-12-10
488897,21424,201312,29,0,2013-12-29
488899,21409,201312,21,0,2013-12-21
488900,21410,201312,21,0,2013-12-21
488901,21421,201312,6,0,2013-12-06
489228,21447,201312,12,0,2013-12-12
489761,21432,201312,8,0,2013-12-08
489770,21433,201312,8,0,2013-12-08
489779,21434,201312,8,0,2013-12-08
490068,21436,201312,1,0,2013-12-01
490128,21438,201312,26,0,2013-12-26
490147,21443,201308,15,0,2013-08-15
490689,21467,201312,8,0,2013-12-08
490982,21468,201312,8,0,2013-12-08
490982,21469,201312,8,0,2013-12-08
491313,21496,201312,8,0,2013-12-08
491396,21497,201307,20,0,2013-07-20
491760,21498,201312,21,0,2013-12-21
491887,21510,201312,20,0,2013-12-20
491888,21523,201312,25,0,2013-12-25
491888,21524,201312,25,0,2013-12-25
491889,21511,201312,20,0,2013-12-20
492592,21543,201312,22,0,2013-12-22
492592,21544,201312,22,0,2013-12-22
492592,21545,201312,22,0,2013-12-22
493442,21572,201302,2,0,2013-02-02
493446,21571,201301,13,0,2013-01-13
493453,21573,201304,18,0,2013-04-18
495505,21621,201312,9,0,2013-12-09
505462,21925,201312,10,0,2013-12-10
505465,21924,201312,17,0,2013-12-17
505466,21923,201312,19,0,2013-12-19
505467,21895,201312,24,0,2013-12-24
505468,21896,201310,24,0,2013-10-24
508314,22317,201307,17,0,2013-07-17
519154,22803,201310,26,0,2013-10-26
369148,19603,201301,29,0,2013-01-29
461678,20555,201306,8,0,2013-06-08
461682,20563,201306,26,0,2013-06-26
481113,21106,201306,15,0,2013-06-15
581296,28854,201505,11,0,2015-05-11
594668,29155,201507,22,0,2015-07-22
581686,28868,201505,9,0,2015-05-09
574301,28727,201504,25,0,2015-04-25
582240,28904,201505,25,0,2015-05-25
581620,28989,201505,23,0,2015-05-23
581656,31543,201505,24,0,2015-05-24
581658,28991,201505,24,0,2015-05-24
581658,28992,201505,24,0,2015-05-24
583293,28944,201505,12,0,2015-05-12
583296,28945,201505,23,0,2015-05-23
581658,28993,201505,24,0,2015-05-24
581658,28994,201505,24,0,2015-05-24
581658,28995,201505,24,0,2015-05-24
581658,28996,201505,24,0,2015-05-24
581658,28998,201505,24,0,2015-05-24
583602,29191,201507,13,0,2015-07-13
583774,28960,201506,27,0,2015-06-27
583774,28961,201506,27,0,2015-06-27
584092,29220,201507,13,0,2015-07-13
584092,29219,201507,13,0,2015-07-13
584092,29221,201507,13,0,2015-07-13
584092,29222,201507,13,0,2015-07-13
584159,29001,201506,23,0,2015-06-23
584620,29002,201507,24,0,2015-07-24
584656,29199,201507,13,0,2015-07-13
584996,29004,201506,21,0,2015-06-21
585032,29193,201507,14,0,2015-07-14
585096,29007,201506,12,0,2015-06-12
585097,29323,201508,4,0,2015-08-04
585274,29333,201507,30,0,2015-07-30
581658,28999,201505,24,0,2015-05-24
585583,29013,201508,1,0,2015-08-01
585616,29016,201506,17,0,2015-06-17
585618,29015,201506,18,0,2015-06-18
585781,29031,201507,14,0,2015-07-14
586732,29062,201506,17,0,2015-06-17
581658,29000,201505,24,0,2015-05-24
586739,29020,201508,3,0,2015-08-03
586743,29023,201507,25,0,2015-07-25
586743,29024,201507,25,0,2015-07-25
586896,29027,201503,14,0,2015-03-14
581658,28997,201505,24,0,2015-05-24
587357,29043,201507,28,0,2015-07-28
588094,29032,201508,15,0,2015-08-15
588223,29067,201506,20,0,2015-06-20
588313,29047,201506,11,0,2015-06-11
588499,29035,201506,1,0,2015-06-01
588499,29036,201506,1,0,2015-06-01
588499,29037,201506,1,0,2015-06-01
588499,29038,201506,1,0,2015-06-01
588577,29039,201506,7,0,2015-06-07
588935,29042,201507,3,0,2015-07-03
588982,29044,201505,12,0,2015-05-12
581930,28937,201505,25,0,2015-05-25
581935,28936,201505,25,0,2015-05-25
589773,29049,201506,17,0,2015-06-17
589831,29053,201506,23,0,2015-06-23
589832,29052,201506,27,0,2015-06-27
590049,29226,201508,22,0,2015-08-22
590306,29059,201507,29,0,2015-07-29
590406,29060,201506,20,0,2015-06-20
590437,29075,201506,15,0,2015-06-15
590941,29068,201506,28,0,2015-06-28
591015,29069,201506,30,0,2015-06-30
591373,29094,201507,18,0,2015-07-18
591373,29095,201507,18,0,2015-07-18
591373,29096,201507,18,0,2015-07-18
591953,29076,201506,26,0,2015-06-26
591953,29077,201506,26,0,2015-06-26
582021,31540,201505,23,0,2015-05-23
582543,31539,201505,23,0,2015-05-23
583166,31544,201505,18,0,2015-05-18
583168,28935,201505,17,0,2015-05-17
586737,29019,201506,11,0,2015-06-11
606106,30164,201512,26,0,2015-12-26
606110,29472,201512,26,0,2015-12-26
606112,29503,201512,26,0,2015-12-26
606112,29504,201512,26,0,2015-12-26
606347,29730,201512,26,0,2015-12-26
606347,29731,201512,26,0,2015-12-26
606347,29732,201512,26,0,2015-12-26
606347,29733,201512,26,0,2015-12-26
591974,29078,201506,13,0,2015-06-13
592029,29262,201508,7,0,2015-08-07
592082,29285,201508,29,0,2015-08-29
592412,29291,201508,23,0,2015-08-23
592580,29097,201507,10,0,2015-07-10
592581,29098,201507,24,0,2015-07-24
592636,29176,201506,27,0,2015-06-27
592654,29102,201507,1,0,2015-07-01
592654,29103,201507,1,0,2015-07-01
592654,29109,201507,3,0,2015-07-03
592654,29111,201507,4,0,2015-07-04
592654,29112,201507,4,0,2015-07-04
592654,29104,201507,1,0,2015-07-01
592654,29105,201507,1,0,2015-07-01
592654,29107,201507,2,0,2015-07-02
592654,29108,201507,3,0,2015-07-03
592654,29110,201507,3,0,2015-07-03
592654,29113,201507,4,0,2015-07-04
592654,29114,201507,4,0,2015-07-04
592654,29106,201507,2,0,2015-07-02
592655,29115,201507,7,0,2015-07-07
592657,29117,201507,14,0,2015-07-14
592657,29118,201507,15,0,2015-07-15
595085,29156,201509,10,0,2015-09-10
595086,29158,201509,10,0,2015-09-10
596257,29204,201509,22,0,2015-09-22
597821,29345,201509,9,0,2015-09-09
597821,29346,201509,9,0,2015-09-09
597822,29347,201509,12,0,2015-09-12
597822,29350,201509,12,0,2015-09-12
597822,29348,201509,12,0,2015-09-12
597822,29349,201509,12,0,2015-09-12
601214,29328,201509,3,0,2015-09-03
601214,29329,201509,8,0,2015-09-08
601215,29331,201509,16,0,2015-09-16
601219,29332,201509,30,0,2015-09-30
601505,29336,201509,13,0,2015-09-13
602149,29353,201509,14,0,2015-09-14
602412,29366,201509,20,0,2015-09-20
602563,29363,201509,27,0,2015-09-27
602563,29364,201509,27,0,2015-09-27
602563,29365,201509,27,0,2015-09-27
592657,29116,201507,14,0,2015-07-14
592658,29121,201507,28,0,2015-07-28
592658,29119,201507,26,0,2015-07-26
592658,29120,201507,27,0,2015-07-27
592930,29123,201507,18,0,2015-07-18
592931,29124,201507,19,0,2015-07-19
593292,29126,201507,5,0,2015-07-05
593403,29293,201508,29,0,2015-08-29
593403,29294,201508,29,0,2015-08-29
594076,29263,201508,8,0,2015-08-08
594150,29136,201507,3,0,2015-07-03
594153,29137,201507,10,0,2015-07-10
594336,29179,201507,2,0,2015-07-02
594672,29148,201508,5,0,2015-08-05
594672,29149,201508,5,0,2015-08-05
594672,29150,201508,6,0,2015-08-06
594674,29151,201508,11,0,2015-08-11
594675,29153,201508,20,0,2015-08-20
594675,29152,201508,19,0,2015-08-19
594676,29154,201508,24,0,2015-08-24
602738,29404,201509,14,0,2015-09-14
602738,29405,201509,14,0,2015-09-14
595225,29160,201507,19,0,2015-07-19
595640,29298,201508,18,0,2015-08-18
595640,29299,201508,18,0,2015-08-18
595640,29300,201508,18,0,2015-08-18
595742,29170,201508,1,0,2015-08-01
595742,29171,201508,1,0,2015-08-01
595743,29172,201508,27,0,2015-08-27
602738,29406,201509,14,0,2015-09-14
596416,29223,201505,4,0,2015-05-04
596551,29187,201507,20,0,2015-07-20
596551,29186,201507,20,0,2015-07-20
596765,29181,201506,30,0,2015-06-30
596829,29182,201507,24,0,2015-07-24
596829,29183,201507,24,0,2015-07-24
596835,29260,201508,6,0,2015-08-06
596913,29188,201507,17,0,2015-07-17
597062,29189,201507,14,0,2015-07-14
597109,29194,201507,28,0,2015-07-28
597110,29195,201507,29,0,2015-07-29
597183,29196,201506,16,0,2015-06-16
597245,29206,201507,12,0,2015-07-12
597275,29201,201507,23,0,2015-07-23
597459,29205,201507,11,0,2015-07-11
602738,29407,201509,14,0,2015-09-14
602738,29408,201509,14,0,2015-09-14
602738,29409,201509,14,0,2015-09-14
602738,29410,201509,14,0,2015-09-14
602738,29411,201509,14,0,2015-09-14
602738,29412,201509,14,0,2015-09-14
598140,29250,201501,18,0,2015-01-18
598143,29249,201501,18,0,2015-01-18
602738,29413,201509,14,0,2015-09-14
598386,29258,201508,10,0,2015-08-10
598386,29259,201508,10,0,2015-08-10
598959,29264,201508,20,0,2015-08-20
599004,29265,201508,10,0,2015-08-10
599833,29319,201508,3,0,2015-08-03
599833,29320,201508,3,0,2015-08-03
600029,29290,201507,18,0,2015-07-18
600221,29292,201508,29,0,2015-08-29
600413,29295,201507,28,0,2015-07-28
600413,29296,201507,28,0,2015-07-28
600462,29307,201508,1,0,2015-08-01
602738,29414,201509,14,0,2015-09-14
602738,29415,201509,14,0,2015-09-14
602738,29416,201509,14,0,2015-09-14
602871,29369,201509,8,0,2015-09-08
603178,29417,201509,14,0,2015-09-14
603178,29418,201509,14,0,2015-09-14
603178,29419,201509,14,0,2015-09-14
603178,29420,201509,14,0,2015-09-14
603178,29421,201509,14,0,2015-09-14
603178,29422,201509,14,0,2015-09-14
603178,29423,201509,14,0,2015-09-14
603754,29425,201509,5,0,2015-09-05
583238,28940,201507,10,0,2015-07-10
594645,29367,201507,8,0,2015-07-08
600463,29306,201508,1,0,2015-08-01
600464,29308,201508,15,0,2015-08-15
600604,29322,201508,4,0,2015-08-04
601888,29355,201508,8,0,2015-08-08
601888,29356,201508,9,0,2015-08-09
559346,27509,201502,16,0,2015-02-16
559358,27510,201502,16,0,2015-02-16
559360,27511,201502,16,0,2015-02-16
559393,27515,201502,16,0,2015-02-16
559577,27528,201502,20,0,2015-02-20
559578,27545,201502,20,0,2015-02-20
559578,27546,201502,20,0,2015-02-20
559830,27517,201502,24,0,2015-02-24
560027,27450,201504,9,0,2015-04-09
560027,27451,201504,9,0,2015-04-09
560102,27560,201502,27,0,2015-02-27
560138,27452,201502,14,0,2015-02-14
560138,27453,201502,14,0,2015-02-14
560234,27456,201501,2,0,2015-01-02
560234,27457,201501,2,0,2015-01-02
560263,27459,201502,15,0,2015-02-15
560334,27576,201503,5,0,2015-03-05
560338,27573,201503,5,0,2015-03-05
560478,27461,201502,2,0,2015-02-02
560540,27518,201502,21,0,2015-02-21
560587,27462,201502,19,0,2015-02-19
560596,27463,201502,3,0,2015-02-03
560658,27464,201502,17,0,2015-02-17
560792,27465,201504,16,0,2015-04-16
561191,27477,201502,24,0,2015-02-24
561192,27478,201502,24,0,2015-02-24
561193,27476,201502,24,0,2015-02-24
561299,27480,201502,17,0,2015-02-17
561299,27481,201502,19,0,2015-02-19
561299,27482,201502,19,0,2015-02-19
561302,27483,201502,17,0,2015-02-17
561302,27484,201502,19,0,2015-02-19
561334,27485,201502,24,0,2015-02-24
562180,27491,201502,2,0,2015-02-02
562372,27492,201501,3,0,2015-01-03
562380,27493,201502,14,0,2015-02-14
562554,27540,201503,18,0,2015-03-18
562559,27501,201503,7,0,2015-03-07
562606,27538,201503,20,0,2015-03-20
562737,27506,201503,29,0,2015-03-29
562857,27507,201502,28,0,2015-02-28
563043,27541,201502,8,0,2015-02-08
563145,27513,201502,20,0,2015-02-20
563146,27514,201502,19,0,2015-02-19
563230,27522,201502,5,0,2015-02-05
563231,27523,201502,5,0,2015-02-05
563232,27524,201502,3,0,2015-02-03
563237,27530,201502,20,0,2015-02-20
563296,27570,201502,17,0,2015-02-17
563329,27532,201502,20,0,2015-02-20
563329,27531,201502,20,0,2015-02-20
563341,27534,201502,20,0,2015-02-20
563356,27533,201502,20,0,2015-02-20
563911,27549,201501,1,0,2015-01-01
564008,27552,201504,14,0,2015-04-14
564029,27557,201502,17,0,2015-02-17
564047,27564,201502,17,0,2015-02-17
564056,27558,201502,15,0,2015-02-15
564348,28629,201503,5,0,2015-03-05
564379,27562,201502,28,0,2015-02-28
564379,27563,201502,28,0,2015-02-28
564417,29012,201504,14,0,2015-04-14
564500,27567,201502,18,0,2015-02-18
564656,27571,201502,16,0,2015-02-16
564700,27572,201502,4,0,2015-02-04
565041,27577,201503,31,0,2015-03-31
565144,27579,201503,10,0,2015-03-10
565144,27580,201503,10,0,2015-03-10
565216,28620,201503,5,0,2015-03-05
565277,28602,201503,20,0,2015-03-20
565277,28603,201503,20,0,2015-03-20
565286,28619,201503,4,0,2015-03-04
565478,27581,201502,16,0,2015-02-16
565622,28589,201503,28,0,2015-03-28
566007,28588,201503,28,0,2015-03-28
566201,28585,201504,9,0,2015-04-09
566205,28587,201503,28,0,2015-03-28
566419,28590,201504,17,0,2015-04-17
566419,28591,201504,17,0,2015-04-17
566419,28592,201504,17,0,2015-04-17
566419,28593,201504,17,0,2015-04-17
566445,28641,201505,13,0,2015-05-13
566457,28905,201505,7,0,2015-05-07
566722,28706,201504,3,0,2015-04-03
566747,28707,201504,3,0,2015-04-03
566748,28599,201505,10,0,2015-05-10
566748,28600,201505,10,0,2015-05-10
566833,28729,201504,9,0,2015-04-09
567074,28604,201503,5,0,2015-03-05
567103,28605,201505,17,0,2015-05-17
567103,28606,201505,17,0,2015-05-17
567153,28607,201505,18,0,2015-05-18
567284,28609,201503,4,0,2015-03-04
567340,28611,201503,15,0,2015-03-15
567789,28613,201503,5,0,2015-03-05
567913,28694,201505,24,0,2015-05-24
567913,28695,201505,24,0,2015-05-24
567913,28696,201505,24,0,2015-05-24
567914,28616,201505,15,0,2015-05-15
567920,28617,201503,4,0,2015-03-04
568251,28621,201503,13,0,2015-03-13
568254,28630,201503,14,0,2015-03-14
568284,28631,201503,27,0,2015-03-27
568443,28627,201503,14,0,2015-03-14
568600,28628,201504,3,0,2015-04-03
568948,28632,201505,23,0,2015-05-23
569024,28637,201503,14,0,2015-03-14
569171,28833,201506,1,0,2015-06-01
569197,28691,201505,10,0,2015-05-10
569484,28684,201505,24,0,2015-05-24
569485,28689,201505,25,0,2015-05-25
569487,28688,201505,25,0,2015-05-25
569490,28687,201505,25,0,2015-05-25
569502,28690,201505,31,0,2015-05-31
569782,28710,201504,11,0,2015-04-11
569782,28711,201504,11,0,2015-04-11
569861,28661,201505,27,0,2015-05-27
570339,28663,201505,10,0,2015-05-10
570339,28664,201505,10,0,2015-05-10
570586,28745,201504,25,0,2015-04-25
570586,28746,201504,25,0,2015-04-25
570586,28747,201504,25,0,2015-04-25
570586,28748,201504,25,0,2015-04-25
570586,28749,201504,25,0,2015-04-25
570586,28750,201504,25,0,2015-04-25
570721,28677,201504,20,0,2015-04-20
571094,28680,201504,20,0,2015-04-20
571094,28681,201504,20,0,2015-04-20
571143,28703,201505,1,0,2015-05-01
571426,28948,201505,4,0,2015-05-04
571880,28705,201505,3,0,2015-05-03
572073,28699,201504,25,0,2015-04-25
572441,28700,201505,15,0,2015-05-15
572636,28701,201504,6,0,2015-04-06
572637,28702,201506,19,0,2015-06-19
573142,28704,201504,3,0,2015-04-03
573789,28709,201504,25,0,2015-04-25
573832,28843,201505,7,0,2015-05-07
573978,28722,201504,14,0,2015-04-14
573995,28723,201504,14,0,2015-04-14
574054,28716,201506,23,0,2015-06-23
574054,28717,201506,23,0,2015-06-23
574197,28775,201506,26,0,2015-06-26
574253,28724,201505,19,0,2015-05-19
574291,28725,201505,9,0,2015-05-09
574329,28778,201505,28,0,2015-05-28
574338,28741,201504,9,0,2015-04-09
574338,28742,201504,9,0,2015-04-09
574362,28754,201506,27,0,2015-06-27
574435,28790,201506,23,0,2015-06-23
574702,28743,201506,26,0,2015-06-26
574938,28752,201505,27,0,2015-05-27
575197,28753,201504,2,0,2015-04-02
575659,28757,201505,19,0,2015-05-19
575735,28758,201507,4,0,2015-07-04
575774,29198,201507,4,0,2015-07-04
575796,28776,201505,9,0,2015-05-09
575884,29018,201505,25,0,2015-05-25
576207,28766,201507,5,0,2015-07-05
576571,28770,201506,17,0,2015-06-17
576688,28932,201505,29,0,2015-05-29
576722,28772,201505,11,0,2015-05-11
576780,28931,201505,29,0,2015-05-29
578259,28835,201505,23,0,2015-05-23
578263,28783,201505,24,0,2015-05-24
578412,28786,201506,1,0,2015-06-01
578939,28950,201505,13,0,2015-05-13
578942,28794,201506,30,0,2015-06-30
578942,28795,201506,30,0,2015-06-30
579161,29163,201507,17,0,2015-07-17
579251,28855,201503,12,0,2015-03-12
579251,28856,201503,12,0,2015-03-12
579251,28857,201503,12,0,2015-03-12
579251,28858,201503,12,0,2015-03-12
579251,28859,201503,12,0,2015-03-12
579251,28860,201503,12,0,2015-03-12
579251,28861,201503,12,0,2015-03-12
579251,28862,201503,12,0,2015-03-12
579251,28863,201503,12,0,2015-03-12
579262,28864,201503,26,0,2015-03-26
579262,28865,201503,26,0,2015-03-26
579262,28866,201503,26,0,2015-03-26
579262,28867,201503,26,0,2015-03-26
579770,28839,201505,31,0,2015-05-31
579770,28840,201505,31,0,2015-05-31
579770,28841,201505,31,0,2015-05-31
579777,28965,201505,26,0,2015-05-26
579777,28966,201505,26,0,2015-05-26
579777,28967,201505,26,0,2015-05-26
579777,28969,201505,26,0,2015-05-26
579777,28963,201505,26,0,2015-05-26
579777,28964,201505,26,0,2015-05-26
579777,28968,201505,26,0,2015-05-26
579778,28962,201505,26,0,2015-05-26
580029,29058,201506,9,0,2015-06-09
580356,28831,201506,7,0,2015-06-07
580357,28844,201506,9,0,2015-06-09
580465,28836,201505,23,0,2015-05-23
580465,28837,201505,23,0,2015-05-23
580465,28838,201505,23,0,2015-05-23
580563,28848,201506,27,0,2015-06-27
580570,28847,201506,28,0,2015-06-28
580573,28849,201506,27,0,2015-06-27
580923,28850,201505,3,0,2015-05-03
580923,28851,201505,7,0,2015-05-07
581159,28853,201505,24,0,2015-05-24
547095,24152,201501,4,0,2015-01-04
548128,27332,201501,13,0,2015-01-13
548128,27333,201501,13,0,2015-01-13
548128,27334,201501,13,0,2015-01-13
548128,27335,201501,13,0,2015-01-13
548128,27336,201501,13,0,2015-01-13
548156,24170,201501,12,0,2015-01-12
548519,24185,201501,14,0,2015-01-14
548519,24186,201501,14,0,2015-01-14
548533,27310,201501,15,0,2015-01-15
549362,24200,201501,19,0,2015-01-19
549362,24201,201501,19,0,2015-01-19
549500,24204,201501,20,0,2015-01-20
550098,27340,201501,25,0,2015-01-25
550101,24210,201501,4,0,2015-01-04
550199,24247,201501,5,0,2015-01-05
550208,24251,201501,7,0,2015-01-07
550212,24252,201501,3,0,2015-01-03
550213,24253,201501,12,0,2015-01-12
550213,24254,201501,12,0,2015-01-12
550213,24255,201501,12,0,2015-01-12
550215,24256,201501,5,0,2015-01-05
550216,24257,201501,15,0,2015-01-15
550216,24258,201501,15,0,2015-01-15
551214,27455,201502,4,0,2015-02-04
551414,25220,201501,5,0,2015-01-05
551604,25221,201501,3,0,2015-01-03
551707,25225,201501,15,0,2015-01-15
551867,25224,201501,5,0,2015-01-05
552354,25256,201502,2,0,2015-02-02
552553,27350,201502,20,0,2015-02-20
552553,27351,201502,20,0,2015-02-20
553024,26256,201502,14,0,2015-02-14
553060,27331,201501,28,0,2015-01-28
553074,27330,201501,29,0,2015-01-29
553143,26264,201502,22,0,2015-02-22
553574,27273,201502,24,0,2015-02-24
553776,27569,201502,16,0,2015-02-16
553779,27568,201502,16,0,2015-02-16
553802,27559,201502,20,0,2015-02-20
554235,27311,201501,6,0,2015-01-06
554273,27312,201502,19,0,2015-02-19
554380,27313,201501,6,0,2015-01-06
554470,27317,201503,5,0,2015-03-05
554526,27479,201503,4,0,2015-03-04
554566,27383,201501,18,0,2015-01-18
554654,27403,201501,23,0,2015-01-23
554797,27325,201501,18,0,2015-01-18
554797,27326,201501,18,0,2015-01-18
554798,27324,201501,18,0,2015-01-18
554799,27344,201501,18,0,2015-01-18
554803,27343,201501,18,0,2015-01-18
555139,27329,201502,28,0,2015-02-28
555479,27416,201503,14,0,2015-03-14
555817,28597,201503,10,0,2015-03-10
555817,28598,201503,11,0,2015-03-11
555818,27342,201503,10,0,2015-03-10
556171,27348,201501,13,0,2015-01-13
556171,27349,201501,13,0,2015-01-13
556362,27352,201501,9,0,2015-01-09
556469,27516,201502,2,0,2015-02-02
556536,27535,201502,14,0,2015-02-14
556541,27401,201501,13,0,2015-01-13
556541,27402,201501,13,0,2015-01-13
556557,27389,201501,13,0,2015-01-13
556557,27390,201501,13,0,2015-01-13
556562,27373,201501,13,0,2015-01-13
556562,27374,201501,13,0,2015-01-13
556563,27369,201501,7,0,2015-01-07
556563,27370,201501,7,0,2015-01-07
556891,27378,201501,3,0,2015-01-03
556892,27379,201501,22,0,2015-01-22
557071,27384,201502,3,0,2015-02-03
557155,27486,201501,28,0,2015-01-28
557172,27487,201501,27,0,2015-01-27
557305,27397,201501,3,0,2015-01-03
557305,27398,201501,3,0,2015-01-03
557305,27399,201501,3,0,2015-01-03
557634,27431,201502,11,0,2015-02-11
557994,27404,201501,3,0,2015-01-03
558198,27405,201502,9,0,2015-02-09
558253,27544,201502,15,0,2015-02-15
558281,27536,201502,15,0,2015-02-15
558288,27408,201503,13,0,2015-03-13
558288,27409,201503,13,0,2015-03-13
558325,28584,201504,3,0,2015-04-03
558488,27525,201502,17,0,2015-02-17
558847,27421,201503,4,0,2015-03-04
558851,27422,201503,4,0,2015-03-04
559016,27449,201502,20,0,2015-02-20
559082,27448,201502,20,0,2015-02-20
559345,27432,201502,17,0,2015-02-17
602095,29351,201508,30,0,2015-08-30
597789,29225,201510,3,0,2015-10-03
601614,29337,201510,27,0,2015-10-27
604800,29433,201510,3,0,2015-10-03
604878,29434,201510,1,0,2015-10-01
605185,29441,201510,2,0,2015-10-02
605185,29442,201510,2,0,2015-10-02
605635,29444,201510,10,0,2015-10-10
603757,29445,201512,8,0,2015-12-08
604332,29432,201512,11,0,2015-12-11
605908,29455,201512,16,0,2015-12-16
606034,29462,201512,29,0,2015-12-29
606034,29463,201512,29,0,2015-12-29
606034,29464,201512,29,0,2015-12-29
606328,29477,201512,28,0,2015-12-28
606345,29751,201512,26,0,2015-12-26
606345,29750,201512,26,0,2015-12-26
606694,29505,201512,28,0,2015-12-28
606970,29507,201512,27,0,2015-12-27
607352,29535,201512,24,0,2015-12-24
607472,29546,201512,24,0,2015-12-24
608103,29575,201512,27,0,2015-12-27
608103,29576,201512,27,0,2015-12-27
608108,29577,201512,27,0,2015-12-27
608108,29578,201512,27,0,2015-12-27
609971,29703,201512,7,0,2015-12-07
610008,29893,201512,28,0,2015-12-28
610008,29894,201512,28,0,2015-12-28
560188,28636,201503,25,0,2015-03-25
610118,29779,201512,29,0,2015-12-29
610118,29780,201512,29,0,2015-12-29
610224,29883,201512,23,0,2015-12-23
610224,29884,201512,23,0,2015-12-23
610235,29880,201512,23,0,2015-12-23
610235,29879,201512,23,0,2015-12-23
610236,29888,201512,23,0,2015-12-23
610236,29889,201512,23,0,2015-12-23
610236,29885,201512,23,0,2015-12-23
610236,29886,201512,23,0,2015-12-23
610236,29887,201512,23,0,2015-12-23
610236,29890,201512,23,0,2015-12-23
610237,29882,201512,23,0,2015-12-23
611161,29787,201512,19,0,2015-12-19
611273,29798,201512,25,0,2015-12-25
611273,29799,201512,25,0,2015-12-25
611589,29801,201512,29,0,2015-12-29
611594,29802,201512,20,0,2015-12-20
611615,29803,201512,23,0,2015-12-23
611646,29808,201512,23,0,2015-12-23
613481,29899,201512,29,0,2015-12-29
613481,29900,201512,29,0,2015-12-29
613481,29901,201512,29,0,2015-12-29
613481,29902,201512,29,0,2015-12-29
613531,29920,201512,25,0,2015-12-25
613567,29910,201512,24,0,2015-12-24
613669,29917,201512,31,0,2015-12-31
567998,28633,201503,25,0,2015-03-25
569005,28634,201503,25,0,2015-03-25
569005,28635,201503,25,0,2015-03-25
571233,28692,201506,13,0,2015-06-13
578550,28787,201505,24,0,2015-05-24
579071,28958,201505,24,0,2015-05-24
583474,28951,201505,11,0,2015-05-11
583585,28956,201505,12,0,2015-05-12
583586,28957,201505,21,0,2015-05-21
583588,28954,201505,24,0,2015-05-24
583588,28955,201505,24,0,2015-05-24
594266,30186,201507,19,0,2015-07-19
596103,29297,201508,14,0,2015-08-14
605190,29457,201510,8,0,2015-10-08
605190,29458,201510,8,0,2015-10-08
606060,31552,201510,30,0,2015-10-30
606065,31553,201510,30,0,2015-10-30
606066,31554,201510,30,0,2015-10-30
606066,31555,201510,30,0,2015-10-30
606068,31556,201510,30,0,2015-10-30
606471,29857,201512,26,0,2015-12-26
606471,29858,201512,26,0,2015-12-26
606471,29859,201512,26,0,2015-12-26
606471,29860,201512,26,0,2015-12-26
606471,29861,201512,26,0,2015-12-26
606471,29862,201512,26,0,2015-12-26
606471,29863,201512,26,0,2015-12-26
606471,29864,201512,26,0,2015-12-26
606480,29809,201512,26,0,2015-12-26
606480,29810,201512,26,0,2015-12-26
606484,29856,201512,26,0,2015-12-26
611285,29953,201512,27,0,2015-12-27
614408,29954,201512,28,0,2015-12-28
624833,30143,201508,11,0,2015-08-11
554439,27315,201501,6,0,2015-01-06
598154,29271,201507,1,0,2015-07-01
598154,29272,201507,1,0,2015-07-01
599386,29273,201507,12,0,2015-07-12
599775,29274,201507,12,0,2015-07-12
600442,29301,201507,19,0,2015-07-19
604968,32901,201510,31,0,2015-10-31
604968,32902,201510,31,0,2015-10-31
602904,29566,201511,22,0,2015-11-22
602904,29567,201511,29,0,2015-11-29
602904,29568,201511,17,0,2015-11-17
602904,29569,201511,17,0,2015-11-17
602989,29370,201511,10,0,2015-11-10
603455,29424,201511,17,0,2015-11-17
603537,29685,201511,17,0,2015-11-17
603800,29427,201511,9,0,2015-11-09
604057,29428,201511,30,0,2015-11-30
604295,29561,201511,17,0,2015-11-17
607243,29536,201511,18,0,2015-11-18
607243,29537,201511,18,0,2015-11-18
607382,29674,201511,27,0,2015-11-27
607396,29545,201511,24,0,2015-11-24
607481,29675,201511,27,0,2015-11-27
607521,29679,201511,27,0,2015-11-27
607844,29572,201511,5,0,2015-11-05
608501,29618,201511,28,0,2015-11-28
608840,29641,201511,11,0,2015-11-11
608900,29673,201511,27,0,2015-11-27
609232,29676,201511,27,0,2015-11-27
609232,29677,201511,27,0,2015-11-27
609323,29686,201511,3,0,2015-11-03
601429,30260,201510,4,0,2015-10-04
601429,30261,201510,4,0,2015-10-04
611832,29855,201512,9,0,2015-12-09
612029,29838,201512,9,0,2015-12-09
612059,29841,201512,17,0,2015-12-17
615046,29968,201512,26,0,2015-12-26
615046,29969,201512,26,0,2015-12-26
615046,29970,201512,26,0,2015-12-26
615046,29971,201512,26,0,2015-12-26
615046,29972,201512,26,0,2015-12-26
626201,30197,201512,30,0,2015-12-30
633044,30259,201510,4,0,2015-10-04
633054,30271,201510,4,0,2015-10-04
633069,30265,201510,4,0,2015-10-04
633086,30267,201510,4,0,2015-10-04
633091,30268,201510,4,0,2015-10-04
633100,30304,201510,7,0,2015-10-07
633100,30305,201510,7,0,2015-10-07
633107,30306,201510,4,0,2015-10-04
581260,29082,201505,21,0,2015-05-21
582549,28911,201505,25,0,2015-05-25
583169,28938,201505,10,0,2015-05-10
583273,28941,201505,20,0,2015-05-20
583275,28943,201505,20,0,2015-05-20
587315,31246,201505,6,0,2015-05-06
589290,29073,201506,14,0,2015-06-14
589290,29074,201506,14,0,2015-06-14
592950,29125,201507,4,0,2015-07-04
601697,29338,201509,8,0,2015-09-08
548238,24171,201501,8,0,2015-01-08
550794,25216,201502,1,0,2015-02-01
578361,28785,201505,18,0,2015-05-18
582211,28903,201505,27,0,2015-05-27
608643,29633,201511,26,0,2015-11-26
608643,29634,201511,26,0,2015-11-26
608643,29635,201511,26,0,2015-11-26
611642,29804,201508,18,0,2015-08-18
611642,29805,201508,18,0,2015-08-18
611642,29806,201508,18,0,2015-08-18
612580,29853,201509,14,0,2015-09-14
613667,29915,201508,27,0,2015-08-27
606347,29734,201512,26,0,2015-12-26
606349,29708,201512,26,0,2015-12-26
606350,29481,201512,26,0,2015-12-26
606350,29482,201512,26,0,2015-12-26
606523,29497,201512,27,0,2015-12-27
606525,29745,201512,28,0,2015-12-28
614497,29985,201512,28,0,2015-12-28
616005,29987,201512,14,0,2015-12-14
658908,31526,201506,26,0,2015-06-26
658909,31527,201506,16,0,2015-06-16
554455,27316,201502,23,0,2015-02-23
585425,29009,201506,20,0,2015-06-20
608218,29636,201509,22,0,2015-09-22
552436,25237,201502,1,0,2015-02-01
552436,25238,201502,1,0,2015-02-01
552436,25239,201502,2,0,2015-02-02
592282,29087,201507,4,0,2015-07-04
616389,30002,201502,28,0,2015-02-28
574562,35308,201508,5,0,2015-08-05
607144,29949,201512,23,0,2015-12-23
607144,29950,201512,23,0,2015-12-23
607161,29520,201512,23,0,2015-12-23
607161,29521,201512,23,0,2015-12-23
607161,29522,201512,23,0,2015-12-23
610072,29710,201512,27,0,2015-12-27
599336,59500,201508,2,0,2015-08-02
953511,42960,202106,9,0,2021-06-09
989138,44786,202111,25,0,2021-11-25
992676,45176,202111,7,0,2021-11-07
993049,45190,202111,11,0,2021-11-11
993049,45191,202111,11,0,2021-11-11
993061,45193,202111,29,0,2021-11-29
993065,45200,202111,2,0,2021-11-02
993071,45201,202111,9,0,2021-11-09
993071,45202,202111,9,0,2021-11-09
993074,45203,202111,13,0,2021-11-13
993075,45204,202111,16,0,2021-11-16
977284,44280,202106,26,0,2021-06-26
942568,42583,202102,11,0,2021-02-11
944404,42660,202102,16,0,2021-02-16
946870,42862,202103,25,0,2021-03-25
946870,42863,202103,25,0,2021-03-25
946870,42864,202103,25,0,2021-03-25
946870,42865,202103,25,0,2021-03-25
946870,42866,202103,25,0,2021-03-25
946870,42867,202103,25,0,2021-03-25
949499,42902,202103,27,0,2021-03-27
949500,42903,202103,28,0,2021-03-28
972354,44550,202109,1,0,2021-09-01
981414,45976,202109,1,0,2021-09-01
981418,45982,202109,1,0,2021-09-01
981418,45983,202109,1,0,2021-09-01
981440,45984,202109,1,0,2021-09-01
985743,45966,202109,1,0,2021-09-01
985743,45967,202109,1,0,2021-09-01
985744,45960,202109,1,0,2021-09-01
985744,45961,202109,1,0,2021-09-01
985744,45962,202109,1,0,2021-09-01
986281,45973,202109,1,0,2021-09-01
986281,45974,202109,1,0,2021-09-01
986281,45975,202109,1,0,2021-09-01
986282,45971,202109,1,0,2021-09-01
986282,45972,202109,1,0,2021-09-01
986283,45956,202109,1,0,2021-09-01
986283,45954,202109,1,0,2021-09-01
986283,45955,202109,1,0,2021-09-01
986283,45957,202109,1,0,2021-09-01
986283,45958,202109,1,0,2021-09-01
986283,45959,202109,1,0,2021-09-01
988099,44784,202112,3,0,2021-12-03
988101,44779,202112,3,0,2021-12-03
998916,46000,202112,23,0,2021-12-23
1004971,45998,202112,16,0,2021-12-16
1004971,45999,202112,16,0,2021-12-16
961837,44091,202106,27,0,2021-06-27
961837,44092,202106,27,0,2021-06-27
961837,44093,202106,27,0,2021-06-27
961837,44094,202107,3,0,2021-07-03
961837,44095,202107,4,0,2021-07-04
961837,44096,202107,8,0,2021-07-08
961837,44097,202106,27,0,2021-06-27
961837,44098,202106,28,0,2021-06-28
961837,44099,202106,29,0,2021-06-29
961837,44100,202106,28,0,2021-06-28
961837,44101,202106,26,0,2021-06-26
961837,44102,202106,28,0,2021-06-28
961837,44087,202106,26,0,2021-06-26
961837,44103,202106,29,0,2021-06-29
961837,44086,202106,30,0,2021-06-30
964033,45671,202107,27,0,2021-07-27
964771,43992,202107,5,0,2021-07-05
965817,44082,202107,9,0,2021-07-09
965817,44083,202107,1,0,2021-07-01
965817,44084,202106,28,0,2021-06-28
965818,44085,202106,27,0,2021-06-27
965819,43728,202106,27,0,2021-06-27
965820,43989,202106,29,0,2021-06-29
965820,43990,202107,5,0,2021-07-05
965929,44104,202106,30,0,2021-06-30
965965,43729,202106,28,0,2021-06-28
968238,43338,202107,28,0,2021-07-28
970023,43993,202106,29,0,2021-06-29
970023,43994,202107,1,0,2021-07-01
972552,44284,202108,1,0,2021-08-01
978377,44281,202108,11,0,2021-08-11
980438,44361,202108,22,0,2021-08-22
980582,44362,202108,22,0,2021-08-22
981000,44380,202108,11,0,2021-08-11
981001,44381,202108,11,0,2021-08-11
981002,44384,202108,14,0,2021-08-14
981003,44768,202108,11,0,2021-08-11
981003,44769,202108,11,0,2021-08-11
981003,44770,202108,11,0,2021-08-11
992153,45260,202111,6,0,2021-11-06
992154,45259,202111,6,0,2021-11-06
961309,45669,202107,20,0,2021-07-20
961302,44680,202106,30,0,2021-06-30
961302,44692,202106,29,0,2021-06-29
961302,44704,202106,29,0,2021-06-29
961302,44716,202106,30,0,2021-06-30
961302,44728,202107,2,0,2021-07-02
961302,44740,202107,13,0,2021-07-13
961302,44752,202106,30,0,2021-06-30
961302,44764,202106,28,0,2021-06-28
961302,44695,202106,29,0,2021-06-29
961302,44730,202107,2,0,2021-07-02
961302,44762,202106,28,0,2021-06-28
930321,42156,202101,25,0,2021-01-25
938139,42475,202102,20,0,2021-02-20
940657,42611,202102,11,0,2021-02-11
941809,42609,202102,11,0,2021-02-11
961302,44717,202106,30,0,2021-06-30
961302,44718,202106,30,0,2021-06-30
961302,44719,202106,30,0,2021-06-30
961302,44720,202106,30,0,2021-06-30
946439,42870,202102,14,0,2021-02-14
949715,42884,202102,1,0,2021-02-01
949715,42885,202102,3,0,2021-02-03
949715,42886,202102,9,0,2021-02-09
949715,42887,202102,9,0,2021-02-09
949715,42888,202102,13,0,2021-02-13
949715,42889,202102,13,0,2021-02-13
949715,42890,202102,16,0,2021-02-16
951833,42922,202102,15,0,2021-02-15
951834,42925,202102,15,0,2021-02-15
961302,44675,202106,28,0,2021-06-28
961302,44676,202106,29,0,2021-06-29
961302,44677,202106,29,0,2021-06-29
961302,44678,202106,29,0,2021-06-29
961302,44679,202106,30,0,2021-06-30
961302,44681,202107,4,0,2021-07-04
961302,44682,202106,28,0,2021-06-28
961302,44683,202106,28,0,2021-06-28
961302,44684,202106,28,0,2021-06-28
961302,44685,202106,28,0,2021-06-28
961302,44686,202106,28,0,2021-06-28
961302,44687,202106,28,0,2021-06-28
961302,44688,202106,28,0,2021-06-28
961302,44689,202106,28,0,2021-06-28
961302,44690,202106,28,0,2021-06-28
961302,44691,202106,28,0,2021-06-28
961302,44693,202106,29,0,2021-06-29
961302,44694,202106,29,0,2021-06-29
961302,44696,202106,29,0,2021-06-29
961302,44697,202106,29,0,2021-06-29
961302,44698,202106,29,0,2021-06-29
961302,44699,202106,29,0,2021-06-29
961302,44700,202106,29,0,2021-06-29
961302,44701,202106,29,0,2021-06-29
961302,44702,202106,29,0,2021-06-29
961302,44703,202106,29,0,2021-06-29
961302,44705,202106,29,0,2021-06-29
961302,44706,202106,29,0,2021-06-29
961302,44707,202106,29,0,2021-06-29
961302,44708,202106,29,0,2021-06-29
961302,44709,202106,29,0,2021-06-29
961302,44710,202106,29,0,2021-06-29
961302,44711,202106,29,0,2021-06-29
961302,44712,202106,28,0,2021-06-28
961302,44713,202106,30,0,2021-06-30
961302,44714,202106,30,0,2021-06-30
961302,44715,202106,30,0,2021-06-30
994868,45409,202106,19,0,2021-06-19
994868,45410,202106,19,0,2021-06-19
995901,45429,202104,13,0,2021-04-13
995901,45430,202104,13,0,2021-04-13
995901,45431,202104,13,0,2021-04-13
995901,45432,202104,13,0,2021-04-13
995901,45433,202104,13,0,2021-04-13
995901,45434,202104,13,0,2021-04-13
995901,45435,202104,13,0,2021-04-13
995901,45436,202104,13,0,2021-04-13
995901,45437,202104,13,0,2021-04-13
995901,45438,202104,13,0,2021-04-13
995901,45439,202104,13,0,2021-04-13
995901,45440,202104,13,0,2021-04-13
995901,45441,202104,13,0,2021-04-13
937289,44263,202101,13,0,2021-01-13
938508,44265,202101,13,0,2021-01-13
945569,44129,202102,15,0,2021-02-15
945569,44130,202102,15,0,2021-02-15
945569,44131,202102,15,0,2021-02-15
952642,44120,202105,30,0,2021-05-30
963303,43225,202105,16,0,2021-05-16
964010,43233,202105,23,0,2021-05-23
968866,43345,202106,28,0,2021-06-28
968866,43346,202106,28,0,2021-06-28
969166,44271,202106,29,0,2021-06-29
969166,44272,202106,29,0,2021-06-29
969213,43365,202106,19,0,2021-06-19
975093,44178,202105,22,0,2021-05-22
961302,44721,202106,30,0,2021-06-30
961302,44722,202106,28,0,2021-06-28
961302,44723,202107,1,0,2021-07-01
961302,44724,202107,1,0,2021-07-01
961302,44725,202107,1,0,2021-07-01
961302,44726,202107,1,0,2021-07-01
961302,44727,202107,1,0,2021-07-01
961302,44729,202107,2,0,2021-07-02
961302,44731,202107,2,0,2021-07-02
961302,44732,202107,2,0,2021-07-02
961302,44733,202107,4,0,2021-07-04
961302,44734,202107,6,0,2021-07-06
961302,44735,202107,7,0,2021-07-07
961302,44736,202106,30,0,2021-06-30
961302,44737,202107,11,0,2021-07-11
961302,44738,202107,8,0,2021-07-08
961302,44739,202107,6,0,2021-07-06
961302,44741,202107,5,0,2021-07-05
961302,44742,202107,1,0,2021-07-01
961302,44743,202107,1,0,2021-07-01
961302,44744,202107,5,0,2021-07-05
961302,44745,202107,9,0,2021-07-09
961302,44746,202106,29,0,2021-06-29
961302,44747,202106,29,0,2021-06-29
961302,44748,202106,29,0,2021-06-29
961302,44749,202106,29,0,2021-06-29
961302,44750,202106,29,0,2021-06-29
961302,44751,202106,29,0,2021-06-29
961302,44753,202106,30,0,2021-06-30
961302,44754,202106,29,0,2021-06-29
961302,44755,202106,28,0,2021-06-28
961302,44756,202106,29,0,2021-06-29
961302,44757,202106,29,0,2021-06-29
961302,44758,202106,29,0,2021-06-29
961302,44759,202106,29,0,2021-06-29
961302,44760,202106,29,0,2021-06-29
961302,44761,202107,4,0,2021-07-04
961302,44763,202106,28,0,2021-06-28
961302,44765,202106,29,0,2021-06-29
961302,44766,202106,29,0,2021-06-29
961302,44767,202106,29,0,2021-06-29
961309,45668,202107,20,0,2021-07-20
961309,45670,202107,20,0,2021-07-20
961837,44088,202106,27,0,2021-06-27
961837,44089,202106,27,0,2021-06-27
961837,44090,202106,27,0,2021-06-27
986809,44623,202109,14,0,2021-09-14
939420,42488,202101,10,0,2021-01-10
949942,42891,202103,24,0,2021-03-24
970469,43760,202106,19,0,2021-06-19
954685,42967,202106,14,0,2021-06-14
954776,43015,202106,1,0,2021-06-01
955782,43027,202106,22,0,2021-06-22
956282,43036,202106,20,0,2021-06-20
956282,43037,202106,20,0,2021-06-20
956489,43043,202106,19,0,2021-06-19
956490,43041,202106,19,0,2021-06-19
956680,43237,202106,26,0,2021-06-26
956680,43238,202106,26,0,2021-06-26
956726,43052,202106,13,0,2021-06-13
957371,43164,202106,18,0,2021-06-18
957400,43159,202106,27,0,2021-06-27
957400,43160,202106,27,0,2021-06-27
957404,43158,202106,28,0,2021-06-28
959420,43178,202106,21,0,2021-06-21
961453,43194,202106,17,0,2021-06-17
931716,42841,202102,1,0,2021-02-01
932197,42336,202102,3,0,2021-02-03
932267,42339,202102,1,0,2021-02-01
932773,42382,202102,4,0,2021-02-04
935201,42399,202102,16,0,2021-02-16
935211,42400,202102,14,0,2021-02-14
935213,42401,202102,14,0,2021-02-14
935844,42428,202102,13,0,2021-02-13
936119,42641,202102,10,0,2021-02-10
936247,42524,202102,15,0,2021-02-15
936331,42429,202102,18,0,2021-02-18
936389,42430,202102,27,0,2021-02-27
936389,42431,202102,27,0,2021-02-27
937870,42523,202102,7,0,2021-02-07
940166,42620,202102,6,0,2021-02-06
940166,42621,202102,6,0,2021-02-06
940166,42622,202102,6,0,2021-02-06
940166,42623,202102,6,0,2021-02-06
940634,42512,202102,17,0,2021-02-17
940635,42513,202102,18,0,2021-02-18
940636,42514,202102,22,0,2021-02-22
941934,42565,202102,1,0,2021-02-01
941934,42566,202102,1,0,2021-02-01
941934,42567,202102,1,0,2021-02-01
941935,42568,202102,4,0,2021-02-04
943284,42832,202102,14,0,2021-02-14
943288,42833,202102,17,0,2021-02-17
943288,42834,202102,17,0,2021-02-17
943295,42835,202102,15,0,2021-02-15
943295,42836,202102,15,0,2021-02-15
943342,42826,202102,21,0,2021-02-21
943528,42843,202102,18,0,2021-02-18
943528,42844,202102,17,0,2021-02-17
943629,42664,202102,7,0,2021-02-07
944360,42659,202102,12,0,2021-02-12
944446,42661,202102,8,0,2021-02-08
944448,42662,202102,8,0,2021-02-08
944908,42668,202102,3,0,2021-02-03
945462,42715,202102,20,0,2021-02-20
945463,42716,202102,19,0,2021-02-19
945484,42720,202102,23,0,2021-02-23
945485,42719,202102,23,0,2021-02-23
944215,42654,202102,14,0,2021-02-14
944215,42655,202102,20,0,2021-02-20
944215,42656,202102,13,0,2021-02-13
944327,42647,202102,21,0,2021-02-21
970299,44478,202106,14,0,2021-06-14
970319,44482,202106,13,0,2021-06-13
970319,44483,202106,13,0,2021-06-13
970319,44484,202106,13,0,2021-06-13
970319,44485,202106,15,0,2021-06-15
970319,44486,202106,17,0,2021-06-17
970319,44487,202106,17,0,2021-06-17
970319,44488,202106,20,0,2021-06-20
970319,44489,202106,20,0,2021-06-20
970319,44490,202106,15,0,2021-06-15
970319,44491,202106,17,0,2021-06-17
970319,44492,202106,19,0,2021-06-19
970320,44479,202106,13,0,2021-06-13
970320,44480,202106,12,0,2021-06-12
970320,44481,202106,15,0,2021-06-15
970487,46179,202106,2,0,2021-06-02
970487,46180,202106,2,0,2021-06-02
970488,43770,202106,7,0,2021-06-07
970490,43771,202106,6,0,2021-06-06
970491,43772,202106,7,0,2021-06-07
970495,44477,202106,10,0,2021-06-10
970506,44493,202106,27,0,2021-06-27
970506,44494,202106,27,0,2021-06-27
970506,44495,202106,27,0,2021-06-27
970980,43793,202106,20,0,2021-06-20
987245,45401,202109,1,0,2021-09-01
987260,45396,202109,1,0,2021-09-01
987260,45397,202109,1,0,2021-09-01
987260,45398,202109,1,0,2021-09-01
987260,45399,202109,1,0,2021-09-01
987277,44652,202109,1,0,2021-09-01
987560,44659,202109,1,0,2021-09-01
987560,44660,202109,1,0,2021-09-01
987561,44661,202109,1,0,2021-09-01
987564,44662,202109,1,0,2021-09-01
987564,44663,202109,1,0,2021-09-01
987564,44664,202109,1,0,2021-09-01
987565,44665,202109,1,0,2021-09-01
987566,44666,202109,1,0,2021-09-01
987588,44667,202109,1,0,2021-09-01
987588,44668,202109,1,0,2021-09-01
987588,44669,202109,1,0,2021-09-01
987589,44670,202109,1,0,2021-09-01
987590,44671,202109,1,0,2021-09-01
987591,45388,202109,1,0,2021-09-01
987591,45389,202109,1,0,2021-09-01
987592,46196,202109,1,0,2021-09-01
994610,45387,202109,1,0,2021-09-01
994611,45386,202109,1,0,2021-09-01
994612,45390,202109,1,0,2021-09-01
994613,45391,202109,1,0,2021-09-01
994613,45392,202109,1,0,2021-09-01
994614,45393,202109,1,0,2021-09-01
994615,45394,202109,1,0,2021-09-01
994616,45395,202109,1,0,2021-09-01
994617,45400,202109,1,0,2021-09-01
965517,43264,202106,12,0,2021-06-12
966943,43339,202106,19,0,2021-06-19
966945,43316,202106,19,0,2021-06-19
966946,43317,202106,16,0,2021-06-16
967100,43426,202106,19,0,2021-06-19
967605,43323,202106,8,0,2021-06-08
967792,43324,202106,28,0,2021-06-28
967948,43327,202106,30,0,2021-06-30
967948,43328,202106,30,0,2021-06-30
968846,43342,202106,19,0,2021-06-19
968961,43364,202106,28,0,2021-06-28
969321,43366,202106,30,0,2021-06-30
969741,43367,202106,29,0,2021-06-29
970236,43737,202106,6,0,2021-06-06
970467,43757,202106,19,0,2021-06-19
970467,43758,202106,19,0,2021-06-19
945800,42738,202102,15,0,2021-02-15
945800,42739,202102,15,0,2021-02-15
945830,42737,202102,14,0,2021-02-14
945840,42838,202102,16,0,2021-02-16
986807,44620,202109,7,0,2021-09-07
986807,44621,202109,7,0,2021-09-07
986808,44627,202109,11,0,2021-09-11
986810,44624,202109,14,0,2021-09-14
986811,45228,202109,12,0,2021-09-12
986813,45229,202109,12,0,2021-09-12
986813,45230,202109,13,0,2021-09-13
986813,45231,202109,13,0,2021-09-13
946738,42846,202102,16,0,2021-02-16
971781,44111,202109,1,0,2021-09-01
971782,44638,202109,4,0,2021-09-04
973218,44125,202109,8,0,2021-09-08
974473,44143,202109,18,0,2021-09-18
974473,44144,202109,18,0,2021-09-18
975486,44209,202109,23,0,2021-09-23
975717,44223,202109,7,0,2021-09-07
975899,44225,202109,25,0,2021-09-25
976071,44392,202109,7,0,2021-09-07
976609,44259,202109,26,0,2021-09-26
976609,44260,202109,26,0,2021-09-26
976641,44261,202109,28,0,2021-09-28
977865,44278,202109,17,0,2021-09-17
979154,44313,202109,14,0,2021-09-14
979157,44312,202109,12,0,2021-09-12
979174,44314,202109,20,0,2021-09-20
981348,44390,202109,11,0,2021-09-11
981437,44391,202109,26,0,2021-09-26
981786,44422,202109,11,0,2021-09-11
984528,44528,202109,14,0,2021-09-14
984795,44616,202109,18,0,2021-09-18
984957,44530,202109,1,0,2021-09-01
984971,44540,202109,6,0,2021-09-06
984971,44537,202109,9,0,2021-09-09
984971,44538,202109,9,0,2021-09-09
984971,44541,202109,8,0,2021-09-08
984971,44542,202109,8,0,2021-09-08
984971,44539,202109,10,0,2021-09-10
984971,44543,202109,8,0,2021-09-08
984985,44544,202109,12,0,2021-09-12
984986,44545,202109,22,0,2021-09-22
985816,44554,202109,12,0,2021-09-12
986017,44557,202109,8,0,2021-09-08
986019,44558,202109,15,0,2021-09-15
986683,44615,202109,1,0,2021-09-01
986737,44617,202109,18,0,2021-09-18
986760,44618,202109,11,0,2021-09-11
987206,44639,202109,19,0,2021-09-19
987348,44655,202109,30,0,2021-09-30
987348,44656,202109,30,0,2021-09-30
993206,45251,202111,15,0,2021-11-15
993339,45250,202111,28,0,2021-11-28
994212,45379,202111,16,0,2021-11-16
929247,42120,202101,5,0,2021-01-05
933421,42403,202101,1,0,2021-01-01
934379,42394,202101,19,0,2021-01-19
936630,42476,202101,15,0,2021-01-15
936688,42439,202101,20,0,2021-01-20
936689,42440,202101,27,0,2021-01-27
937230,42445,202101,29,0,2021-01-29
937282,42482,202101,13,0,2021-01-13
937288,42451,202101,13,0,2021-01-13
937867,42460,202101,15,0,2021-01-15
937967,42493,202101,16,0,2021-01-16
938002,42580,202101,25,0,2021-01-25
938288,42492,202101,13,0,2021-01-13
938895,42483,202101,29,0,2021-01-29
938920,42507,202101,15,0,2021-01-15
938960,42508,202101,14,0,2021-01-14
940805,42517,202101,25,0,2021-01-25
940805,42518,202101,25,0,2021-01-25
943057,42605,202104,8,0,2021-04-08
943057,42606,202104,8,0,2021-04-08
943564,42721,202104,11,0,2021-04-11
944863,42666,202104,10,0,2021-04-10
946768,42847,202104,9,0,2021-04-09
947692,42860,202104,21,0,2021-04-21
949608,42876,202104,21,0,2021-04-21
953597,42961,202104,6,0,2021-04-06
954642,43028,202104,10,0,2021-04-10
954775,43029,202104,16,0,2021-04-16
954775,43030,202104,16,0,2021-04-16
955351,43024,202104,25,0,2021-04-25
955368,43025,202104,4,0,2021-04-04
956372,43038,202104,24,0,2021-04-24
956863,43054,202104,18,0,2021-04-18
965889,43269,202108,9,0,2021-08-09
965893,43270,202108,13,0,2021-08-13
966178,44460,202108,12,0,2021-08-12
966612,43313,202108,11,0,2021-08-11
967285,44123,202108,20,0,2021-08-20
968095,43332,202108,22,0,2021-08-22
971915,44277,202108,30,0,2021-08-30
971940,44121,202108,17,0,2021-08-17
971940,44122,202108,17,0,2021-08-17
971942,44124,202108,27,0,2021-08-27
971943,44330,202108,5,0,2021-08-05
975606,44435,202108,18,0,2021-08-18
975606,44436,202108,18,0,2021-08-18
975612,44214,202108,27,0,2021-08-27
975937,44226,202108,3,0,2021-08-03
975980,44227,202108,24,0,2021-08-24
978906,44309,202108,16,0,2021-08-16
948503,42861,202105,10,0,2021-05-10
950578,42896,202105,19,0,2021-05-19
952438,42955,202105,1,0,2021-05-01
952438,42956,202105,1,0,2021-05-01
952438,42957,202105,1,0,2021-05-01
953079,42958,202105,23,0,2021-05-23
953085,42959,202105,24,0,2021-05-24
955569,43026,202105,16,0,2021-05-16
956695,43050,202105,2,0,2021-05-02
957328,43056,202105,16,0,2021-05-16
957389,43058,202105,11,0,2021-05-11
957432,43157,202105,1,0,2021-05-01
956687,43179,202105,2,0,2021-05-02
960716,43188,202105,17,0,2021-05-17
961234,43191,202105,31,0,2021-05-31
961426,43192,202105,17,0,2021-05-17
961778,43196,202105,23,0,2021-05-23
962402,43201,202105,9,0,2021-05-09
962404,43204,202105,14,0,2021-05-14
962404,43205,202105,14,0,2021-05-14
962752,43209,202105,10,0,2021-05-10
962770,43210,202105,3,0,2021-05-03
963157,43222,202105,16,0,2021-05-16
963156,43223,202105,15,0,2021-05-15
959086,43227,202105,4,0,2021-05-04
960751,43229,202105,23,0,2021-05-23
957686,43232,202105,6,0,2021-05-06
980590,44363,202108,4,0,2021-08-04
980629,44364,202108,16,0,2021-08-16
980904,44365,202108,25,0,2021-08-25
981089,44385,202108,18,0,2021-08-18
981089,44386,202108,20,0,2021-08-20
981898,44472,202108,1,0,2021-08-01
981948,44424,202108,30,0,2021-08-30
981948,44425,202108,30,0,2021-08-30
981948,44426,202109,11,0,2021-09-11
983514,44475,202108,12,0,2021-08-12
983514,44476,202108,12,0,2021-08-12
983880,44508,202108,1,0,2021-08-01
937995,42504,202101,8,0,2021-01-08
939286,42486,202101,23,0,2021-01-23
941126,42528,202103,1,0,2021-03-01
941340,42534,202103,25,0,2021-03-25
943199,42635,202102,17,0,2021-02-17
943624,42909,202102,15,0,2021-02-15
943790,42908,202102,15,0,2021-02-15
943791,42904,202102,15,0,2021-02-15
943791,42905,202102,15,0,2021-02-15
943791,42906,202102,15,0,2021-02-15
943791,42907,202102,15,0,2021-02-15
943793,42923,202102,15,0,2021-02-15
943797,42921,202102,15,0,2021-02-15
943800,42919,202102,15,0,2021-02-15
943800,42920,202102,15,0,2021-02-15
943819,42911,202102,15,0,2021-02-15
943821,42931,202102,15,0,2021-02-15
943821,42932,202102,15,0,2021-02-15
943821,42933,202102,15,0,2021-02-15
943821,42934,202102,15,0,2021-02-15
943821,42935,202102,15,0,2021-02-15
943821,42936,202102,15,0,2021-02-15
944573,43053,202102,15,0,2021-02-15
945961,42821,202102,15,0,2021-02-15
945966,43143,202102,16,0,2021-02-16
945966,43144,202102,16,0,2021-02-16
945966,43145,202102,20,0,2021-02-20
945983,43152,202102,15,0,2021-02-15
945983,43154,202102,16,0,2021-02-16
945983,43155,202102,21,0,2021-02-21
945985,43166,202102,16,0,2021-02-16
945985,43167,202102,16,0,2021-02-16
945985,43168,202102,16,0,2021-02-16
945985,43169,202102,16,0,2021-02-16
945985,43170,202102,19,0,2021-02-19
945985,43171,202102,22,0,2021-02-22
945986,43129,202102,17,0,2021-02-17
945986,43105,202102,12,0,2021-02-12
945986,43111,202102,15,0,2021-02-15
945986,43130,202102,18,0,2021-02-18
945986,43131,202102,18,0,2021-02-18
945986,43132,202102,19,0,2021-02-19
945986,43139,202102,17,0,2021-02-17
945986,43100,202102,17,0,2021-02-17
945986,43101,202102,18,0,2021-02-18
945986,43102,202102,18,0,2021-02-18
945986,43103,202102,18,0,2021-02-18
945986,43104,202102,18,0,2021-02-18
945986,43106,202102,13,0,2021-02-13
945986,43107,202102,14,0,2021-02-14
945986,43108,202102,14,0,2021-02-14
945986,43109,202102,15,0,2021-02-15
945986,43113,202102,15,0,2021-02-15
945986,43114,202102,15,0,2021-02-15
945986,43115,202102,16,0,2021-02-16
945986,43116,202102,16,0,2021-02-16
945986,43117,202102,16,0,2021-02-16
945986,43118,202102,16,0,2021-02-16
945986,43119,202102,16,0,2021-02-16
945986,43120,202102,16,0,2021-02-16
945986,43121,202102,16,0,2021-02-16
945986,43122,202102,16,0,2021-02-16
945986,43124,202102,17,0,2021-02-17
945986,43127,202102,17,0,2021-02-17
945986,43128,202102,17,0,2021-02-17
945986,43133,202102,19,0,2021-02-19
945986,43134,202102,19,0,2021-02-19
945986,43135,202102,20,0,2021-02-20
945986,43136,202102,22,0,2021-02-22
945986,43137,202102,16,0,2021-02-16
945986,43138,202102,16,0,2021-02-16
945986,43126,202102,17,0,2021-02-17
945993,42822,202102,16,0,2021-02-16
945993,42823,202102,16,0,2021-02-16
945993,42824,202102,16,0,2021-02-16
946006,42825,202102,15,0,2021-02-15
936658,42581,202103,4,0,2021-03-04
938148,42894,202103,14,0,2021-03-14
940257,42503,202103,14,0,2021-03-14
940481,42510,202103,29,0,2021-03-29
940484,42895,202103,27,0,2021-03-27
941485,42570,202103,28,0,2021-03-28
941485,42571,202103,28,0,2021-03-28
941492,42901,202103,27,0,2021-03-27
941526,42559,202103,31,0,2021-03-31
941526,42560,202103,31,0,2021-03-31
941611,42561,202103,26,0,2021-03-26
941936,42569,202103,22,0,2021-03-22
942229,42607,202103,15,0,2021-03-15
943055,42602,202103,16,0,2021-03-16
943056,42604,202103,28,0,2021-03-28
945162,42735,202103,10,0,2021-03-10
950931,42900,202103,10,0,2021-03-10
951940,42940,202103,28,0,2021-03-28
951956,42946,202103,27,0,2021-03-27
951956,42947,202103,27,0,2021-03-27
951956,42948,202103,27,0,2021-03-27
951956,42949,202103,27,0,2021-03-27
951956,42950,202103,27,0,2021-03-27
952206,42951,202104,20,0,2021-04-20
951891,43165,202103,27,0,2021-03-27
951836,42929,202102,15,0,2021-02-15
951836,42930,202102,15,0,2021-02-15
954745,42999,202102,7,0,2021-02-07
954747,43004,202102,7,0,2021-02-07
954748,43002,202101,24,0,2021-01-24
954749,43003,202102,28,0,2021-02-28
954750,43005,202103,2,0,2021-03-02
954751,43006,202103,3,0,2021-03-03
954752,43007,202103,3,0,2021-03-03
954753,43012,202103,28,0,2021-03-28
954755,43010,202103,31,0,2021-03-31
954756,43011,202103,28,0,2021-03-28
957428,43156,202102,3,0,2021-02-03
937996,42506,202101,31,0,2021-01-31
943810,42928,202102,15,0,2021-02-15
945983,43153,202102,22,0,2021-02-22
945986,43110,202102,15,0,2021-02-15
945986,43112,202102,15,0,2021-02-15
945986,43125,202102,17,0,2021-02-17
945986,43123,202102,17,0,2021-02-17
945984,42740,202102,16,0,2021-02-16
937844,42489,202102,15,0,2021-02-15
938856,42839,202102,15,0,2021-02-15
939586,43236,202102,17,0,2021-02-17
944502,43330,202102,6,0,2021-02-06
944502,43331,202102,15,0,2021-02-15
945339,42728,202102,6,0,2021-02-06
988478,44790,202112,11,0,2021-12-11
989353,44787,202112,11,0,2021-12-11
963050,43763,202105,6,0,2021-05-06
963053,43764,202105,13,0,2021-05-13
989666,45642,202112,15,0,2021-12-15
990219,44804,202112,25,0,2021-12-25
990512,44816,202112,18,0,2021-12-18
992210,45816,202112,15,0,2021-12-15
993131,45212,202112,27,0,2021-12-27
993132,45211,202112,26,0,2021-12-26
993144,45210,202112,27,0,2021-12-27
993812,45227,202112,15,0,2021-12-15
994281,45865,202112,15,0,2021-12-15
995013,45419,202112,15,0,2021-12-15
996337,45582,202112,20,0,2021-12-20
996845,45655,202112,11,0,2021-12-11
994196,45812,202112,10,0,2021-12-10
995999,49736,202112,10,0,2021-12-10
996014,45780,202112,10,0,2021-12-10
994196,45814,202112,10,0,2021-12-10
995999,49748,202112,10,0,2021-12-10
994038,45731,202112,10,0,2021-12-10
976772,44264,202108,30,0,2021-08-30
977355,44276,202109,4,0,2021-09-04
994196,45809,202112,10,0,2021-12-10
994196,45810,202112,10,0,2021-12-10
994196,45811,202112,10,0,2021-12-10
994196,45801,202112,10,0,2021-12-10
994196,45802,202112,10,0,2021-12-10
994196,45803,202112,10,0,2021-12-10
994199,45756,202112,10,0,2021-12-10
994199,45755,202112,10,0,2021-12-10
994954,45757,202112,12,0,2021-12-12
995882,45759,202112,10,0,2021-12-10
995882,45760,202112,10,0,2021-12-10
995882,45758,202112,10,0,2021-12-10
995882,45761,202112,10,0,2021-12-10
995999,49743,202112,10,0,2021-12-10
995999,49742,202112,10,0,2021-12-10
995999,49735,202112,10,0,2021-12-10
995999,49737,202112,10,0,2021-12-10
995999,49738,202112,10,0,2021-12-10
995999,49739,202112,10,0,2021-12-10
995999,49740,202112,10,0,2021-12-10
995999,49741,202112,10,0,2021-12-10
995999,49744,202112,12,0,2021-12-12
995999,49745,202112,10,0,2021-12-10
995999,49746,202112,10,0,2021-12-10
995999,49747,202112,10,0,2021-12-10
995999,49749,202112,30,0,2021-12-30
996014,45778,202112,10,0,2021-12-10
996014,45779,202112,10,0,2021-12-10
996014,45781,202112,10,0,2021-12-10
996014,45782,202112,10,0,2021-12-10
996014,45783,202112,10,0,2021-12-10
996014,45784,202112,10,0,2021-12-10
962841,43215,202107,7,0,2021-07-07
962841,43216,202107,7,0,2021-07-07
962841,43217,202107,7,0,2021-07-07
962841,43218,202107,7,0,2021-07-07
964040,43235,202107,24,0,2021-07-24
964357,43240,202107,30,0,2021-07-30
965659,43267,202107,19,0,2021-07-19
965726,43320,202107,7,0,2021-07-07
966938,43315,202107,16,0,2021-07-16
968181,43340,202107,17,0,2021-07-17
970692,44206,202107,28,0,2021-07-28
971685,44266,202107,20,0,2021-07-20
971685,44267,202107,20,0,2021-07-20
971685,44268,202107,20,0,2021-07-20
971685,44269,202107,20,0,2021-07-20
974349,44196,202107,25,0,2021-07-25
974349,44197,202107,25,0,2021-07-25
974349,44198,202107,25,0,2021-07-25
974349,44199,202107,25,0,2021-07-25
974349,44200,202107,25,0,2021-07-25
974349,44201,202107,25,0,2021-07-25
974349,44202,202107,25,0,2021-07-25
974349,44203,202107,25,0,2021-07-25
974534,44174,202107,21,0,2021-07-21
974779,44170,202107,24,0,2021-07-24
974808,44211,202107,8,0,2021-07-08
975107,44179,202107,4,0,2021-07-04
975118,44205,202107,16,0,2021-07-16
975361,44207,202107,17,0,2021-07-17
975739,44248,202107,30,0,2021-07-30
976304,44236,202107,9,0,2021-07-09
976304,44237,202107,9,0,2021-07-09
976304,44238,202107,9,0,2021-07-09
976304,44239,202107,9,0,2021-07-09
997138,45673,202112,27,0,2021-12-27
997205,45903,202112,25,0,2021-12-25
997207,45727,202112,11,0,2021-12-11
997207,45728,202112,11,0,2021-12-11
997207,45729,202112,11,0,2021-12-11
997207,45713,202112,11,0,2021-12-11
997207,45714,202112,11,0,2021-12-11
997207,45715,202112,11,0,2021-12-11
997207,45716,202112,11,0,2021-12-11
997207,45717,202112,11,0,2021-12-11
997207,45718,202112,11,0,2021-12-11
997207,45719,202112,11,0,2021-12-11
997207,45720,202112,11,0,2021-12-11
997207,45721,202112,11,0,2021-12-11
997207,45722,202112,11,0,2021-12-11
997207,45723,202112,11,0,2021-12-11
997207,45724,202112,11,0,2021-12-11
997207,45725,202112,11,0,2021-12-11
997207,45726,202112,11,0,2021-12-11
997247,45691,202112,11,0,2021-12-11
997495,45694,202112,15,0,2021-12-15
997532,45695,202112,28,0,2021-12-28
997644,45835,202112,17,0,2021-12-17
998055,45789,202112,2,0,2021-12-02
998613,45790,202112,11,0,2021-12-11
998616,45791,202112,21,0,2021-12-21
999210,45831,202112,11,0,2021-12-11
999690,45850,202112,17,0,2021-12-17
999690,45851,202112,17,0,2021-12-17
999822,45849,202112,25,0,2021-12-25
1000242,45871,202112,28,0,2021-12-28
1001314,45905,202112,14,0,2021-12-14
976304,44240,202107,9,0,2021-07-09
932613,42358,202101,3,0,2021-01-03
932613,42359,202101,3,0,2021-01-03
932613,42360,202101,3,0,2021-01-03
932614,42361,202101,10,0,2021-01-10
932615,42362,202101,10,0,2021-01-10
932626,42364,202101,18,0,2021-01-18
946829,42848,202101,8,0,2021-01-08
976304,44241,202107,9,0,2021-07-09
976304,44242,202107,9,0,2021-07-09
976304,44243,202107,9,0,2021-07-09
976304,44244,202107,9,0,2021-07-09
956174,43033,202104,11,0,2021-04-11
960613,44140,202107,16,0,2021-07-16
967830,44329,202107,29,0,2021-07-29
996014,45785,202112,10,0,2021-12-10
996014,45786,202112,10,0,2021-12-10
996014,45787,202112,10,0,2021-12-10
996014,45777,202112,10,0,2021-12-10
982337,46411,202108,18,0,2021-08-18
951050,42898,202103,28,0,2021-03-28
954336,42962,202104,24,0,2021-04-24
954408,42963,202106,10,0,2021-06-10
957582,43177,202105,4,0,2021-05-04
960532,44850,202105,17,0,2021-05-17
960542,44851,202105,17,0,2021-05-17
965283,43259,202106,9,0,2021-06-09
965289,43260,202106,6,0,2021-06-06
971731,44109,202108,24,0,2021-08-24
976232,44245,202107,22,0,2021-07-22
976546,44247,202107,29,0,2021-07-29
976591,44501,202107,6,0,2021-07-06
976592,44811,202107,6,0,2021-07-06
976592,44812,202107,6,0,2021-07-06
976592,44813,202107,6,0,2021-07-06
976593,44254,202107,10,0,2021-07-10
976594,44771,202107,10,0,2021-07-10
976595,44772,202107,21,0,2021-07-21
976595,44773,202107,21,0,2021-07-21
982265,46397,202108,17,0,2021-08-17
982265,46398,202108,17,0,2021-08-17
982265,46394,202108,17,0,2021-08-17
982265,46395,202108,17,0,2021-08-17
982265,46396,202108,17,0,2021-08-17
982536,44442,202108,21,0,2021-08-21
982536,44443,202108,21,0,2021-08-21
982536,44445,202108,21,0,2021-08-21
982536,44446,202108,21,0,2021-08-21
982536,44447,202108,21,0,2021-08-21
982536,44449,202108,21,0,2021-08-21
982536,44450,202108,21,0,2021-08-21
982536,44452,202108,21,0,2021-08-21
982536,44453,202108,21,0,2021-08-21
982536,44454,202108,21,0,2021-08-21
982536,44455,202108,21,0,2021-08-21
982536,44456,202108,21,0,2021-08-21
982536,44448,202108,21,0,2021-08-21
982536,44440,202108,21,0,2021-08-21
982536,44441,202108,21,0,2021-08-21
982536,44439,202108,21,0,2021-08-21
982536,44444,202108,21,0,2021-08-21
982536,44451,202108,21,0,2021-08-21
982536,44457,202108,21,0,2021-08-21
982537,44459,202108,21,0,2021-08-21
1027405,46399,202108,17,0,2021-08-17
983830,45197,202108,14,0,2021-08-14
983830,45196,202108,14,0,2021-08-14
983877,44517,202108,31,0,2021-08-31
983877,44518,202108,31,0,2021-08-31
983936,44546,202108,18,0,2021-08-18
1067086,48148,202107,21,0,2021-07-21
1067087,48093,202107,22,0,2021-07-22
1067088,48091,202107,23,0,2021-07-23
1067088,48092,202107,23,0,2021-07-23
1067089,48094,202107,22,0,2021-07-22
1067090,48095,202107,23,0,2021-07-23
1067092,48096,202107,27,0,2021-07-27
1067092,48097,202107,27,0,2021-07-27
1067093,48098,202107,28,0,2021-07-28
1067093,48099,202107,28,0,2021-07-28
1067094,48100,202107,29,0,2021-07-29
1067096,48102,202107,30,0,2021-07-30
1067137,48145,202107,30,0,2021-07-30
1067146,48149,202107,21,0,2021-07-21
1067086,48147,202107,21,0,2021-07-21
994196,45804,202112,10,0,2021-12-10
1066909,47957,202107,3,0,2021-07-03
1066915,47972,202107,8,0,2021-07-08
1066920,48127,202107,10,0,2021-07-10
1066920,48139,202107,13,0,2021-07-13
1066924,48031,202107,10,0,2021-07-10
1067078,48068,202107,19,0,2021-07-19
1067081,48088,202107,22,0,2021-07-22
1066909,47958,202107,3,0,2021-07-03
1066920,48137,202107,13,0,2021-07-13
1067079,48078,202107,20,0,2021-07-20
994196,45805,202112,10,0,2021-12-10
994196,45806,202112,10,0,2021-12-10
994196,45807,202112,10,0,2021-12-10
994196,45813,202112,10,0,2021-12-10
994196,45792,202112,10,0,2021-12-10
994196,45793,202112,10,0,2021-12-10
994196,45794,202112,10,0,2021-12-10
994196,45795,202112,10,0,2021-12-10
994196,45796,202112,10,0,2021-12-10
994196,45797,202112,10,0,2021-12-10
994196,45798,202112,10,0,2021-12-10
994196,45799,202112,10,0,2021-12-10
994196,45800,202112,15,0,2021-12-15
994196,45808,202112,10,0,2021-12-10
978387,44282,202107,14,0,2021-07-14
978959,44417,202108,29,0,2021-08-29
978961,44418,202109,13,0,2021-09-13
978961,44419,202109,13,0,2021-09-13
978964,44394,202109,1,0,2021-09-01
978964,44395,202109,2,0,2021-09-02
978964,44396,202109,2,0,2021-09-02
978964,44397,202109,2,0,2021-09-02
978965,44393,202108,29,0,2021-08-29
978980,44398,202109,8,0,2021-09-08
978980,44399,202109,8,0,2021-09-08
978980,44400,202109,8,0,2021-09-08
978980,44401,202109,8,0,2021-09-08
978980,44402,202109,8,0,2021-09-08
978980,44403,202109,8,0,2021-09-08
978980,44404,202109,8,0,2021-09-08
978980,44405,202109,8,0,2021-09-08
978980,44406,202109,8,0,2021-09-08
978980,44407,202109,8,0,2021-09-08
978980,44408,202109,8,0,2021-09-08
978980,44409,202109,5,0,2021-09-05
978984,44307,202108,29,0,2021-08-29
979004,44410,202108,29,0,2021-08-29
979217,44411,202109,3,0,2021-09-03
979222,44412,202108,30,0,2021-08-30
979222,44413,202109,6,0,2021-09-06
979222,44414,202109,6,0,2021-09-06
979222,44415,202109,8,0,2021-09-08
979228,44420,202109,4,0,2021-09-04
979228,44421,202109,4,0,2021-09-04
979236,44416,202109,1,0,2021-09-01
979437,44848,202107,25,0,2021-07-25
979440,44852,202107,24,0,2021-07-24
980442,44335,202107,31,0,2021-07-31
983884,44513,202108,4,0,2021-08-04
983885,44814,202108,4,0,2021-08-04
983890,44512,202108,6,0,2021-08-06
983922,44519,202108,26,0,2021-08-26
983923,44520,202108,29,0,2021-08-29
984176,44632,202109,2,0,2021-09-02
991869,44849,202107,25,0,2021-07-25
993091,45206,202108,25,0,2021-08-25
983936,44547,202108,18,0,2021-08-18
1071560,48393,202108,1,0,2021-08-01
1071560,48394,202108,1,0,2021-08-01
1071561,48376,202108,2,0,2021-08-02
1071561,48377,202108,2,0,2021-08-02
1071561,48378,202108,2,0,2021-08-02
1071561,48379,202108,2,0,2021-08-02
1071562,48380,202108,3,0,2021-08-03
1071562,48381,202108,3,0,2021-08-03
1071562,48382,202108,4,0,2021-08-04
1071562,48383,202108,4,0,2021-08-04
1071562,48384,202108,4,0,2021-08-04
1071562,48385,202108,4,0,2021-08-04
1071562,48387,202108,4,0,2021-08-04
1071563,48388,202108,3,0,2021-08-03
1071563,48389,202108,3,0,2021-08-03
1071563,48390,202108,4,0,2021-08-04
1071563,48391,202108,4,0,2021-08-04
1071563,48392,202108,4,0,2021-08-04
1071564,48395,202108,5,0,2021-08-05
1071565,48396,202108,5,0,2021-08-05
1071566,48397,202108,6,0,2021-08-06
1071567,48398,202108,6,0,2021-08-06
1071568,48399,202108,6,0,2021-08-06
1071569,48401,202108,7,0,2021-08-07
1071569,48402,202108,7,0,2021-08-07
1071569,48403,202108,7,0,2021-08-07
1071570,48404,202108,7,0,2021-08-07
1071572,48406,202108,8,0,2021-08-08
1071572,48407,202108,8,0,2021-08-08
1071572,48408,202108,8,0,2021-08-08
1071572,48409,202108,8,0,2021-08-08
1071572,48410,202108,8,0,2021-08-08
1071573,48412,202108,8,0,2021-08-08
1071574,48413,202108,8,0,2021-08-08
1071574,48414,202108,8,0,2021-08-08
1071574,48415,202108,9,0,2021-08-09
1071574,48416,202108,9,0,2021-08-09
1071574,48417,202108,9,0,2021-08-09
1071907,48418,202108,25,0,2021-08-25
1071907,48419,202108,26,0,2021-08-26
1071907,48420,202108,26,0,2021-08-26
1071907,48421,202108,26,0,2021-08-26
1071907,48422,202108,27,0,2021-08-27
1071907,48423,202108,27,0,2021-08-27
1071907,48424,202108,27,0,2021-08-27
1071908,48425,202108,26,0,2021-08-26
1071908,48426,202108,26,0,2021-08-26
1071923,48427,202108,28,0,2021-08-28
1071923,48428,202108,28,0,2021-08-28
1071923,48429,202108,28,0,2021-08-28
1071923,48430,202108,28,0,2021-08-28
1071956,48431,202108,29,0,2021-08-29
1071956,48432,202108,29,0,2021-08-29
1071956,48433,202108,29,0,2021-08-29
1071957,48434,202108,29,0,2021-08-29
1071957,48435,202108,29,0,2021-08-29
1071958,48436,202108,30,0,2021-08-30
1071958,48437,202108,31,0,2021-08-31
1071958,48438,202108,31,0,2021-08-31
1071958,48439,202108,31,0,2021-08-31
1071961,48440,202108,31,0,2021-08-31
1071964,48441,202108,30,0,2021-08-30
1071965,48442,202108,30,0,2021-08-30
1068472,48172,202106,10,0,2021-06-10
1071562,48386,202108,4,0,2021-08-04
1071568,48400,202108,6,0,2021-08-06
1071572,48411,202108,9,0,2021-08-09
1071571,48405,202108,7,0,2021-08-07
992535,45870,202112,24,0,2021-12-24
992562,47046,202112,30,0,2021-12-30
992562,47047,202112,30,0,2021-12-30
941524,42627,202102,10,0,2021-02-10
941525,42632,202102,11,0,2021-02-11
941525,42633,202102,11,0,2021-02-11
941525,42634,202102,12,0,2021-02-12
941532,42729,202102,11,0,2021-02-11
941532,42730,202102,11,0,2021-02-11
941532,42731,202102,11,0,2021-02-11
941532,42732,202102,11,0,2021-02-11
941532,42733,202102,11,0,2021-02-11
941532,42734,202102,11,0,2021-02-11
942350,42707,202102,16,0,2021-02-16
942353,42703,202102,16,0,2021-02-16
942414,42706,202102,16,0,2021-02-16
942419,42670,202103,5,0,2021-03-05
942629,49530,202102,16,0,2021-02-16
942629,49531,202102,16,0,2021-02-16
942629,49529,202102,15,0,2021-02-15
942630,42688,202102,16,0,2021-02-16
942630,42689,202102,16,0,2021-02-16
942630,42690,202102,16,0,2021-02-16
942630,42691,202102,16,0,2021-02-16
942630,42692,202102,17,0,2021-02-17
942630,42693,202102,17,0,2021-02-17
942630,42694,202102,19,0,2021-02-19
942630,42695,202102,20,0,2021-02-20
942630,42686,202102,19,0,2021-02-19
942633,42705,202102,16,0,2021-02-16
942635,42699,202102,16,0,2021-02-16
942635,42700,202102,16,0,2021-02-16
942638,42673,202102,14,0,2021-02-14
942638,42674,202102,14,0,2021-02-14
942652,42701,202102,16,0,2021-02-16
942652,42702,202102,16,0,2021-02-16
942655,42698,202102,16,0,2021-02-16
942656,42708,202102,16,0,2021-02-16
942657,42709,202102,16,0,2021-02-16
942665,42710,202102,16,0,2021-02-16
942693,42587,202102,11,0,2021-02-11
942740,42601,202102,9,0,2021-02-09
943495,42626,202102,11,0,2021-02-11
944867,42697,202102,16,0,2021-02-16
944869,42696,202102,13,0,2021-02-13
997127,45856,202112,10,0,2021-12-10
997128,45858,202112,10,0,2021-12-10
997130,46305,202112,10,0,2021-12-10
997130,46306,202112,10,0,2021-12-10
997130,46307,202112,10,0,2021-12-10
997133,45876,202112,10,0,2021-12-10
997133,45877,202112,10,0,2021-12-10
997133,45878,202112,10,0,2021-12-10
997135,45879,202112,10,0,2021-12-10
999788,45848,202112,11,0,2021-12-11
1066907,47945,202107,1,0,2021-07-01
1066907,47946,202107,1,0,2021-07-01
1066908,47953,202107,2,0,2021-07-02
1066908,47954,202107,2,0,2021-07-02
1066908,47955,202107,2,0,2021-07-02
942630,42687,202102,19,0,2021-02-19
1066909,47956,202107,3,0,2021-07-03
1066909,47959,202107,3,0,2021-07-03
1066910,47960,202107,4,0,2021-07-04
1066910,47961,202107,4,0,2021-07-04
1066911,47965,202107,5,0,2021-07-05
1066911,47966,202107,5,0,2021-07-05
1066911,47967,202107,5,0,2021-07-05
1066913,47975,202107,6,0,2021-07-06
1066913,47976,202107,6,0,2021-07-06
1066914,47970,202107,7,0,2021-07-07
1066914,47971,202107,7,0,2021-07-07
1066915,47973,202107,8,0,2021-07-08
1066915,47974,202107,8,0,2021-07-08
1066916,47977,202107,6,0,2021-07-06
1066917,47978,202107,7,0,2021-07-07
1066918,47981,202107,8,0,2021-07-08
1066918,47982,202107,8,0,2021-07-08
1066919,47983,202107,8,0,2021-07-08
1066920,48123,202107,9,0,2021-07-09
1066920,48124,202107,9,0,2021-07-09
1066920,48125,202107,9,0,2021-07-09
1066920,48126,202107,10,0,2021-07-10
1066920,48128,202107,11,0,2021-07-11
1066920,48129,202107,12,0,2021-07-12
1066920,48130,202107,12,0,2021-07-12
1066920,48131,202107,12,0,2021-07-12
1066920,48132,202107,12,0,2021-07-12
1066920,48133,202107,13,0,2021-07-13
1066920,48134,202107,13,0,2021-07-13
1066920,48135,202107,13,0,2021-07-13
1066920,48136,202107,13,0,2021-07-13
1066920,48138,202107,13,0,2021-07-13
1066920,48140,202107,14,0,2021-07-14
1066920,48141,202107,14,0,2021-07-14
1066920,48142,202107,12,0,2021-07-12
1066921,48143,202107,9,0,2021-07-09
1066921,48144,202107,12,0,2021-07-12
1066922,48025,202107,10,0,2021-07-10
1066923,48026,202107,9,0,2021-07-09
1066923,48027,202107,9,0,2021-07-09
1066923,48028,202107,10,0,2021-07-10
1066923,48029,202107,10,0,2021-07-10
1066924,48030,202107,10,0,2021-07-10
1066924,48032,202107,11,0,2021-07-11
1066925,48033,202107,9,0,2021-07-09
1066925,48034,202107,11,0,2021-07-11
1066925,48035,202107,12,0,2021-07-12
1066925,48036,202107,12,0,2021-07-12
1066925,48037,202107,12,0,2021-07-12
1066925,48038,202107,13,0,2021-07-13
1066926,48039,202107,12,0,2021-07-12
1067077,48046,202107,18,0,2021-07-18
1067077,48047,202107,18,0,2021-07-18
1067078,48069,202107,19,0,2021-07-19
1067078,48070,202107,19,0,2021-07-19
1067078,48071,202107,19,0,2021-07-19
1067079,48074,202107,20,0,2021-07-20
1067079,48075,202107,20,0,2021-07-20
1067079,48076,202107,20,0,2021-07-20
1067079,48077,202107,20,0,2021-07-20
1067080,48081,202107,21,0,2021-07-21
1067080,48082,202107,21,0,2021-07-21
1067081,48087,202107,22,0,2021-07-22
1067081,48089,202107,22,0,2021-07-22
1067082,48067,202107,20,0,2021-07-20
1067084,48072,202107,19,0,2021-07-19
1067084,48073,202107,19,0,2021-07-19
1067085,48079,202107,20,0,2021-07-20
1067085,48080,202107,20,0,2021-07-20
1067086,48146,202107,21,0,2021-07-21
994020,45869,202112,15,0,2021-12-15
998963,48690,202112,15,0,2021-12-15
999018,45823,202112,28,0,2021-12-28
1077498,48574,202109,4,0,2021-09-04
1077498,48575,202109,4,0,2021-09-04
1077499,48581,202109,5,0,2021-09-05
1077499,48582,202109,5,0,2021-09-05
1077500,48578,202109,6,0,2021-09-06
1077500,48579,202109,6,0,2021-09-06
1077501,48580,202109,7,0,2021-09-07
1077502,48583,202109,5,0,2021-09-05
1077502,48584,202109,5,0,2021-09-05
1077503,48585,202109,5,0,2021-09-05
1077504,48588,202109,5,0,2021-09-05
1077505,48587,202109,5,0,2021-09-05
1077507,48589,202109,6,0,2021-09-06
1077509,48590,202109,7,0,2021-09-07
1077510,48591,202109,8,0,2021-09-08
1077521,48592,202109,9,0,2021-09-09
1077523,48594,202109,10,0,2021-09-10
1077524,48595,202109,10,0,2021-09-10
1077525,48596,202109,10,0,2021-09-10
1077616,48597,202109,11,0,2021-09-11
1077617,48598,202109,11,0,2021-09-11
1077618,48599,202109,11,0,2021-09-11
1077620,48600,202109,12,0,2021-09-12
1077620,48601,202109,14,0,2021-09-14
1077620,48602,202109,14,0,2021-09-14
1077620,48603,202109,14,0,2021-09-14
1077622,48604,202109,12,0,2021-09-12
1077624,48605,202109,13,0,2021-09-13
1077679,48606,202109,12,0,2021-09-12
1060980,47693,202106,1,0,2021-06-01
1060981,47694,202106,5,0,2021-06-05
1060982,47695,202106,6,0,2021-06-06
1060982,47696,202106,6,0,2021-06-06
1060982,47697,202106,6,0,2021-06-06
1060983,47873,202106,7,0,2021-06-07
1060984,47769,202106,12,0,2021-06-12
1060984,47770,202106,16,0,2021-06-16
1060984,47772,202106,16,0,2021-06-16
1060984,47773,202106,16,0,2021-06-16
1060984,47774,202106,17,0,2021-06-17
1060984,47775,202106,17,0,2021-06-17
1060984,47776,202106,17,0,2021-06-17
1060984,47777,202106,17,0,2021-06-17
1060984,47778,202106,18,0,2021-06-18
1060984,47779,202106,18,0,2021-06-18
1060984,47780,202106,18,0,2021-06-18
1060984,47781,202106,18,0,2021-06-18
1060984,47782,202106,18,0,2021-06-18
1060984,47784,202106,19,0,2021-06-19
1060984,47785,202106,19,0,2021-06-19
1060984,47786,202106,19,0,2021-06-19
1060984,47787,202106,19,0,2021-06-19
1060984,47788,202106,19,0,2021-06-19
1060984,47790,202106,19,0,2021-06-19
1060984,47791,202106,19,0,2021-06-19
1060984,47792,202106,19,0,2021-06-19
1060984,47793,202106,20,0,2021-06-20
1060984,47794,202106,20,0,2021-06-20
1060984,47796,202106,20,0,2021-06-20
1060984,47797,202106,20,0,2021-06-20
1060984,47798,202106,20,0,2021-06-20
1060984,47799,202106,21,0,2021-06-21
1060984,47800,202106,21,0,2021-06-21
1060984,47801,202106,21,0,2021-06-21
1060984,47802,202106,21,0,2021-06-21
1060984,47803,202106,22,0,2021-06-22
1060985,47808,202106,17,0,2021-06-17
1060985,47809,202106,18,0,2021-06-18
1060985,47811,202106,19,0,2021-06-19
1060986,47816,202106,16,0,2021-06-16
1060986,47817,202106,17,0,2021-06-17
1060986,47818,202106,17,0,2021-06-17
1060986,47819,202106,22,0,2021-06-22
1060987,47831,202106,14,0,2021-06-14
1060987,47832,202106,17,0,2021-06-17
1060987,47833,202106,18,0,2021-06-18
1060987,47834,202106,19,0,2021-06-19
1060987,47835,202106,19,0,2021-06-19
1060988,47830,202106,18,0,2021-06-18
1060989,47846,202106,16,0,2021-06-16
1060989,47847,202106,18,0,2021-06-18
1060989,47848,202106,18,0,2021-06-18
1060989,47849,202106,20,0,2021-06-20
1060989,47851,202106,21,0,2021-06-21
1060989,47852,202106,22,0,2021-06-22
1060989,47853,202106,22,0,2021-06-22
1060990,47854,202106,17,0,2021-06-17
1060990,47855,202106,18,0,2021-06-18
1061109,47856,202106,25,0,2021-06-25
1061110,47858,202106,26,0,2021-06-26
1061112,47859,202106,27,0,2021-06-27
980123,44331,202110,14,0,2021-10-14
980123,44332,202110,14,0,2021-10-14
983977,44525,202110,11,0,2021-10-11
984040,44526,202110,28,0,2021-10-28
985589,44674,202110,26,0,2021-10-26
985589,44673,202110,26,0,2021-10-26
986666,44614,202110,9,0,2021-10-09
986668,44613,202110,12,0,2021-10-12
987044,44636,202110,26,0,2021-10-26
988266,44785,202110,30,0,2021-10-30
989399,44788,202110,6,0,2021-10-06
989400,44789,202110,6,0,2021-10-06
989895,44799,202110,24,0,2021-10-24
989895,44800,202110,24,0,2021-10-24
989914,44795,202110,27,0,2021-10-27
990000,44796,202110,6,0,2021-10-06
990000,44797,202110,6,0,2021-10-06
990176,45205,202110,6,0,2021-10-06
991412,44840,202110,28,0,2021-10-28
1061113,47860,202106,27,0,2021-06-27
1061115,47861,202106,28,0,2021-06-28
1061116,47862,202106,29,0,2021-06-29
1061117,47863,202106,29,0,2021-06-29
1061117,47864,202106,29,0,2021-06-29
1061117,47865,202106,29,0,2021-06-29
1061118,47866,202106,29,0,2021-06-29
1061119,47867,202106,30,0,2021-06-30
1061119,47868,202106,30,0,2021-06-30
1061120,47870,202106,30,0,2021-06-30
1061120,47871,202106,30,0,2021-06-30
1061120,47872,202106,30,0,2021-06-30
1060984,47771,202106,16,0,2021-06-16
1060984,47783,202106,19,0,2021-06-19
1060984,47795,202106,20,0,2021-06-20
1060985,47810,202106,19,0,2021-06-19
1060989,47845,202106,16,0,2021-06-16
1061109,47857,202106,25,0,2021-06-25
1061120,47869,202106,30,0,2021-06-30
1060984,47789,202106,19,0,2021-06-19
1060989,47850,202106,20,0,2021-06-20
996712,45653,202112,10,0,2021-12-10
996712,45649,202112,10,0,2021-12-10
996712,45650,202112,10,0,2021-12-10
996712,45651,202112,10,0,2021-12-10
996712,45652,202112,10,0,2021-12-10
996712,45654,202112,10,0,2021-12-10
996971,51066,202112,10,0,2021-12-10
945776,42736,202102,21,0,2021-02-21
978034,44474,202108,12,0,2021-08-12
1057124,47068,202105,5,0,2021-05-05
1057125,47069,202105,8,0,2021-05-08
1057126,47070,202105,12,0,2021-05-12
1057127,47071,202105,13,0,2021-05-13
1057127,47072,202105,13,0,2021-05-13
1057128,47075,202105,14,0,2021-05-14
1057129,47074,202105,16,0,2021-05-16
619440,30075,201602,24,0,2016-02-24
626789,30181,201603,9,0,2016-03-09
626791,30182,201603,9,0,2016-03-09
626794,30183,201603,8,0,2016-03-08
627093,30551,201605,29,0,2016-05-29
627093,30552,201606,12,0,2016-06-12
628559,30257,201605,24,0,2016-05-24
633058,30371,201605,9,0,2016-05-09
633089,30373,201605,9,0,2016-05-09
644220,30707,201605,28,0,2016-05-28
608183,30036,201601,17,0,2016-01-17
608721,29640,201601,19,0,2016-01-19
608730,29638,201601,24,0,2016-01-24
608730,29639,201601,24,0,2016-01-24
608906,29669,201601,24,0,2016-01-24
608907,30033,201601,1,0,2016-01-01
608934,29714,201602,4,0,2016-02-04
609333,29749,201601,24,0,2016-01-24
609334,29746,201601,24,0,2016-01-24
609340,29747,201601,24,0,2016-01-24
609340,29748,201601,24,0,2016-01-24
609389,29701,201601,17,0,2016-01-17
609389,29702,201601,17,0,2016-01-17
610536,29764,201601,23,0,2016-01-23
610536,29763,201601,26,0,2016-01-26
610537,29766,201601,23,0,2016-01-23
610537,29765,201601,26,0,2016-01-26
610538,29768,201601,23,0,2016-01-23
610538,29767,201601,26,0,2016-01-26
610540,29772,201601,23,0,2016-01-23
614284,31536,201602,25,0,2016-02-25
642919,31537,201607,16,0,2016-07-16
642919,31538,201607,16,0,2016-07-16
646454,31568,201606,2,0,2016-06-02
646433,31569,201606,3,0,2016-06-03
610540,29771,201601,26,0,2016-01-26
611127,29782,201601,30,0,2016-01-30
611146,29783,201601,19,0,2016-01-19
611146,29784,201601,19,0,2016-01-19
611146,29785,201601,19,0,2016-01-19
611231,29964,201601,20,0,2016-01-20
611879,29825,201601,26,0,2016-01-26
611941,29828,201601,15,0,2016-01-15
612214,29842,201601,14,0,2016-01-14
613720,29918,201601,23,0,2016-01-23
613990,29927,201601,1,0,2016-01-01
614361,29959,201601,11,0,2016-01-11
614452,29956,201601,8,0,2016-01-08
614453,29957,201601,17,0,2016-01-17
614456,30024,201601,4,0,2016-01-04
614502,30032,201601,14,0,2016-01-14
614678,29967,201601,20,0,2016-01-20
615221,30000,201601,20,0,2016-01-20
615222,29998,201601,20,0,2016-01-20
615223,29997,201601,20,0,2016-01-20
615345,30015,201601,31,0,2016-01-31
615772,29982,201601,14,0,2016-01-14
616052,29990,201601,14,0,2016-01-14
616169,29994,201601,2,0,2016-01-02
616171,29995,201601,16,0,2016-01-16
616387,30001,201601,11,0,2016-01-11
616498,30019,201601,23,0,2016-01-23
616502,30010,201601,18,0,2016-01-18
616502,30011,201601,18,0,2016-01-18
616503,30004,201601,11,0,2016-01-11
616508,30008,201601,11,0,2016-01-11
616508,30009,201601,11,0,2016-01-11
616510,30021,201601,22,0,2016-01-22
616602,30018,201601,22,0,2016-01-22
616658,30025,201601,21,0,2016-01-21
616663,30026,201601,31,0,2016-01-31
617356,30037,201601,24,0,2016-01-24
617358,30039,201601,23,0,2016-01-23
617358,30038,201601,24,0,2016-01-24
617367,30042,201601,23,0,2016-01-23
617367,30043,201601,23,0,2016-01-23
617533,30045,201601,3,0,2016-01-03
659699,31541,201609,29,0,2016-09-29
606471,29866,201601,13,0,2016-01-13
606471,29865,201601,8,0,2016-01-08
631037,30242,201604,30,0,2016-04-30
631382,30236,201604,30,0,2016-04-30
631382,30237,201604,30,0,2016-04-30
631382,30238,201604,30,0,2016-04-30
631382,30239,201604,30,0,2016-04-30
631382,30240,201604,30,0,2016-04-30
631383,30241,201604,30,0,2016-04-30
617774,30047,201603,18,0,2016-03-18
628675,30207,201604,3,0,2016-04-03
628675,30208,201604,3,0,2016-04-03
640004,31627,201605,27,0,2016-05-27
660164,31550,201608,1,0,2016-08-01
660354,31604,201611,16,0,2016-11-16
661416,31571,201611,20,0,2016-11-20
662490,31618,201611,8,0,2016-11-08
663851,31742,201611,29,0,2016-11-29
665627,31821,201611,12,0,2016-11-12
666056,31833,201611,9,0,2016-11-09
667508,31856,201611,28,0,2016-11-28
668559,32865,201611,20,0,2016-11-20
632311,30394,201604,30,0,2016-04-30
640527,30400,201604,29,0,2016-04-29
608577,29628,201601,18,0,2016-01-18
608577,29629,201601,18,0,2016-01-18
621853,30114,201602,24,0,2016-02-24
621853,30115,201602,24,0,2016-02-24
621853,30116,201602,24,0,2016-02-24
635831,32899,201605,26,0,2016-05-26
635831,32897,201605,26,0,2016-05-26
635831,32895,201605,26,0,2016-05-26
635831,32896,201605,26,0,2016-05-26
635831,32898,201605,26,0,2016-05-26
647936,32882,201608,10,0,2016-08-10
655179,31297,201606,25,0,2016-06-25
657837,31491,201607,18,0,2016-07-18
657887,31492,201606,24,0,2016-06-24
657892,31494,201606,16,0,2016-06-16
658544,31513,201607,9,0,2016-07-09
658544,31514,201607,9,0,2016-07-09
658544,31515,201607,9,0,2016-07-09
659778,31542,201610,9,0,2016-10-09
659815,31545,201607,13,0,2016-07-13
662370,31613,201610,8,0,2016-10-08
662370,31614,201610,8,0,2016-10-08
663405,31817,201610,8,0,2016-10-08
663405,31816,201610,8,0,2016-10-08
663407,31840,201610,9,0,2016-10-09
663564,31819,201610,9,0,2016-10-09
663637,31736,201610,9,0,2016-10-09
663955,31813,201610,8,0,2016-10-08
663955,31814,201610,8,0,2016-10-08
663986,31812,201610,9,0,2016-10-09
664076,31758,201610,2,0,2016-10-02
664078,31759,201610,19,0,2016-10-19
664345,31784,201610,8,0,2016-10-08
664348,31822,201610,8,0,2016-10-08
666044,31828,201610,11,0,2016-10-11
666045,31829,201610,13,0,2016-10-13
666046,31830,201610,13,0,2016-10-13
666047,31831,201610,13,0,2016-10-13
666248,31835,201610,13,0,2016-10-13
666320,31837,201610,11,0,2016-10-11
668678,32874,201608,10,0,2016-08-10
668678,32875,201608,10,0,2016-08-10
622483,30124,201605,1,0,2016-05-01
625797,30163,201605,7,0,2016-05-07
626403,30321,201605,24,0,2016-05-24
626754,30213,201605,30,0,2016-05-30
627799,30198,201605,4,0,2016-05-04
632310,30396,201605,1,0,2016-05-01
635797,30307,201605,22,0,2016-05-22
636975,30399,201605,30,0,2016-05-30
640312,30391,201605,14,0,2016-05-14
661853,31597,201612,3,0,2016-12-03
662402,31617,201612,10,0,2016-12-10
662723,31621,201612,15,0,2016-12-15
662870,31622,201612,18,0,2016-12-18
663039,31630,201612,12,0,2016-12-12
663178,31628,201612,17,0,2016-12-17
663178,31629,201612,18,0,2016-12-18
663723,31741,201612,25,0,2016-12-25
663943,31743,201612,17,0,2016-12-17
663947,31745,201612,17,0,2016-12-17
663951,31750,201612,16,0,2016-12-16
663978,31756,201612,16,0,2016-12-16
663979,31755,201612,16,0,2016-12-16
664505,31782,201612,24,0,2016-12-24
664565,31803,201612,30,0,2016-12-30
664592,31806,201612,30,0,2016-12-30
664919,32911,201612,19,0,2016-12-19
664996,31811,201612,19,0,2016-12-19
664997,31809,201612,19,0,2016-12-19
664997,31810,201612,19,0,2016-12-19
665126,31820,201612,3,0,2016-12-03
665755,32951,201612,25,0,2016-12-25
665899,32964,201612,13,0,2016-12-13
666330,31838,201612,12,0,2016-12-12
666333,31839,201612,18,0,2016-12-18
666923,31847,201612,4,0,2016-12-04
666931,31848,201612,17,0,2016-12-17
666934,31849,201612,18,0,2016-12-18
667697,32855,201612,26,0,2016-12-26
667697,32856,201612,29,0,2016-12-29
667889,32857,201612,19,0,2016-12-19
668139,32860,201612,11,0,2016-12-11
668222,32876,201612,11,0,2016-12-11
668714,32903,201612,26,0,2016-12-26
669638,32972,201612,17,0,2016-12-17
669638,32973,201612,17,0,2016-12-17
669638,32974,201612,17,0,2016-12-17
669728,32910,201612,10,0,2016-12-10
669815,32918,201612,17,0,2016-12-17
669815,32919,201612,17,0,2016-12-17
669826,32917,201612,17,0,2016-12-17
670095,32962,201612,17,0,2016-12-17
670231,32941,201612,25,0,2016-12-25
670387,32938,201612,16,0,2016-12-16
670462,32956,201612,18,0,2016-12-18
670462,32957,201612,18,0,2016-12-18
670664,32960,201612,18,0,2016-12-18
672343,32971,201612,18,0,2016-12-18
672692,32977,201612,31,0,2016-12-31
672692,32978,201612,31,0,2016-12-31
628224,30200,201606,7,0,2016-06-07
628352,30201,201606,7,0,2016-06-07
628353,30205,201606,7,0,2016-06-07
628353,30206,201606,7,0,2016-06-07
628758,30410,201606,10,0,2016-06-10
628790,30211,201606,5,0,2016-06-05
629380,30214,201606,7,0,2016-06-07
629806,30215,201606,12,0,2016-06-12
630396,30218,201606,18,0,2016-06-18
630397,30219,201606,19,0,2016-06-19
631862,30320,201606,21,0,2016-06-21
632207,30246,201606,18,0,2016-06-18
632506,30250,201606,6,0,2016-06-06
634044,30319,201606,23,0,2016-06-23
634338,30322,201606,27,0,2016-06-27
634756,30308,201606,15,0,2016-06-15
635541,30298,201606,11,0,2016-06-11
636863,30326,201606,12,0,2016-06-12
636900,30325,201606,12,0,2016-06-12
637349,30761,201606,23,0,2016-06-23
637349,30762,201606,23,0,2016-06-23
638522,30354,201606,24,0,2016-06-24
642168,30429,201606,2,0,2016-06-02
642168,30430,201606,5,0,2016-06-05
642304,30419,201606,10,0,2016-06-10
642819,30431,201606,4,0,2016-06-04
643020,30434,201606,9,0,2016-06-09
643021,30437,201606,3,0,2016-06-03
643021,30438,201606,4,0,2016-06-04
643021,30439,201606,6,0,2016-06-06
643021,30444,201606,12,0,2016-06-12
643021,30436,201606,3,0,2016-06-03
643021,30440,201606,8,0,2016-06-08
643021,30442,201606,8,0,2016-06-08
643021,30441,201606,8,0,2016-06-08
643021,30443,201606,9,0,2016-06-09
643021,30435,201606,3,0,2016-06-03
643026,30786,201606,22,0,2016-06-22
643026,30790,201606,21,0,2016-06-21
643026,30792,201606,22,0,2016-06-22
643026,30793,201606,22,0,2016-06-22
643026,30796,201606,26,0,2016-06-26
643026,30785,201606,20,0,2016-06-20
643026,30787,201606,24,0,2016-06-24
643026,30797,201606,26,0,2016-06-26
643026,30799,201606,28,0,2016-06-28
643026,30788,201606,25,0,2016-06-25
643026,30789,201606,21,0,2016-06-21
643026,30795,201606,25,0,2016-06-25
643026,30798,201606,26,0,2016-06-26
643026,30800,201606,28,0,2016-06-28
643026,30801,201606,29,0,2016-06-29
643026,30791,201606,21,0,2016-06-21
643026,30794,201606,24,0,2016-06-24
643101,30534,201606,22,0,2016-06-22
643101,30535,201606,22,0,2016-06-22
644625,30754,201606,18,0,2016-06-18
644661,30952,201606,13,0,2016-06-13
644664,30985,201606,19,0,2016-06-19
644664,30986,201606,19,0,2016-06-19
644955,30767,201606,18,0,2016-06-18
644977,30802,201606,30,0,2016-06-30
644977,30803,201606,30,0,2016-06-30
645016,30955,201606,19,0,2016-06-19
645945,30934,201606,2,0,2016-06-02
645945,30935,201606,2,0,2016-06-02
645945,30936,201606,2,0,2016-06-02
645945,30937,201606,2,0,2016-06-02
645945,30938,201606,2,0,2016-06-02
645945,30939,201606,2,0,2016-06-02
645945,30940,201606,2,0,2016-06-02
645945,30941,201606,2,0,2016-06-02
645945,30942,201606,2,0,2016-06-02
639324,33369,201605,26,0,2016-05-26
639329,33370,201605,27,0,2016-05-27
639334,33375,201605,29,0,2016-05-29
649849,31197,201607,22,0,2016-07-22
670866,32961,201612,17,0,2016-12-17
654247,31263,201608,5,0,2016-08-05
654248,31487,201606,24,0,2016-06-24
646560,30953,201606,16,0,2016-06-16
646562,30954,201606,14,0,2016-06-14
625127,30150,201603,6,0,2016-03-06
625127,30151,201603,6,0,2016-03-06
625127,30152,201603,6,0,2016-03-06
646936,30984,201606,18,0,2016-06-18
647189,31110,201606,19,0,2016-06-19
647189,31111,201606,19,0,2016-06-19
647189,31112,201606,19,0,2016-06-19
647189,31113,201606,19,0,2016-06-19
646102,30945,201608,26,0,2016-08-26
648972,31147,201609,2,0,2016-09-02
648972,31148,201609,2,0,2016-09-02
649272,31152,201606,15,0,2016-06-15
650006,31198,201606,17,0,2016-06-17
653889,31247,201607,19,0,2016-07-19
654484,31271,201607,26,0,2016-07-26
654515,31274,201608,4,0,2016-08-04
654515,31275,201608,4,0,2016-08-04
654517,31276,201608,5,0,2016-08-05
662401,32916,201608,17,0,2016-08-17
663221,31637,201610,15,0,2016-10-15
663221,31638,201610,15,0,2016-10-15
663221,31639,201610,15,0,2016-10-15
665859,32947,201611,30,0,2016-11-30
665859,32948,201611,30,0,2016-11-30
665859,32949,201611,30,0,2016-11-30
654249,31266,201608,2,0,2016-08-02
657571,31489,201607,20,0,2016-07-20
657762,31490,201608,25,0,2016-08-25
661830,31595,201608,26,0,2016-08-26
662323,31607,201611,30,0,2016-11-30
662323,31608,201611,30,0,2016-11-30
678358,33120,201612,10,0,2016-12-10
618485,30056,201604,5,0,2016-04-05
619063,30058,201604,7,0,2016-04-07
622678,30142,201604,6,0,2016-04-06
622707,30129,201604,19,0,2016-04-19
624280,30138,201604,2,0,2016-04-02
624280,30139,201604,2,0,2016-04-02
624287,30140,201604,16,0,2016-04-16
626144,30165,201604,3,0,2016-04-03
626149,30166,201604,11,0,2016-04-11
626153,30167,201604,10,0,2016-04-10
626153,30168,201604,10,0,2016-04-10
626153,30169,201604,10,0,2016-04-10
626374,30287,201604,15,0,2016-04-15
630266,30244,201604,19,0,2016-04-19
630502,30220,201604,9,0,2016-04-09
631166,30256,201604,10,0,2016-04-10
632694,30253,201604,27,0,2016-04-27
615054,29973,201603,10,0,2016-03-10
620870,30081,201601,24,0,2016-01-24
621171,30113,201601,23,0,2016-01-23
621174,30084,201601,23,0,2016-01-23
621179,30112,201601,23,0,2016-01-23
621181,30085,201601,23,0,2016-01-23
621181,30086,201601,23,0,2016-01-23
621211,30111,201601,8,0,2016-01-08
621219,30105,201601,24,0,2016-01-24
621221,30094,201601,23,0,2016-01-23
621221,30095,201601,23,0,2016-01-23
621221,30096,201601,23,0,2016-01-23
621222,30097,201601,23,0,2016-01-23
621222,30098,201601,23,0,2016-01-23
621222,30099,201601,23,0,2016-01-23
621223,30100,201601,23,0,2016-01-23
621223,30101,201601,23,0,2016-01-23
621223,30102,201601,23,0,2016-01-23
621224,30104,201601,23,0,2016-01-23
626892,30251,201603,13,0,2016-03-13
607368,30029,201601,11,0,2016-01-11
614360,29948,201602,25,0,2016-02-25
631281,30225,201604,1,0,2016-04-01
634470,30289,201606,13,0,2016-06-13
643943,30956,201606,16,0,2016-06-16
643943,30957,201606,17,0,2016-06-17
646371,31234,201606,24,0,2016-06-24
646584,30958,201606,17,0,2016-06-17
646585,30959,201606,18,0,2016-06-18
646589,30960,201606,20,0,2016-06-20
653322,31243,201606,14,0,2016-06-14
652269,31224,201609,18,0,2016-09-18
653262,31240,201609,9,0,2016-09-09
653262,31241,201609,9,0,2016-09-09
655260,31298,201609,9,0,2016-09-09
659081,31529,201609,12,0,2016-09-12
656410,31533,201609,25,0,2016-09-25
659935,31546,201609,12,0,2016-09-12
659961,31551,201609,3,0,2016-09-03
660464,31557,201609,6,0,2016-09-06
660148,31563,201609,8,0,2016-09-08
660534,31565,201609,22,0,2016-09-22
659112,31566,201609,22,0,2016-09-22
661277,31570,201609,8,0,2016-09-08
661640,31584,201609,25,0,2016-09-25
636005,30332,201607,14,0,2016-07-14
638303,31142,201607,19,0,2016-07-19
638954,30381,201607,25,0,2016-07-25
638992,31229,201607,14,0,2016-07-14
639267,30388,201607,12,0,2016-07-12
639807,31324,201607,25,0,2016-07-25
640420,30397,201607,14,0,2016-07-14
640866,30409,201607,19,0,2016-07-19
643687,30553,201607,23,0,2016-07-23
644323,30708,201607,3,0,2016-07-03
646637,30961,201607,6,0,2016-07-06
646637,30962,201607,6,0,2016-07-06
646637,30963,201607,9,0,2016-07-09
646637,30964,201607,9,0,2016-07-09
646638,31163,201607,15,0,2016-07-15
646638,31164,201607,12,0,2016-07-12
646638,31165,201607,13,0,2016-07-13
646638,31166,201607,13,0,2016-07-13
646638,31162,201607,13,0,2016-07-13
646640,31158,201607,20,0,2016-07-20
646640,31159,201607,21,0,2016-07-21
646640,31161,201607,20,0,2016-07-20
646640,31160,201607,18,0,2016-07-18
646641,31193,201607,27,0,2016-07-27
646641,31194,201607,29,0,2016-07-29
646642,31189,201607,28,0,2016-07-28
646642,31176,201607,29,0,2016-07-29
646642,31167,201607,24,0,2016-07-24
646642,31169,201607,27,0,2016-07-27
646642,31174,201607,29,0,2016-07-29
646642,31182,201607,23,0,2016-07-23
646642,31188,201607,27,0,2016-07-27
646642,31191,201607,31,0,2016-07-31
646642,31168,201607,24,0,2016-07-24
646642,31171,201607,28,0,2016-07-28
646642,31172,201607,29,0,2016-07-29
646642,31173,201607,29,0,2016-07-29
646642,31175,201607,29,0,2016-07-29
646642,31177,201607,30,0,2016-07-30
646642,31179,201607,31,0,2016-07-31
646642,31180,201607,31,0,2016-07-31
646642,31181,201607,23,0,2016-07-23
646642,31184,201607,24,0,2016-07-24
646642,31185,201607,25,0,2016-07-25
646642,31192,201607,31,0,2016-07-31
646642,31170,201607,27,0,2016-07-27
646642,31178,201607,30,0,2016-07-30
646642,31186,201607,25,0,2016-07-25
646642,31187,201607,26,0,2016-07-26
646642,31190,201607,29,0,2016-07-29
646642,31183,201607,24,0,2016-07-24
647124,31107,201607,14,0,2016-07-14
647177,31299,201607,7,0,2016-07-07
647312,31296,201607,23,0,2016-07-23
648390,31145,201607,24,0,2016-07-24
648655,31146,201607,10,0,2016-07-10
649860,31210,201607,1,0,2016-07-01
650535,31201,201607,5,0,2016-07-05
650989,31202,201607,14,0,2016-07-14
651255,31206,201607,18,0,2016-07-18
651256,31207,201607,19,0,2016-07-19
651257,31208,201607,10,0,2016-07-10
651264,31209,201607,24,0,2016-07-24
651633,31211,201607,30,0,2016-07-30
651633,31212,201607,30,0,2016-07-30
635264,30292,201607,8,0,2016-07-08
635264,30293,201607,8,0,2016-07-08
635269,30294,201607,8,0,2016-07-08
636333,31230,201607,8,0,2016-07-08
636333,31231,201607,8,0,2016-07-08
636333,31232,201607,7,0,2016-07-07
638497,30378,201606,24,0,2016-06-24
638497,30375,201606,24,0,2016-06-24
638497,30376,201606,24,0,2016-06-24
638497,30377,201606,24,0,2016-06-24
638506,30355,201606,23,0,2016-06-23
643304,31433,201606,23,0,2016-06-23
643304,31428,201606,23,0,2016-06-23
643304,31429,201606,23,0,2016-06-23
643304,31430,201606,23,0,2016-06-23
643304,31431,201606,23,0,2016-06-23
643304,31432,201606,23,0,2016-06-23
643304,31436,201606,23,0,2016-06-23
643304,31437,201606,23,0,2016-06-23
643304,31438,201606,23,0,2016-06-23
643304,31439,201606,23,0,2016-06-23
643304,31424,201606,23,0,2016-06-23
643304,31425,201606,23,0,2016-06-23
643304,31426,201606,23,0,2016-06-23
643304,31427,201606,23,0,2016-06-23
643304,31434,201606,23,0,2016-06-23
643304,31435,201606,23,0,2016-06-23
643762,30706,201607,6,0,2016-07-06
645495,30884,201606,23,0,2016-06-23
645495,30885,201606,23,0,2016-06-23
651827,31325,201607,16,0,2016-07-16
653020,31233,201607,15,0,2016-07-15
655994,31364,201607,28,0,2016-07-28
613530,29904,201603,1,0,2016-03-01
615038,30184,201603,13,0,2016-03-13
615062,29974,201603,16,0,2016-03-16
617096,30079,201603,8,0,2016-03-08
652062,31217,201607,5,0,2016-07-05
618362,30054,201604,4,0,2016-04-04
620150,30078,201603,9,0,2016-03-09
620339,30073,201603,3,0,2016-03-03
620757,30077,201603,9,0,2016-03-09
620797,30080,201603,12,0,2016-03-12
621930,30117,201603,30,0,2016-03-30
621930,30118,201603,30,0,2016-03-30
623935,30185,201603,26,0,2016-03-26
625080,30144,201603,24,0,2016-03-24
625080,30145,201603,24,0,2016-03-24
625080,30146,201603,24,0,2016-03-24
656658,31499,201608,24,0,2016-08-24
656675,31508,201608,14,0,2016-08-14
656856,31522,201608,13,0,2016-08-13
625565,30159,201603,1,0,2016-03-01
625574,30160,201603,9,0,2016-03-09
625577,30162,201603,9,0,2016-03-09
626163,30190,201603,30,0,2016-03-30
626232,30177,201603,26,0,2016-03-26
626661,30191,201603,31,0,2016-03-31
626681,30192,201603,19,0,2016-03-19
642277,30415,201608,5,0,2016-08-05
642444,30420,201608,10,0,2016-08-10
643385,30453,201608,7,0,2016-08-07
653173,31235,201607,21,0,2016-07-21
653174,31236,201607,22,0,2016-07-22
653270,31242,201607,19,0,2016-07-19
653918,31283,201607,18,0,2016-07-18
654005,31278,201607,27,0,2016-07-27
654026,31252,201607,28,0,2016-07-28
654192,31256,201607,31,0,2016-07-31
654379,31269,201607,30,0,2016-07-30
654635,31281,201607,20,0,2016-07-20
643846,30555,201608,13,0,2016-08-13
643847,31317,201608,12,0,2016-08-12
643847,31318,201608,12,0,2016-08-12
643847,31319,201608,13,0,2016-08-13
643847,31320,201608,14,0,2016-08-14
643847,31321,201608,18,0,2016-08-18
643847,31322,201608,18,0,2016-08-18
643848,30570,201608,9,0,2016-08-09
644682,30760,201608,19,0,2016-08-19
645493,30882,201608,18,0,2016-08-18
645493,30883,201608,18,0,2016-08-18
647324,31109,201608,10,0,2016-08-10
647441,31205,201609,2,0,2016-09-02
649000,31500,201608,14,0,2016-08-14
652603,31226,201608,11,0,2016-08-11
652603,31227,201608,14,0,2016-08-14
652604,31268,201608,20,0,2016-08-20
653253,31237,201608,11,0,2016-08-11
654062,31301,201608,16,0,2016-08-16
654363,31267,201608,25,0,2016-08-25
654793,31282,201608,25,0,2016-08-25
654842,31284,201608,1,0,2016-08-01
654842,31285,201608,1,0,2016-08-01
654842,31286,201608,2,0,2016-08-02
654842,31287,201608,2,0,2016-08-02
654842,31288,201608,2,0,2016-08-02
654843,31290,201608,7,0,2016-08-07
654843,31289,201608,7,0,2016-08-07
654843,31291,201608,8,0,2016-08-08
654843,31292,201608,8,0,2016-08-08
654844,31294,201608,19,0,2016-08-19
654844,31293,201608,17,0,2016-08-17
654845,31295,201608,27,0,2016-08-27
655322,31300,201608,5,0,2016-08-05
655492,31507,201608,12,0,2016-08-12
655862,31484,201608,14,0,2016-08-14
655862,31483,201608,17,0,2016-08-17
655954,31363,201608,5,0,2016-08-05
656004,31518,201608,12,0,2016-08-12
656004,31519,201608,12,0,2016-08-12
656315,31504,201608,12,0,2016-08-12
656570,31498,201608,13,0,2016-08-13
656623,31423,201608,19,0,2016-08-19
656655,31506,201608,12,0,2016-08-12
656655,31505,201608,12,0,2016-08-12
656869,31469,201610,20,0,2016-10-20
656910,31470,201610,3,0,2016-10-03
659260,31532,201610,11,0,2016-10-11
659397,31534,201610,7,0,2016-10-07
660858,31567,201610,15,0,2016-10-15
661928,31602,201611,17,0,2016-11-17
662031,31640,201610,8,0,2016-10-08
662592,31620,201610,16,0,2016-10-16
662961,31624,201610,29,0,2016-10-29
663094,31778,201610,8,0,2016-10-08
663368,31724,201610,8,0,2016-10-08
663369,31728,201610,9,0,2016-10-09
663369,31725,201610,9,0,2016-10-09
663369,31726,201610,9,0,2016-10-09
663369,31727,201610,9,0,2016-10-09
663378,31722,201611,29,0,2016-11-29
663378,31721,201610,12,0,2016-10-12
663378,31719,201610,9,0,2016-10-09
663378,31720,201610,9,0,2016-10-09
663379,31729,201610,8,0,2016-10-08
663380,31734,201610,9,0,2016-10-09
663380,31735,201610,9,0,2016-10-09
663526,31732,201610,9,0,2016-10-09
663526,31733,201610,9,0,2016-10-09
663538,31723,201610,9,0,2016-10-09
664042,31757,201610,9,0,2016-10-09
664079,31760,201610,20,0,2016-10-20
664079,31761,201610,20,0,2016-10-20
664114,31762,201610,9,0,2016-10-09
656856,31523,201608,13,0,2016-08-13
656856,31520,201608,13,0,2016-08-13
656856,31521,201608,13,0,2016-08-13
610900,30122,201602,4,0,2016-02-04
611167,29788,201602,2,0,2016-02-02
611168,29789,201602,5,0,2016-02-05
611703,29818,201602,13,0,2016-02-13
611703,29819,201602,13,0,2016-02-13
611703,29820,201602,13,0,2016-02-13
612511,29947,201602,21,0,2016-02-21
613449,30109,201602,23,0,2016-02-23
613449,30110,201602,23,0,2016-02-23
613659,29932,201602,19,0,2016-02-19
614190,29935,201602,1,0,2016-02-01
614190,29936,201602,1,0,2016-02-01
614266,29937,201602,14,0,2016-02-14
614269,29940,201602,24,0,2016-02-24
614449,30059,201602,4,0,2016-02-04
615978,29983,201602,1,0,2016-02-01
615978,29984,201602,1,0,2016-02-01
615982,29986,201602,18,0,2016-02-18
616172,29996,201602,27,0,2016-02-27
616788,30055,201602,23,0,2016-02-23
618350,30049,201602,13,0,2016-02-13
618350,30050,201602,13,0,2016-02-13
618535,30057,201602,24,0,2016-02-24
657939,31495,201608,29,0,2016-08-29
619687,30067,201602,5,0,2016-02-05
619687,30068,201602,5,0,2016-02-05
658361,31502,201608,3,0,2016-08-03
658361,31503,201608,3,0,2016-08-03
658547,31517,201608,21,0,2016-08-21
622181,30120,201602,22,0,2016-02-22
622203,30121,201602,23,0,2016-02-23
622670,30128,201602,24,0,2016-02-24
623305,30134,201602,8,0,2016-02-08
623339,30135,201604,27,0,2016-04-27
649245,31151,201607,12,0,2016-07-12
641438,31304,201607,21,0,2016-07-21
641438,31305,201607,21,0,2016-07-21
635674,31306,201607,11,0,2016-07-11
653540,31485,201607,14,0,2016-07-14
669430,32907,201612,16,0,2016-12-16
669430,32908,201612,16,0,2016-12-16
635450,30295,201605,17,0,2016-05-17
635450,30296,201605,17,0,2016-05-17
704162,33472,201605,28,0,2016-05-28
705814,33485,201611,19,0,2016-11-19
705814,33486,201611,19,0,2016-11-19
705817,33489,201608,15,0,2016-08-15
664266,31764,201610,8,0,2016-10-08
664272,31767,201610,8,0,2016-10-08
664273,31769,201610,8,0,2016-10-08
629833,33009,201604,18,0,2016-04-18
629833,33010,201604,18,0,2016-04-18
629833,33011,201604,18,0,2016-04-18
629833,33012,201604,18,0,2016-04-18
629833,33013,201604,18,0,2016-04-18
629833,33014,201604,17,0,2016-04-17
629835,32888,201604,18,0,2016-04-18
629836,32889,201604,18,0,2016-04-18
633234,30286,201604,27,0,2016-04-27
744944,35307,201604,21,0,2016-04-21
643377,30452,201607,22,0,2016-07-22
643399,30454,201608,15,0,2016-08-15
658343,31501,201607,22,0,2016-07-22
658899,31524,201610,31,0,2016-10-31
661497,33820,201610,7,0,2016-10-07
661497,33821,201610,7,0,2016-10-07
661497,33822,201610,7,0,2016-10-07
661497,33823,201610,7,0,2016-10-07
661648,33825,201610,10,0,2016-10-10
661648,33827,201610,10,0,2016-10-10
661648,33826,201610,10,0,2016-10-10
661648,33824,201610,7,0,2016-10-07
661648,33828,201610,14,0,2016-10-14
719426,33831,201610,7,0,2016-10-07
719428,33832,201610,7,0,2016-10-07
645987,30943,201608,13,0,2016-08-13
645987,30944,201608,24,0,2016-08-24
848403,39451,201907,24,0,2019-07-24
848346,39453,201907,13,0,2019-07-13
848407,39455,201907,17,0,2019-07-17
848556,39470,201907,30,0,2019-07-30
845845,39476,201907,4,0,2019-07-04
848847,39481,201907,31,0,2019-07-31
849193,39491,201907,20,0,2019-07-20
849401,39511,201907,19,0,2019-07-19
837611,39561,201907,20,0,2019-07-20
855994,39598,201907,5,0,2019-07-05
869769,40620,201907,20,0,2019-07-20
875154,40732,201907,10,0,2019-07-10
858720,39714,201912,1,0,2019-12-01
858866,39715,201912,5,0,2019-12-05
859399,39720,201912,7,0,2019-12-07
828322,38952,201903,21,0,2019-03-21
868417,40551,201909,16,0,2019-09-16
860326,39764,201912,12,0,2019-12-12
860437,40631,201912,15,0,2019-12-15
862699,39957,201912,17,0,2019-12-17
863280,39967,201912,25,0,2019-12-25
863635,40647,201912,24,0,2019-12-24
863947,40092,201912,24,0,2019-12-24
863947,40093,201912,24,0,2019-12-24
864941,40241,201912,24,0,2019-12-24
866820,40440,201912,6,0,2019-12-06
824183,38924,201905,3,0,2019-05-03
824193,39548,201905,8,0,2019-05-08
843943,39355,201907,2,0,2019-07-02
837604,39031,201907,11,0,2019-07-11
825251,39356,201907,9,0,2019-07-09
837604,39032,201907,12,0,2019-07-12
828940,38925,201905,3,0,2019-05-03
837604,39033,201907,14,0,2019-07-14
846382,39368,201907,18,0,2019-07-18
846492,39371,201907,3,0,2019-07-03
846511,39372,201907,18,0,2019-07-18
846821,39386,201907,20,0,2019-07-20
846896,39387,201907,21,0,2019-07-21
846958,39389,201907,11,0,2019-07-11
846988,39392,201907,15,0,2019-07-15
837612,39035,201907,18,0,2019-07-18
837612,39036,201907,19,0,2019-07-19
837612,39037,201907,19,0,2019-07-19
839581,39256,201907,10,0,2019-07-10
839729,39257,201907,28,0,2019-07-28
846438,39395,201907,9,0,2019-07-09
867694,40519,201912,17,0,2019-12-17
868392,40599,201912,31,0,2019-12-31
868562,40555,201912,12,0,2019-12-12
868646,40558,201912,16,0,2019-12-16
839732,39258,201907,31,0,2019-07-31
869482,40625,201912,16,0,2019-12-16
869527,40616,201912,8,0,2019-12-08
870508,40634,201912,30,0,2019-12-30
870755,40648,201912,25,0,2019-12-25
870824,40659,201912,2,0,2019-12-02
840991,39279,201907,6,0,2019-07-06
842419,39323,201907,17,0,2019-07-17
828480,38913,201905,3,0,2019-05-03
834603,39538,201905,12,0,2019-05-12
842990,39335,201907,20,0,2019-07-20
843034,39337,201907,21,0,2019-07-21
831940,39343,201907,9,0,2019-07-09
831940,39344,201907,9,0,2019-07-09
843570,39345,201907,14,0,2019-07-14
843571,39346,201907,14,0,2019-07-14
844245,39352,201907,22,0,2019-07-22
813210,38531,201905,8,0,2019-05-08
814159,37960,201905,21,0,2019-05-21
814162,37962,201905,14,0,2019-05-14
814162,37963,201905,14,0,2019-05-14
814168,37964,201905,4,0,2019-05-04
815834,38204,201905,29,0,2019-05-29
816899,38202,201905,26,0,2019-05-26
817969,38353,201905,29,0,2019-05-29
818682,38471,201905,13,0,2019-05-13
818683,38472,201905,4,0,2019-05-04
819190,38942,201905,22,0,2019-05-22
819685,38964,201905,27,0,2019-05-27
821773,38871,201905,19,0,2019-05-19
822591,38779,201905,5,0,2019-05-05
822592,38780,201905,9,0,2019-05-09
822596,38781,201905,11,0,2019-05-11
824332,38821,201905,4,0,2019-05-04
825161,38824,201905,24,0,2019-05-24
827043,38914,201905,18,0,2019-05-18
827076,38956,201905,18,0,2019-05-18
827076,38957,201905,18,0,2019-05-18
828539,38920,201905,4,0,2019-05-04
831552,38977,201905,28,0,2019-05-28
808882,37864,201902,9,0,2019-02-09
809854,37885,201902,6,0,2019-02-06
862107,39879,201910,21,0,2019-10-21
862623,39953,201910,26,0,2019-10-26
870491,40632,201912,31,0,2019-12-31
870577,40639,201912,8,0,2019-12-08
870577,40640,201912,14,0,2019-12-14
873433,40696,201912,29,0,2019-12-29
846517,39396,201907,21,0,2019-07-21
826139,39397,201907,11,0,2019-07-11
826139,39398,201907,11,0,2019-07-11
847664,39399,201907,22,0,2019-07-22
847952,39400,201907,18,0,2019-07-18
847952,39401,201907,18,0,2019-07-18
846215,39407,201907,18,0,2019-07-18
810342,38233,201902,24,0,2019-02-24
811049,37912,201902,21,0,2019-02-21
811925,37928,201901,20,0,2019-01-20
811925,37929,201901,20,0,2019-01-20
811941,37926,201901,18,0,2019-01-18
811941,37927,201901,18,0,2019-01-18
812258,37930,201901,23,0,2019-01-23
812703,37935,201902,17,0,2019-02-17
812703,37936,201902,17,0,2019-02-17
813018,38857,201903,15,0,2019-03-15
813103,37947,201902,27,0,2019-02-27
819969,38808,201901,31,0,2019-01-31
819969,38807,201901,29,0,2019-01-29
824106,38802,201901,26,0,2019-01-26
824123,38809,201902,1,0,2019-02-01
824124,38810,201902,3,0,2019-02-03
856740,39669,201911,11,0,2019-11-11
856890,39641,201911,19,0,2019-11-19
857758,39680,201911,26,0,2019-11-26
859870,39730,201911,25,0,2019-11-25
860238,39751,201911,27,0,2019-11-27
860239,39758,201911,28,0,2019-11-28
860239,39759,201911,28,0,2019-11-28
860239,39760,201911,28,0,2019-11-28
860244,39757,201911,29,0,2019-11-29
860312,39857,201911,29,0,2019-11-29
860312,39858,201911,29,0,2019-11-29
860312,39859,201911,29,0,2019-11-29
860446,39771,201911,16,0,2019-11-16
861420,40513,201911,22,0,2019-11-22
861700,39854,201911,6,0,2019-11-06
861730,39855,201911,10,0,2019-11-10
861732,39856,201911,6,0,2019-11-06
861864,39861,201911,20,0,2019-11-20
863040,39961,201911,27,0,2019-11-27
863301,40012,201911,30,0,2019-11-30
863301,40013,201911,30,0,2019-11-30
863301,40014,201911,30,0,2019-11-30
863621,40514,201911,6,0,2019-11-06
863848,40291,201911,9,0,2019-11-09
865660,40287,201911,11,0,2019-11-11
817483,38921,201905,27,0,2019-05-27
848560,39478,201910,1,0,2019-10-01
848560,39479,201910,1,0,2019-10-01
859118,39842,201910,31,0,2019-10-31
861463,39848,201910,11,0,2019-10-11
861464,39849,201910,11,0,2019-10-11
862270,39880,201910,31,0,2019-10-31
865249,40284,201910,26,0,2019-10-26
869176,40596,201909,19,0,2019-09-19
858116,40597,201909,19,0,2019-09-19
861465,39850,201910,11,0,2019-10-11
875155,44780,201907,10,0,2019-07-10
875155,44781,201907,12,0,2019-07-12
875155,44782,201907,11,0,2019-07-11
875284,44783,201907,21,0,2019-07-21
845904,39457,201909,20,0,2019-09-20
846943,39458,201909,23,0,2019-09-23
846563,39464,201909,1,0,2019-09-01
846565,39465,201909,2,0,2019-09-02
846565,39466,201909,2,0,2019-09-02
846565,39467,201909,2,0,2019-09-02
846567,39468,201909,4,0,2019-09-04
848441,39469,201909,30,0,2019-09-30
848846,39480,201909,15,0,2019-09-15
852617,39530,201909,21,0,2019-09-21
855382,39571,201910,2,0,2019-10-02
856108,39599,201909,15,0,2019-09-15
801196,38391,201903,13,0,2019-03-13
801550,37379,201903,3,0,2019-03-03
801603,37842,201903,9,0,2019-03-09
802414,37402,201903,13,0,2019-03-13
802871,38462,201903,14,0,2019-03-14
805599,37662,201903,13,0,2019-03-13
807189,37852,201903,5,0,2019-03-05
808622,37861,201903,30,0,2019-03-30
811033,37908,201903,22,0,2019-03-22
813465,38184,201903,4,0,2019-03-04
813640,38136,201903,3,0,2019-03-03
813640,38137,201903,3,0,2019-03-03
813640,38138,201903,3,0,2019-03-03
813640,38139,201903,3,0,2019-03-03
813640,38140,201903,3,0,2019-03-03
813640,38145,201903,3,0,2019-03-03
813640,38146,201903,3,0,2019-03-03
813640,38147,201903,3,0,2019-03-03
813640,38148,201903,3,0,2019-03-03
813640,38149,201903,3,0,2019-03-03
813640,38150,201903,3,0,2019-03-03
813640,38151,201903,3,0,2019-03-03
813640,38152,201903,3,0,2019-03-03
813640,38153,201903,3,0,2019-03-03
813640,38154,201903,3,0,2019-03-03
813640,38155,201903,3,0,2019-03-03
813640,38156,201903,3,0,2019-03-03
813640,38157,201903,3,0,2019-03-03
813640,38158,201903,3,0,2019-03-03
813640,38141,201903,3,0,2019-03-03
813640,38142,201903,3,0,2019-03-03
813640,38143,201903,3,0,2019-03-03
813640,38144,201903,3,0,2019-03-03
814646,37974,201903,2,0,2019-03-02
814646,37975,201903,3,0,2019-03-03
814656,37976,201903,13,0,2019-03-13
814656,37977,201903,14,0,2019-03-14
815401,38205,201903,13,0,2019-03-13
815401,38206,201903,14,0,2019-03-14
815401,38207,201903,14,0,2019-03-14
815435,38198,201903,29,0,2019-03-29
818414,38466,201903,22,0,2019-03-22
823729,38799,201907,4,0,2019-07-04
826570,38853,201907,14,0,2019-07-14
826858,38856,201907,5,0,2019-07-05
826922,38864,201907,14,0,2019-07-14
826922,38865,201907,14,0,2019-07-14
829416,38940,201907,21,0,2019-07-21
831164,38954,201907,13,0,2019-07-13
832259,38970,201907,30,0,2019-07-30
832259,38971,201907,30,0,2019-07-30
832228,38974,201907,9,0,2019-07-09
828197,38935,201905,22,0,2019-05-22
828197,38933,201905,22,0,2019-05-22
828197,38934,201905,22,0,2019-05-22
828322,38953,201903,21,0,2019-03-21
828422,38931,201905,1,0,2019-05-01
828422,38932,201905,1,0,2019-05-01
832451,38982,201907,6,0,2019-07-06
830279,38989,201907,22,0,2019-07-22
837602,39023,201907,1,0,2019-07-01
837602,39024,201907,1,0,2019-07-01
837602,39025,201907,2,0,2019-07-02
837602,39026,201907,3,0,2019-07-03
837602,39027,201907,5,0,2019-07-05
837602,39028,201907,5,0,2019-07-05
837602,39029,201907,5,0,2019-07-05
837602,39030,201907,6,0,2019-07-06
856779,39635,201909,29,0,2019-09-29
856827,39642,201909,1,0,2019-09-01
856828,39643,201909,28,0,2019-09-28
856829,39644,201909,30,0,2019-09-30
795760,37244,201901,19,0,2019-01-19
795764,37245,201901,21,0,2019-01-21
801872,37388,201901,11,0,2019-01-11
801882,37389,201901,11,0,2019-01-11
801882,37390,201901,11,0,2019-01-11
801898,37391,201901,21,0,2019-01-21
801733,37413,201901,29,0,2019-01-29
804082,37422,201901,3,0,2019-01-03
804082,37423,201901,3,0,2019-01-03
804082,37424,201901,3,0,2019-01-03
804387,37436,201901,31,0,2019-01-31
804387,37437,201901,31,0,2019-01-31
804387,37438,201901,31,0,2019-01-31
804388,37439,201901,31,0,2019-01-31
804863,37473,201901,9,0,2019-01-09
805136,37477,201901,21,0,2019-01-21
805136,37478,201901,21,0,2019-01-21
857268,39665,201909,30,0,2019-09-30
857268,39666,201909,30,0,2019-09-30
857053,39667,201909,30,0,2019-09-30
857170,39679,201909,14,0,2019-09-14
857924,39681,201909,25,0,2019-09-25
858351,39691,201909,16,0,2019-09-16
858355,39693,201909,28,0,2019-09-28
858968,39717,201909,17,0,2019-09-17
859730,39728,201909,18,0,2019-09-18
858274,39792,201909,2,0,2019-09-02
861408,39846,201909,15,0,2019-09-15
856471,40040,201909,19,0,2019-09-19
856471,40041,201909,19,0,2019-09-19
856471,40042,201909,19,0,2019-09-19
841554,39320,201906,21,0,2019-06-21
832796,39322,201906,19,0,2019-06-19
844277,39353,201906,13,0,2019-06-13
844277,39354,201906,13,0,2019-06-13
820917,39438,201906,6,0,2019-06-06
821439,39445,201906,23,0,2019-06-23
855043,39564,201906,23,0,2019-06-23
855043,39565,201906,23,0,2019-06-23
855043,39566,201906,23,0,2019-06-23
855043,39567,201906,23,0,2019-06-23
855506,39600,201906,1,0,2019-06-01
856768,39630,201906,10,0,2019-06-10
863827,40045,201906,6,0,2019-06-06
863859,40055,201906,27,0,2019-06-27
867599,40517,201906,14,0,2019-06-14
867599,40518,201906,14,0,2019-06-14
875117,40718,201906,12,0,2019-06-12
875118,40719,201906,13,0,2019-06-13
875142,40722,201906,30,0,2019-06-30
875142,40723,201906,30,0,2019-06-30
875142,40724,201906,30,0,2019-06-30
923398,41873,201906,11,0,2019-06-11
923398,41874,201906,12,0,2019-06-12
923398,41875,201906,12,0,2019-06-12
923398,41876,201906,12,0,2019-06-12
923398,41877,201906,12,0,2019-06-12
923399,41879,201906,14,0,2019-06-14
923397,41880,201906,9,0,2019-06-09
923438,41884,201906,29,0,2019-06-29
923439,41885,201906,29,0,2019-06-29
923440,41886,201906,29,0,2019-06-29
869336,40646,201912,15,0,2019-12-15
816788,38201,201902,22,0,2019-02-22
870174,40624,201912,29,0,2019-12-29
865237,41960,201912,16,0,2019-12-16
865237,41961,201912,16,0,2019-12-16
860583,41028,201912,16,0,2019-12-16
860583,41029,201912,16,0,2019-12-16
893044,41150,201905,26,0,2019-05-26
893049,41152,201905,26,0,2019-05-26
802480,37398,201901,18,0,2019-01-18
802481,40609,201901,8,0,2019-01-08
802481,40610,201901,8,0,2019-01-08
802481,40611,201901,8,0,2019-01-08
857862,40619,201912,10,0,2019-12-10
863855,40447,201911,5,0,2019-11-05
868057,40598,201911,29,0,2019-11-29
835579,38997,201905,13,0,2019-05-13
835579,38998,201905,13,0,2019-05-13
806480,37831,201904,10,0,2019-04-10
807853,37853,201904,7,0,2019-04-07
808706,37863,201904,19,0,2019-04-19
809596,37874,201904,11,0,2019-04-11
810094,37884,201904,13,0,2019-04-13
810666,37900,201904,28,0,2019-04-28
811397,37913,201904,13,0,2019-04-13
812917,37942,201904,21,0,2019-04-21
812914,37944,201904,18,0,2019-04-18
812922,37945,201904,9,0,2019-04-09
813767,37954,201904,13,0,2019-04-13
813767,37955,201904,13,0,2019-04-13
813825,37956,201904,18,0,2019-04-18
808514,37965,201904,19,0,2019-04-19
815582,38196,201904,25,0,2019-04-25
815582,38197,201904,25,0,2019-04-25
816762,38200,201904,15,0,2019-04-15
817782,38352,201904,30,0,2019-04-30
818978,38478,201904,29,0,2019-04-29
818978,38479,201904,29,0,2019-04-29
819348,38482,201904,19,0,2019-04-19
814016,38561,201904,19,0,2019-04-19
820547,38563,201904,19,0,2019-04-19
820642,38570,201904,25,0,2019-04-25
807386,38710,201904,13,0,2019-04-13
822066,38768,201904,12,0,2019-04-12
822093,38769,201904,26,0,2019-04-26
810946,38770,201904,24,0,2019-04-24
822368,38776,201904,30,0,2019-04-30
819544,38785,201904,10,0,2019-04-10
822242,38786,201904,30,0,2019-04-30
822242,38787,201904,30,0,2019-04-30
822735,38833,201904,29,0,2019-04-29
818799,38834,201904,24,0,2019-04-24
818799,38835,201904,24,0,2019-04-24
818799,38836,201904,24,0,2019-04-24
825300,38875,201904,29,0,2019-04-29
815468,38878,201904,13,0,2019-04-13
836420,39005,201904,13,0,2019-04-13
832504,39278,201904,3,0,2019-04-03
827409,40586,201904,18,0,2019-04-18
916380,41442,201904,26,0,2019-04-26
916381,41443,201904,28,0,2019-04-28
817354,38341,201906,6,0,2019-06-06
819069,38480,201906,9,0,2019-06-09
820152,38532,201906,20,0,2019-06-20
820397,38559,201906,22,0,2019-06-22
820556,38568,201906,23,0,2019-06-23
820556,38569,201906,23,0,2019-06-23
821108,38574,201906,22,0,2019-06-22
823196,38791,201906,24,0,2019-06-24
821122,38798,201906,16,0,2019-06-16
823786,38801,201906,20,0,2019-06-20
824254,38815,201906,10,0,2019-06-10
824286,38816,201906,10,0,2019-06-10
824287,38817,201906,8,0,2019-06-08
824288,38818,201906,11,0,2019-06-11
825640,38837,201906,30,0,2019-06-30
825810,38838,201906,8,0,2019-06-08
826063,38843,201906,30,0,2019-06-30
826316,38851,201906,23,0,2019-06-23
829480,38966,201906,16,0,2019-06-16
823241,38967,201906,21,0,2019-06-21
823215,38973,201906,21,0,2019-06-21
832399,38978,201906,21,0,2019-06-21
832420,38980,201906,6,0,2019-06-06
832432,38983,201906,27,0,2019-06-27
832414,38984,201906,21,0,2019-06-21
833717,38992,201906,9,0,2019-06-09
833747,38993,201906,9,0,2019-06-09
836001,39001,201906,9,0,2019-06-09
836615,39006,201906,6,0,2019-06-06
836615,39007,201906,6,0,2019-06-06
836615,39008,201906,8,0,2019-06-08
836622,39009,201906,11,0,2019-06-11
836622,39010,201906,12,0,2019-06-12
836622,39011,201906,12,0,2019-06-12
836622,39012,201906,12,0,2019-06-12
836622,39013,201906,13,0,2019-06-13
836622,39014,201906,13,0,2019-06-13
836622,39015,201906,13,0,2019-06-13
836622,39016,201906,14,0,2019-06-14
836624,39017,201906,14,0,2019-06-14
836625,39018,201906,18,0,2019-06-18
836625,39019,201906,20,0,2019-06-20
836626,39020,201906,24,0,2019-06-24
836627,39021,201906,30,0,2019-06-30
836627,39022,201906,30,0,2019-06-30
835231,39246,201906,23,0,2019-06-23
839173,39250,201906,30,0,2019-06-30
837662,39251,201906,18,0,2019-06-18
837666,39252,201906,19,0,2019-06-19
837675,39253,201906,23,0,2019-06-23
839347,39276,201906,30,0,2019-06-30
841056,39281,201906,22,0,2019-06-22
840706,39283,201906,21,0,2019-06-21
791368,36805,201901,1,0,2019-01-01
791368,36806,201901,1,0,2019-01-01
791649,36858,201901,4,0,2019-01-04
792214,37229,201901,5,0,2019-01-05
792656,36834,201901,10,0,2019-01-10
792690,36839,201901,1,0,2019-01-01
793101,37408,201901,12,0,2019-01-12
793453,36851,201901,21,0,2019-01-21
793953,36857,201901,22,0,2019-01-22
794220,37204,201901,17,0,2019-01-17
794220,37205,201901,17,0,2019-01-17
794267,37230,201901,25,0,2019-01-25
794275,37231,201901,21,0,2019-01-21
794653,37222,201901,23,0,2019-01-23
795687,37233,201902,5,0,2019-02-05
795729,37238,201902,5,0,2019-02-05
795729,37239,201902,5,0,2019-02-05
795577,37241,201902,4,0,2019-02-04
795576,37242,201902,4,0,2019-02-04
797000,37283,201902,10,0,2019-02-10
794955,37223,201901,26,0,2019-01-26
795005,37225,201901,28,0,2019-01-28
795005,37226,201901,28,0,2019-01-28
795342,37232,201901,20,0,2019-01-20
795779,37246,201901,30,0,2019-01-30
795779,37247,201901,30,0,2019-01-30
796115,37269,201901,12,0,2019-01-12
796116,37270,201901,12,0,2019-01-12
796117,37271,201901,12,0,2019-01-12
796118,37272,201901,12,0,2019-01-12
796277,37274,201901,6,0,2019-01-06
796413,37275,201901,7,0,2019-01-07
797311,37404,201901,19,0,2019-01-19
797341,37290,201901,12,0,2019-01-12
797421,37294,201901,16,0,2019-01-16
797452,37295,201901,16,0,2019-01-16
797455,37296,201901,16,0,2019-01-16
797560,37311,201901,2,0,2019-01-02
797640,37310,201901,22,0,2019-01-22
797646,37308,201901,29,0,2019-01-29
798982,37369,201901,21,0,2019-01-21
800125,37418,201901,30,0,2019-01-30
800956,37410,201901,30,0,2019-01-30
802239,37395,201901,21,0,2019-01-21
802250,37394,201901,25,0,2019-01-25
802738,37405,201901,27,0,2019-01-27
802751,37407,201901,9,0,2019-01-09
803882,37421,201901,16,0,2019-01-16
804274,37431,201901,27,0,2019-01-27
804274,37430,201901,24,0,2019-01-24
804444,37445,201901,2,0,2019-01-02
804444,37446,201901,2,0,2019-01-02
804444,37447,201901,2,0,2019-01-02
804490,37440,201901,31,0,2019-01-31
804570,37444,201901,8,0,2019-01-08
804847,37470,201901,30,0,2019-01-30
804848,37467,201901,30,0,2019-01-30
804848,37468,201901,30,0,2019-01-30
804852,37476,201901,30,0,2019-01-30
797147,37285,201902,6,0,2019-02-06
797507,37301,201902,11,0,2019-02-11
797507,37302,201902,11,0,2019-02-11
797507,37303,201902,11,0,2019-02-11
797647,37309,201902,1,0,2019-02-01
797740,37316,201902,15,0,2019-02-15
798371,37324,201902,19,0,2019-02-19
798364,37325,201902,16,0,2019-02-16
798364,37326,201902,16,0,2019-02-16
802037,37392,201902,14,0,2019-02-14
803312,37412,201902,12,0,2019-02-12
804275,37426,201902,22,0,2019-02-22
804812,37464,201902,23,0,2019-02-23
804812,37465,201902,23,0,2019-02-23
805364,37652,201902,15,0,2019-02-15
805386,37653,201902,2,0,2019-02-02
805402,37654,201902,7,0,2019-02-07
805460,37661,201902,21,0,2019-02-21
806035,37681,201902,7,0,2019-02-07
797540,37832,201902,17,0,2019-02-17
797540,37833,201902,17,0,2019-02-17
807040,37835,201902,27,0,2019-02-27
808779,37876,201902,7,0,2019-02-07
808917,37883,201902,19,0,2019-02-19
809516,37894,201902,24,0,2019-02-24
798141,37897,201902,18,0,2019-02-18
810660,37903,201902,6,0,2019-02-06
810660,37904,201902,6,0,2019-02-06
812906,37938,201902,22,0,2019-02-22
799239,37940,201902,23,0,2019-02-23
799239,37941,201902,27,0,2019-02-27
833185,38991,201908,1,0,2019-08-01
835892,39000,201908,2,0,2019-08-02
837669,39041,201908,15,0,2019-08-15
843572,39347,201908,19,0,2019-08-19
843786,39349,201908,27,0,2019-08-27
842514,39350,201908,30,0,2019-08-30
842514,39351,201908,30,0,2019-08-30
847980,39402,201908,17,0,2019-08-17
847980,39403,201908,17,0,2019-08-17
847983,39404,201908,22,0,2019-08-22
845911,39439,201908,16,0,2019-08-16
845911,39440,201908,16,0,2019-08-16
844340,39527,201908,7,0,2019-08-07
849047,39528,201908,4,0,2019-08-04
852807,39533,201908,16,0,2019-08-16
854530,39541,201908,8,0,2019-08-08
852818,39545,201908,13,0,2019-08-13
850143,39546,201908,24,0,2019-08-24
863509,40037,201908,23,0,2019-08-23
814521,39249,201905,22,0,2019-05-22
816590,38199,201905,29,0,2019-05-29
823979,38859,201905,24,0,2019-05-24
824125,38812,201903,5,0,2019-03-05
826399,38852,201903,3,0,2019-03-03
809877,37879,201902,10,0,2019-02-10
810291,37886,201902,21,0,2019-02-21
813918,39357,201903,13,0,2019-03-13
813962,38573,201903,14,0,2019-03-14
813963,38572,201903,14,0,2019-03-14
813990,38571,201903,15,0,2019-03-15
814199,38939,201905,7,0,2019-05-07
866592,40756,201911,12,0,2019-11-12
831194,38975,201905,26,0,2019-05-26
831194,38976,201905,26,0,2019-05-26
846067,39366,201905,24,0,2019-05-24
848643,39477,201905,28,0,2019-05-28
850181,39724,201910,13,0,2019-10-13
854522,39962,201910,29,0,2019-10-29
854867,39560,201910,21,0,2019-10-21
854922,39562,201910,31,0,2019-10-31
855017,39563,201910,27,0,2019-10-27
856181,39601,201910,27,0,2019-10-27
856591,39628,201910,4,0,2019-10-04
857400,39668,201910,12,0,2019-10-12
858302,39960,201910,20,0,2019-10-20
858580,39713,201910,19,0,2019-10-19
859301,39726,201910,24,0,2019-10-24
859729,39729,201910,2,0,2019-10-02
861536,39964,201910,10,0,2019-10-10
861536,39965,201910,10,0,2019-10-10
841235,39301,201906,23,0,2019-06-23
841246,39302,201906,23,0,2019-06-23
841676,39315,201906,17,0,2019-06-17
841752,39316,201906,1,0,2019-06-01
827623,38876,201907,18,0,2019-07-18
828980,38926,201905,1,0,2019-05-01
830307,38987,201905,25,0,2019-05-25
830307,38988,201905,25,0,2019-05-25
830720,38951,201905,21,0,2019-05-21
830730,38950,201905,21,0,2019-05-21
837688,39489,201907,22,0,2019-07-22
849021,39482,201909,4,0,2019-09-04
927802,41999,201907,1,0,2019-07-01
927802,42000,201907,1,0,2019-07-01
927803,42033,201907,2,0,2019-07-02
927803,42035,201907,2,0,2019-07-02
875307,40737,201908,5,0,2019-08-05
875307,40738,201908,5,0,2019-08-05
875338,40739,201908,14,0,2019-08-14
875343,44837,201908,21,0,2019-08-21
875343,44838,201908,21,0,2019-08-21
875351,40741,201908,27,0,2019-08-27
845854,39391,201904,18,0,2019-04-18
859545,39722,201904,7,0,2019-04-07
927803,42036,201907,2,0,2019-07-02
927804,42005,201907,4,0,2019-07-04
927805,42006,201907,1,0,2019-07-01
929030,42066,201907,22,0,2019-07-22
927806,42007,201907,2,0,2019-07-02
927806,42008,201907,2,0,2019-07-02
927807,42009,201907,3,0,2019-07-03
927808,42010,201907,3,0,2019-07-03
928934,42041,201907,6,0,2019-07-06
928935,42042,201907,7,0,2019-07-07
928940,42044,201907,10,0,2019-07-10
928941,42045,201907,10,0,2019-07-10
928951,42048,201907,11,0,2019-07-11
929031,42067,201907,22,0,2019-07-22
929032,42068,201907,23,0,2019-07-23
929032,42069,201907,23,0,2019-07-23
929033,42070,201907,23,0,2019-07-23
929034,42071,201907,24,0,2019-07-24
929035,42108,201907,24,0,2019-07-24
929042,42077,201907,27,0,2019-07-27
929042,42078,201907,27,0,2019-07-27
929042,42079,201907,27,0,2019-07-27
929042,42080,201907,27,0,2019-07-27
928951,42049,201907,11,0,2019-07-11
928952,42050,201907,11,0,2019-07-11
928955,42051,201907,11,0,2019-07-11
928989,42052,201907,13,0,2019-07-13
928990,42115,201907,14,0,2019-07-14
928990,42116,201907,14,0,2019-07-14
928995,42055,201907,15,0,2019-07-15
928995,42056,201907,16,0,2019-07-16
928996,42058,201907,16,0,2019-07-16
928997,42059,201907,15,0,2019-07-15
929016,42060,201907,17,0,2019-07-17
929017,42061,201907,17,0,2019-07-17
929018,42062,201907,18,0,2019-07-18
929019,42063,201907,19,0,2019-07-19
929029,42064,201907,21,0,2019-07-21
929030,42065,201907,22,0,2019-07-22
929042,42081,201907,27,0,2019-07-27
929042,42082,201907,27,0,2019-07-27
929042,42083,201907,27,0,2019-07-27
929042,42084,201907,28,0,2019-07-28
929042,42085,201907,28,0,2019-07-28
929042,42086,201907,28,0,2019-07-28
929043,42087,201907,27,0,2019-07-27
929043,42088,201907,28,0,2019-07-28
929045,42089,201907,27,0,2019-07-27
929045,42091,201907,28,0,2019-07-28
929045,42092,201907,28,0,2019-07-28
929046,42093,201907,27,0,2019-07-27
929059,42094,201907,29,0,2019-07-29
929060,42095,201907,29,0,2019-07-29
929061,42100,201907,30,0,2019-07-30
929061,42101,201907,30,0,2019-07-30
929062,42104,201907,30,0,2019-07-30
929063,42105,201907,31,0,2019-07-31
929063,42106,201907,31,0,2019-07-31
929064,42107,201907,31,0,2019-07-31
929066,42109,201907,25,0,2019-07-25
929068,42110,201907,26,0,2019-07-26
929068,42111,201907,26,0,2019-07-26
929069,42112,201907,26,0,2019-07-26
929070,42117,201907,14,0,2019-07-14
929070,42118,201907,14,0,2019-07-14
930994,42204,201908,2,0,2019-08-02
930994,42205,201908,2,0,2019-08-02
930994,42206,201908,2,0,2019-08-02
930995,42207,201908,2,0,2019-08-02
930995,42208,201908,2,0,2019-08-02
930996,42226,201908,3,0,2019-08-03
930996,42227,201908,3,0,2019-08-03
930996,42228,201908,4,0,2019-08-04
930996,42229,201908,4,0,2019-08-04
930996,42230,201908,4,0,2019-08-04
930996,42231,201908,5,0,2019-08-05
930997,42216,201908,3,0,2019-08-03
930997,42218,201908,5,0,2019-08-05
930997,42219,201908,5,0,2019-08-05
930998,42220,201908,3,0,2019-08-03
930998,42221,201908,5,0,2019-08-05
930999,42222,201908,4,0,2019-08-04
930999,42223,201908,5,0,2019-08-05
931013,42224,201908,6,0,2019-08-06
931013,42225,201908,6,0,2019-08-06
931018,42232,201908,7,0,2019-08-07
931019,42233,201908,7,0,2019-08-07
931020,42234,201908,7,0,2019-08-07
931021,42235,201908,8,0,2019-08-08
931022,42236,201908,8,0,2019-08-08
931023,42237,201908,13,0,2019-08-13
931023,42238,201908,13,0,2019-08-13
931023,42239,201908,15,0,2019-08-15
931023,42240,201908,16,0,2019-08-16
931023,42241,201908,16,0,2019-08-16
931024,42242,201908,14,0,2019-08-14
931024,42243,201908,15,0,2019-08-15
931049,42244,201908,17,0,2019-08-17
931060,42245,201908,21,0,2019-08-21
931060,42246,201908,21,0,2019-08-21
931061,42247,201908,20,0,2019-08-20
931063,42248,201908,21,0,2019-08-21
931063,42249,201908,21,0,2019-08-21
931064,42250,201908,21,0,2019-08-21
931065,42251,201908,20,0,2019-08-20
931100,42252,201908,22,0,2019-08-22
931101,42254,201908,22,0,2019-08-22
931102,42255,201908,22,0,2019-08-22
931104,42256,201908,25,0,2019-08-25
931105,42257,201908,25,0,2019-08-25
931112,42262,201908,27,0,2019-08-27
931112,42263,201908,28,0,2019-08-28
931112,42264,201908,28,0,2019-08-28
931113,42261,201908,27,0,2019-08-27
931116,42265,201908,29,0,2019-08-29
931151,42289,201908,30,0,2019-08-30
931151,42290,201908,31,0,2019-08-31
931152,42268,201908,30,0,2019-08-30
931187,42269,201909,1,0,2019-09-01
931188,42270,201909,1,0,2019-09-01
931189,42271,201909,2,0,2019-09-02
931189,42272,201909,2,0,2019-09-02
931191,42273,201909,2,0,2019-09-02
931199,42274,201909,3,0,2019-09-03
931200,42309,201909,3,0,2019-09-03
931207,42277,201909,4,0,2019-09-04
931210,42306,201909,5,0,2019-09-05
931237,42279,201909,6,0,2019-09-06
931238,42280,201909,6,0,2019-09-06
931241,42281,201909,7,0,2019-09-07
931242,42282,201909,7,0,2019-09-07
931256,42283,201909,8,0,2019-09-08
931257,42284,201909,9,0,2019-09-09
931258,42285,201909,9,0,2019-09-09
931263,42286,201909,13,0,2019-09-13
931264,42288,201909,14,0,2019-09-14
820037,38562,201904,15,0,2019-04-15
927803,42034,201907,2,0,2019-07-02
928937,42043,201907,7,0,2019-07-07
928995,42057,201907,16,0,2019-07-16
928933,42040,201907,6,0,2019-07-06
929045,42090,201907,27,0,2019-07-27
930997,42217,201908,4,0,2019-08-04
931100,42253,201908,22,0,2019-08-22
931263,42287,201909,13,0,2019-09-13
853949,39537,201905,2,0,2019-05-02
809658,37875,201904,18,0,2019-04-18
369184,17756,201202,27,0,2012-02-27
369801,17810,201202,16,0,2012-02-16
370444,18418,201205,6,0,2012-05-06
370444,18419,201205,6,0,2012-05-06
371334,17929,201203,23,0,2012-03-23
371334,17930,201203,23,0,2012-03-23
372236,17976,201203,26,0,2012-03-26
372236,17975,201203,26,0,2012-03-26
372236,17977,201203,26,0,2012-03-26
372428,18003,201203,31,0,2012-03-31
372583,18141,201205,4,0,2012-05-04
372666,18147,201205,19,0,2012-05-19
372667,18148,201205,21,0,2012-05-21
372841,18125,201203,5,0,2012-03-05
373226,18061,201203,16,0,2012-03-16
373228,18062,201203,13,0,2012-03-13
373229,18063,201203,18,0,2012-03-18
373231,18064,201203,15,0,2012-03-15
373389,18069,201205,27,0,2012-05-27
373414,18104,201203,21,0,2012-03-21
373886,18121,201203,30,0,2012-03-30
373905,18122,201204,1,0,2012-04-01
373911,18123,201205,29,0,2012-05-29
374032,18132,201205,26,0,2012-05-26
374176,19275,201204,4,0,2012-04-04
374200,18140,201203,23,0,2012-03-23
374385,19359,201203,2,0,2012-03-02
374622,18155,201205,28,0,2012-05-28
374708,18144,201203,24,0,2012-03-24
375925,18230,201204,18,0,2012-04-18
375926,18156,201204,18,0,2012-04-18
376440,18157,201206,5,0,2012-06-05
376441,18158,201206,7,0,2012-06-07
377350,18163,201204,28,0,2012-04-28
377587,18166,201204,29,0,2012-04-29
378398,18550,201206,19,0,2012-06-19
378771,18224,201204,14,0,2012-04-14
378771,18225,201204,14,0,2012-04-14
378771,18226,201204,14,0,2012-04-14
378771,18227,201204,14,0,2012-04-14
378771,18228,201204,14,0,2012-04-14
378771,18229,201204,14,0,2012-04-14
379209,18509,201206,24,0,2012-06-24
379588,18175,201204,23,0,2012-04-23
379745,18177,201206,23,0,2012-06-23
379838,18190,201206,23,0,2012-06-23
380146,18207,201206,26,0,2012-06-26
380280,18234,201206,29,0,2012-06-29
380749,18243,201206,27,0,2012-06-27
380875,18514,201206,30,0,2012-06-30
380889,18241,201206,17,0,2012-06-17
380890,18240,201206,17,0,2012-06-17
381394,18245,201207,6,0,2012-07-06
381670,18866,201207,7,0,2012-07-07
381738,18447,201206,21,0,2012-06-21
382513,18291,201207,1,0,2012-07-01
382513,18292,201207,1,0,2012-07-01
382533,18251,201207,1,0,2012-07-01
382714,18252,201205,29,0,2012-05-29
382725,18260,201205,16,0,2012-05-16
382794,18255,201205,28,0,2012-05-28
382807,18256,201205,27,0,2012-05-27
382819,18257,201205,29,0,2012-05-29
383097,18259,201204,29,0,2012-04-29
383296,18261,201205,6,0,2012-05-06
383320,18263,201205,6,0,2012-05-06
383393,18266,201207,15,0,2012-07-15
383393,18267,201207,15,0,2012-07-15
383620,18270,201206,20,0,2012-06-20
383636,18275,201207,6,0,2012-07-06
383636,18276,201207,8,0,2012-07-08
383661,18277,201206,19,0,2012-06-19
383852,18278,201207,13,0,2012-07-13
384229,18859,201207,19,0,2012-07-19
384229,18860,201207,19,0,2012-07-19
384508,18287,201206,4,0,2012-06-04
384508,18288,201206,4,0,2012-06-04
384508,18289,201206,4,0,2012-06-04
384797,18301,201205,13,0,2012-05-13
385546,18294,201205,18,0,2012-05-18
385566,18296,201205,1,0,2012-05-01
385908,18351,201206,26,0,2012-06-26
385908,18352,201206,26,0,2012-06-26
386013,18304,201207,11,0,2012-07-11
386073,18307,201205,23,0,2012-05-23
386165,18424,201205,3,0,2012-05-03
386650,18311,201207,24,0,2012-07-24
386768,18312,201207,26,0,2012-07-26
420534,19892,201210,29,0,2012-10-29
420534,19893,201210,29,0,2012-10-29
420534,19894,201210,29,0,2012-10-29
420534,19895,201210,29,0,2012-10-29
420534,19896,201210,29,0,2012-10-29
420534,19897,201210,29,0,2012-10-29
420534,19898,201210,29,0,2012-10-29
420534,19899,201210,29,0,2012-10-29
420534,19900,201210,29,0,2012-10-29
420534,19901,201210,29,0,2012-10-29
420534,19903,201210,29,0,2012-10-29
420748,19375,201211,19,0,2012-11-19
421109,19921,201210,30,0,2012-10-30
421109,19922,201210,30,0,2012-10-30
421109,19919,201210,29,0,2012-10-29
421109,19918,201210,29,0,2012-10-29
421109,19920,201210,29,0,2012-10-29
421130,20396,201210,31,0,2012-10-31
421130,20397,201210,31,0,2012-10-31
421130,20398,201210,29,0,2012-10-29
421130,20392,201210,29,0,2012-10-29
421130,20393,201210,29,0,2012-10-29
421130,20394,201210,31,0,2012-10-31
421130,20395,201210,31,0,2012-10-31
421204,19377,201212,21,0,2012-12-21
421210,19403,201210,4,0,2012-10-04
421278,19409,201211,28,0,2012-11-28
421580,19665,201212,19,0,2012-12-19
421590,19743,201210,29,0,2012-10-29
421617,19888,201210,29,0,2012-10-29
421638,19572,201211,9,0,2012-11-09
421638,19573,201211,9,0,2012-11-09
421664,19745,201210,29,0,2012-10-29
421666,19744,201210,29,0,2012-10-29
421669,19510,201211,22,0,2012-11-22
421680,19521,201211,22,0,2012-11-22
421680,19522,201211,22,0,2012-11-22
422479,19576,201212,2,0,2012-12-02
422972,19584,201211,12,0,2012-11-12
423354,19670,201212,14,0,2012-12-14
423421,19616,201212,21,0,2012-12-21
423421,19617,201212,21,0,2012-12-21
424829,19640,201212,22,0,2012-12-22
424865,19650,201212,20,0,2012-12-20
424912,19615,201212,22,0,2012-12-22
424964,19651,201212,16,0,2012-12-16
425122,19954,201212,26,0,2012-12-26
426053,19621,201212,22,0,2012-12-22
426142,19641,201212,24,0,2012-12-24
426219,19642,201212,28,0,2012-12-28
426219,19643,201212,28,0,2012-12-28
426291,19645,201212,26,0,2012-12-26
426364,19647,201212,25,0,2012-12-25
426371,19648,201212,26,0,2012-12-26
426371,19649,201212,26,0,2012-12-26
426476,19658,201212,7,0,2012-12-07
426571,19656,201212,25,0,2012-12-25
427056,19666,201212,21,0,2012-12-21
427763,19683,201212,24,0,2012-12-24
433164,20469,201212,30,0,2012-12-30
436975,20002,201212,19,0,2012-12-19
437340,20110,201201,18,0,2012-01-18
437368,20108,201201,22,0,2012-01-22
437369,20122,201202,13,0,2012-02-13
437379,20125,201203,30,0,2012-03-30
437380,20124,201203,3,0,2012-03-03
470326,20847,201206,16,0,2012-06-16
368695,18529,201203,4,0,2012-03-04
368706,18544,201203,2,0,2012-03-02
368706,18545,201203,2,0,2012-03-02
368706,18546,201203,2,0,2012-03-02
368706,18547,201203,2,0,2012-03-02
368706,18549,201203,2,0,2012-03-02
368706,18548,201203,2,0,2012-03-02
368708,18536,201203,23,0,2012-03-23
368708,18537,201203,2,0,2012-03-02
368708,18538,201203,2,0,2012-03-02
368708,18539,201203,2,0,2012-03-02
368708,18540,201203,2,0,2012-03-02
368708,18541,201203,2,0,2012-03-02
368754,18542,201203,2,0,2012-03-02
368754,18543,201203,2,0,2012-03-02
368870,17984,201203,20,0,2012-03-20
368893,17751,201204,1,0,2012-04-01
386789,18317,201207,26,0,2012-07-26
386941,18869,201207,7,0,2012-07-07
388239,18318,201208,2,0,2012-08-02
388265,18319,201206,10,0,2012-06-10
388273,18320,201206,20,0,2012-06-20
388274,18321,201206,20,0,2012-06-20
388346,18322,201206,29,0,2012-06-29
388459,18668,201206,24,0,2012-06-24
388563,18325,201206,22,0,2012-06-22
388634,18346,201208,6,0,2012-08-06
388634,18347,201208,6,0,2012-08-06
388877,18861,201207,26,0,2012-07-26
420534,19891,201210,29,0,2012-10-29
420534,19902,201210,29,0,2012-10-29
420534,19904,201210,29,0,2012-10-29
420534,19905,201210,29,0,2012-10-29
420534,19889,201210,29,0,2012-10-29
389123,18675,201207,2,0,2012-07-02
389123,18676,201207,3,0,2012-07-03
389375,18339,201207,21,0,2012-07-21
389375,18340,201207,21,0,2012-07-21
389694,18348,201207,5,0,2012-07-05
389694,18349,201207,5,0,2012-07-05
389907,18353,201208,3,0,2012-08-03
389976,18350,201208,6,0,2012-08-06
390146,18372,201206,25,0,2012-06-25
390147,18395,201206,20,0,2012-06-20
390147,18396,201206,20,0,2012-06-20
390147,18397,201206,20,0,2012-06-20
390148,18359,201208,3,0,2012-08-03
390429,18459,201208,10,0,2012-08-10
390429,18460,201208,10,0,2012-08-10
390432,18365,201206,26,0,2012-06-26
390571,18525,201206,8,0,2012-06-08
390876,18868,201208,5,0,2012-08-05
390929,18376,201206,4,0,2012-06-04
391359,18445,201206,29,0,2012-06-29
391756,18930,201208,16,0,2012-08-16
392165,18403,201206,10,0,2012-06-10
392173,18402,201206,14,0,2012-06-14
392277,18405,201207,29,0,2012-07-29
392836,18809,201207,5,0,2012-07-05
393032,20846,201206,18,0,2012-06-18
393032,20845,201206,21,0,2012-06-21
393064,18421,201207,3,0,2012-07-03
393064,18422,201207,3,0,2012-07-03
393064,18420,201207,7,0,2012-07-07
393344,18500,201206,29,0,2012-06-29
393653,18519,201206,30,0,2012-06-30
393653,18520,201206,30,0,2012-06-30
393720,18425,201207,11,0,2012-07-11
394064,18493,201206,6,0,2012-06-06
394196,18480,201206,29,0,2012-06-29
394237,18481,201206,29,0,2012-06-29
394491,18478,201206,29,0,2012-06-29
394494,18477,201206,29,0,2012-06-29
394519,18634,201208,24,0,2012-08-24
394630,18431,201206,18,0,2012-06-18
394637,18432,201206,25,0,2012-06-25
394847,18497,201206,1,0,2012-06-01
394851,18496,201206,1,0,2012-06-01
394941,18498,201206,1,0,2012-06-01
394984,18448,201207,13,0,2012-07-13
395017,18602,201206,24,0,2012-06-24
395053,18453,201207,4,0,2012-07-04
395146,18501,201206,2,0,2012-06-02
395354,18463,201206,16,0,2012-06-16
395367,18466,201206,27,0,2012-06-27
395426,18474,201206,24,0,2012-06-24
395463,18470,201206,27,0,2012-06-27
395479,18508,201206,26,0,2012-06-26
396410,18516,201206,30,0,2012-06-30
396492,18511,201207,14,0,2012-07-14
396652,19174,201207,1,0,2012-07-01
396652,19173,201207,5,0,2012-07-05
397105,18526,201206,24,0,2012-06-24
397290,18552,201207,13,0,2012-07-13
397595,18626,201207,9,0,2012-07-09
397596,18627,201207,5,0,2012-07-05
397596,18628,201207,4,0,2012-07-04
397921,18612,201207,5,0,2012-07-05
397924,18638,201207,9,0,2012-07-09
398156,18559,201206,10,0,2012-06-10
398206,18560,201207,31,0,2012-07-31
398206,18561,201207,31,0,2012-07-31
399038,18566,201209,7,0,2012-09-07
399038,18567,201209,7,0,2012-09-07
399038,18568,201209,7,0,2012-09-07
399042,18565,201209,7,0,2012-09-07
399447,18569,201206,30,0,2012-06-30
399447,18570,201206,30,0,2012-06-30
399631,18571,201206,24,0,2012-06-24
399640,18572,201207,21,0,2012-07-21
399646,18573,201209,10,0,2012-09-10
399759,18574,201207,7,0,2012-07-07
399764,18592,201207,6,0,2012-07-06
399764,18591,201207,7,0,2012-07-07
399771,18577,201207,1,0,2012-07-01
399771,18578,201207,5,0,2012-07-05
399771,18579,201207,5,0,2012-07-05
399771,18580,201207,6,0,2012-07-06
399771,18581,201207,6,0,2012-07-06
399771,18582,201207,6,0,2012-07-06
399771,18583,201207,6,0,2012-07-06
399771,18584,201207,7,0,2012-07-07
399771,18587,201207,7,0,2012-07-07
399771,18588,201207,8,0,2012-07-08
399771,18589,201207,8,0,2012-07-08
399771,18590,201207,8,0,2012-07-08
399771,18585,201207,7,0,2012-07-07
399771,18586,201207,7,0,2012-07-07
399779,18593,201207,10,0,2012-07-10
399907,18594,201207,17,0,2012-07-17
399933,18598,201207,17,0,2012-07-17
399934,18596,201207,17,0,2012-07-17
399935,18597,201207,17,0,2012-07-17
400154,18599,201207,16,0,2012-07-16
400569,18617,201207,23,0,2012-07-23
400745,18840,201207,2,0,2012-07-02
400919,18619,201208,22,0,2012-08-22
401041,18621,201207,5,0,2012-07-05
401041,18622,201207,6,0,2012-07-06
401041,18620,201207,2,0,2012-07-02
401043,18623,201207,1,0,2012-07-01
401109,18625,201207,27,0,2012-07-27
401109,18624,201207,26,0,2012-07-26
401247,18633,201209,16,0,2012-09-16
401316,18661,201207,7,0,2012-07-07
401316,18662,201207,7,0,2012-07-07
401680,18648,201208,3,0,2012-08-03
402190,18925,201209,11,0,2012-09-11
402331,18845,201207,0,0,
402331,18846,201207,0,0,
402331,18847,201207,0,0,
402384,18848,201207,0,0,
402384,18849,201207,0,0,
402384,18850,201207,0,0,
402384,18851,201207,0,0,
402384,18852,201207,0,0,
402384,18853,201207,0,0,
402384,18854,201207,0,0,
402421,18640,201207,20,0,2012-07-20
402421,18641,201207,20,0,2012-07-20
402422,18642,201207,20,0,2012-07-20
402422,18643,201207,20,0,2012-07-20
402449,18644,201206,24,0,2012-06-24
402473,18645,201207,3,0,2012-07-03
402885,18650,201208,4,0,2012-08-04
402886,18649,201208,3,0,2012-08-03
403086,18671,201207,20,0,2012-07-20
403087,18666,201207,7,0,2012-07-07
403087,18667,201207,7,0,2012-07-07
403089,18664,201207,1,0,2012-07-01
403089,18665,201207,1,0,2012-07-01
403213,18669,201207,8,0,2012-07-08
403653,18672,201207,21,0,2012-07-21
403655,18673,201207,7,0,2012-07-07
403655,18674,201207,7,0,2012-07-07
403704,18677,201207,7,0,2012-07-07
403704,18678,201207,9,0,2012-07-09
403704,18679,201207,9,0,2012-07-09
403711,18680,201207,6,0,2012-07-06
403711,18681,201207,6,0,2012-07-06
403711,18682,201207,8,0,2012-07-08
403711,18683,201207,11,0,2012-07-11
403711,18684,201207,12,0,2012-07-12
403712,18831,201207,18,0,2012-07-18
403713,18686,201207,27,0,2012-07-27
403775,18837,201207,26,0,2012-07-26
404007,18688,201208,2,0,2012-08-02
404007,18689,201208,2,0,2012-08-02
404050,18790,201207,6,0,2012-07-06
404050,18782,201207,4,0,2012-07-04
404050,18783,201207,5,0,2012-07-05
404050,18784,201207,5,0,2012-07-05
404050,18785,201207,5,0,2012-07-05
404050,18786,201207,5,0,2012-07-05
404050,18787,201207,5,0,2012-07-05
404050,18788,201207,6,0,2012-07-06
404050,18789,201207,6,0,2012-07-06
404050,18791,201207,6,0,2012-07-06
404050,18792,201207,7,0,2012-07-07
404050,18793,201207,7,0,2012-07-07
404050,18794,201207,7,0,2012-07-07
404050,18795,201207,7,0,2012-07-07
404050,18796,201207,7,0,2012-07-07
404050,18797,201207,7,0,2012-07-07
404050,18798,201207,7,0,2012-07-07
404050,18799,201207,8,0,2012-07-08
404050,18800,201207,9,0,2012-07-09
404050,18801,201207,10,0,2012-07-10
404050,18802,201207,10,0,2012-07-10
404050,18803,201207,10,0,2012-07-10
404050,18804,201207,11,0,2012-07-11
404050,18805,201207,4,0,2012-07-04
404050,18806,201207,4,0,2012-07-04
404138,18827,201207,18,0,2012-07-18
404138,18828,201207,18,0,2012-07-18
404138,18829,201207,18,0,2012-07-18
404139,18826,201207,25,0,2012-07-25
404467,18690,201207,1,0,2012-07-01
404476,18692,201208,7,0,2012-08-07
404559,20850,201207,6,0,2012-07-06
404559,20851,201207,7,0,2012-07-07
404561,20852,201207,6,0,2012-07-06
404564,20855,201207,5,0,2012-07-05
404564,20856,201207,8,0,2012-07-08
404564,20857,201207,10,0,2012-07-10
404572,20853,201207,5,0,2012-07-05
404572,20854,201207,6,0,2012-07-06
404573,20858,201207,5,0,2012-07-05
404584,20859,201207,15,0,2012-07-15
404671,18706,201207,7,0,2012-07-07
404748,18707,201207,8,0,2012-07-08
404755,18735,201207,30,0,2012-07-30
404832,18807,201205,24,0,2012-05-24
405016,18889,201207,2,0,2012-07-02
405016,18890,201207,2,0,2012-07-02
405016,18891,201207,2,0,2012-07-02
405075,18830,201207,30,0,2012-07-30
405366,18839,201206,10,0,2012-06-10
405507,18844,201207,8,0,2012-07-08
405564,18841,201207,5,0,2012-07-05
405564,18842,201207,5,0,2012-07-05
405564,18843,201207,5,0,2012-07-05
405620,18856,201207,18,0,2012-07-18
405932,18862,201207,1,0,2012-07-01
406183,18867,201208,5,0,2012-08-05
406187,18875,201207,5,0,2012-07-05
406465,18878,201208,8,0,2012-08-08
406465,18879,201208,11,0,2012-08-11
406465,18877,201208,8,0,2012-08-08
406466,18881,201208,15,0,2012-08-15
406466,18880,201208,14,0,2012-08-14
406469,18882,201209,21,0,2012-09-21
406779,19677,201209,24,0,2012-09-24
406924,19019,201207,1,0,2012-07-01
407002,18934,201208,18,0,2012-08-18
407265,18895,201208,18,0,2012-08-18
407653,18892,201206,30,0,2012-06-30
407717,18893,201205,29,0,2012-05-29
407855,18894,201207,25,0,2012-07-25
407952,18896,201208,18,0,2012-08-18
408375,18898,201208,3,0,2012-08-03
408732,18900,201208,5,0,2012-08-05
408887,18904,201208,5,0,2012-08-05
409003,18905,201210,13,0,2012-10-13
409136,18906,201208,28,0,2012-08-28
409139,18907,201208,28,0,2012-08-28
409140,18908,201208,28,0,2012-08-28
409193,18911,201208,13,0,2012-08-13
409668,18912,201208,15,0,2012-08-15
410089,18938,201208,29,0,2012-08-29
410089,18939,201208,29,0,2012-08-29
410101,18917,201208,28,0,2012-08-28
410167,18920,201208,29,0,2012-08-29
410369,18921,201208,19,0,2012-08-19
410535,18922,201208,19,0,2012-08-19
410705,18923,201208,18,0,2012-08-18
410712,18924,201209,11,0,2012-09-11
410928,18927,201208,4,0,2012-08-04
410930,18928,201208,30,0,2012-08-30
411052,18929,201210,26,0,2012-10-26
411159,18932,201208,1,0,2012-08-01
411290,18940,201208,7,0,2012-08-07
411455,18957,201209,17,0,2012-09-17
411490,18984,201210,23,0,2012-10-23
411591,19261,201210,29,0,2012-10-29
411682,19001,201206,28,0,2012-06-28
411682,19002,201206,30,0,2012-06-30
411964,18958,201208,30,0,2012-08-30
411970,18961,201209,28,0,2012-09-28
412625,18996,201209,7,0,2012-09-07
412894,18966,201210,30,0,2012-10-30
412894,18967,201210,30,0,2012-10-30
413100,19404,201210,29,0,2012-10-29
413102,19813,201210,29,0,2012-10-29
413112,19552,201210,29,0,2012-10-29
413112,19553,201210,29,0,2012-10-29
413112,19554,201210,29,0,2012-10-29
413112,19555,201210,29,0,2012-10-29
413117,19565,201210,29,0,2012-10-29
413117,19566,201210,29,0,2012-10-29
413117,19567,201210,31,0,2012-10-31
413117,19568,201210,31,0,2012-10-31
413117,19569,201210,29,0,2012-10-29
413118,19561,201210,29,0,2012-10-29
413118,19562,201210,29,0,2012-10-29
413120,19806,201210,30,0,2012-10-30
413120,19807,201210,30,0,2012-10-30
413123,19817,201210,29,0,2012-10-29
413123,19818,201210,29,0,2012-10-29
413124,19393,201210,29,0,2012-10-29
413125,19528,201210,29,0,2012-10-29
413126,19808,201210,30,0,2012-10-30
413126,19809,201210,6,0,2012-10-06
413126,19810,201210,9,0,2012-10-09
413127,19051,201210,31,0,2012-10-31
413166,19015,201210,30,0,2012-10-30
413263,18977,201209,24,0,2012-09-24
414020,19193,201207,12,0,2012-07-12
414020,19194,201207,5,0,2012-07-05
414020,19195,201207,5,0,2012-07-05
414369,18993,201209,7,0,2012-09-07
414616,19005,201209,28,0,2012-09-28
414692,19012,201209,15,0,2012-09-15
414692,19013,201209,15,0,2012-09-15
414694,19007,201205,2,0,2012-05-02
414853,19020,201206,30,0,2012-06-30
414854,19021,201208,2,0,2012-08-02
414860,19011,201207,30,0,2012-07-30
415103,19018,201209,3,0,2012-09-03
415189,19016,201210,29,0,2012-10-29
415838,19679,201212,10,0,2012-12-10
415901,19037,201212,10,0,2012-12-10
415921,19819,201210,29,0,2012-10-29
415924,19820,201210,5,0,2012-10-05
415924,19822,201210,29,0,2012-10-29
415924,19821,201210,29,0,2012-10-29
415924,19824,201210,30,0,2012-10-30
415924,19823,201210,30,0,2012-10-30
415925,19833,201210,2,0,2012-10-02
415925,19830,201210,4,0,2012-10-04
415925,19832,201210,29,0,2012-10-29
415925,19831,201210,30,0,2012-10-30
415926,19848,201210,5,0,2012-10-05
415926,19843,201210,8,0,2012-10-08
415926,19845,201210,30,0,2012-10-30
415926,19846,201210,8,0,2012-10-08
415926,19844,201210,4,0,2012-10-04
415926,19847,201210,2,0,2012-10-02
415927,19811,201210,29,0,2012-10-29
415927,19812,201210,29,0,2012-10-29
415936,19661,201212,9,0,2012-12-09
416015,19038,201210,3,0,2012-10-03
416249,19040,201210,26,0,2012-10-26
416315,19041,201210,30,0,2012-10-30
416731,19043,201210,29,0,2012-10-29
416826,19814,201210,29,0,2012-10-29
416826,19815,201210,29,0,2012-10-29
416827,19563,201210,29,0,2012-10-29
416827,19564,201210,29,0,2012-10-29
416829,19619,201212,20,0,2012-12-20
416832,19816,201210,29,0,2012-10-29
416845,19159,201210,29,0,2012-10-29
416845,19160,201210,30,0,2012-10-30
416848,19202,201210,30,0,2012-10-30
416852,19205,201210,30,0,2012-10-30
416852,19206,201210,30,0,2012-10-30
416852,19207,201210,30,0,2012-10-30
416853,19208,201210,30,0,2012-10-30
416853,19209,201210,2,0,2012-10-02
416855,19200,201210,30,0,2012-10-30
416855,19201,201210,30,0,2012-10-30
416859,19204,201210,30,0,2012-10-30
416939,19216,201210,30,0,2012-10-30
416939,19215,201210,29,0,2012-10-29
416943,19213,201210,29,0,2012-10-29
416943,19214,201210,29,0,2012-10-29
416946,19210,201210,30,0,2012-10-30
416958,19217,201210,30,0,2012-10-30
416958,19218,201210,30,0,2012-10-30
416958,19219,201210,31,0,2012-10-31
416969,19199,201211,12,0,2012-11-12
417002,19227,201210,4,0,2012-10-04
417002,19222,201210,30,0,2012-10-30
417002,19223,201210,30,0,2012-10-30
417002,19224,201210,30,0,2012-10-30
417002,19225,201210,30,0,2012-10-30
417002,19226,201210,29,0,2012-10-29
417003,19235,201210,29,0,2012-10-29
417003,19233,201210,29,0,2012-10-29
417003,19234,201210,29,0,2012-10-29
417004,19228,201210,29,0,2012-10-29
417004,19229,201210,29,0,2012-10-29
417004,19230,201210,30,0,2012-10-30
417005,19231,201210,30,0,2012-10-30
417005,19232,201210,30,0,2012-10-30
417015,19220,201210,30,0,2012-10-30
417016,20332,201210,30,0,2012-10-30
417018,19236,201210,29,0,2012-10-29
417018,19237,201210,30,0,2012-10-30
417018,19238,201210,30,0,2012-10-30
417152,19607,201212,20,0,2012-12-20
417152,19608,201212,20,0,2012-12-20
417229,19171,201210,29,0,2012-10-29
417655,19260,201210,31,0,2012-10-31
417655,19259,201210,29,0,2012-10-29
417767,19197,201210,29,0,2012-10-29
418259,19239,201210,2,0,2012-10-02
418625,19633,201212,4,0,2012-12-04
418711,19362,201212,19,0,2012-12-19
419040,19421,201212,26,0,2012-12-26
419271,19264,201211,30,0,2012-11-30
419341,19269,201212,21,0,2012-12-21
419342,19268,201212,21,0,2012-12-21
419848,19281,201212,19,0,2012-12-19
420015,19274,201211,3,0,2012-11-03
420067,19277,201211,30,0,2012-11-30
420183,19278,201211,27,0,2012-11-27
420183,19279,201211,27,0,2012-11-27
420183,19280,201211,27,0,2012-11-27
420320,19282,201212,15,0,2012-12-15
420322,19646,201212,25,0,2012-12-25
420465,19881,201210,30,0,2012-10-30
420465,19880,201210,29,0,2012-10-29
420534,19906,201210,31,0,2012-10-31
420534,19907,201210,1,0,2012-10-01
420534,19908,201210,1,0,2012-10-01
420534,19909,201210,1,0,2012-10-01
420534,19910,201210,2,0,2012-10-02
420534,19911,201210,2,0,2012-10-02
420534,19890,201210,29,0,2012-10-29
359087,19263,201202,28,0,2012-02-28
359356,17485,201201,2,0,2012-01-02
359638,17486,201203,1,0,2012-03-01
359691,18385,201202,7,0,2012-02-07
359691,18386,201202,29,0,2012-02-29
359691,18387,201202,29,0,2012-02-29
359691,18388,201202,29,0,2012-02-29
359691,18389,201202,29,0,2012-02-29
359691,18390,201202,29,0,2012-02-29
359691,18391,201202,29,0,2012-02-29
359691,18392,201202,31,0,
359709,17740,201202,29,0,2012-02-29
359763,18899,201201,6,0,2012-01-06
359896,18133,201203,2,0,2012-03-02
359896,18134,201203,2,0,2012-03-02
359896,18135,201203,2,0,2012-03-02
359896,18136,201203,2,0,2012-03-02
359896,18137,201203,2,0,2012-03-02
359912,18423,201203,2,0,2012-03-02
359915,18100,201203,2,0,2012-03-02
359915,18101,201203,2,0,2012-03-02
359915,18102,201203,2,0,2012-03-02
359915,18103,201203,2,0,2012-03-02
359916,18089,201203,2,0,2012-03-02
360218,17503,201201,21,0,2012-01-21
360231,17501,201201,21,0,2012-01-21
360231,17502,201201,21,0,2012-01-21
360274,17500,201201,22,0,2012-01-22
360919,17510,201201,20,0,2012-01-20
361122,17598,201202,1,0,2012-02-01
361137,17552,201202,27,0,2012-02-27
361180,17593,201203,7,0,2012-03-07
361180,17594,201203,7,0,2012-03-07
361916,17567,201201,19,0,2012-01-19
362534,17578,201202,25,0,2012-02-25
362534,17579,201202,25,0,2012-02-25
362534,17580,201202,25,0,2012-02-25
362592,20354,201202,29,0,2012-02-29
362596,20352,201202,29,0,2012-02-29
362596,20353,201202,29,0,2012-02-29
362794,17560,201201,28,0,2012-01-28
363176,17716,201201,19,0,2012-01-19
363239,17558,201201,12,0,2012-01-12
363341,17709,201202,29,0,2012-02-29
363558,17585,201201,23,0,2012-01-23
363820,18058,201203,10,0,2012-03-10
364075,17571,201203,24,0,2012-03-24
364127,17574,201203,21,0,2012-03-21
364186,17712,201202,28,0,2012-02-28
364295,17586,201201,23,0,2012-01-23
364302,17582,201204,3,0,2012-04-03
364344,18059,201203,31,0,2012-03-31
365156,17589,201202,22,0,2012-02-22
365191,17843,201203,3,0,2012-03-03
365560,17590,201204,15,0,2012-04-15
365877,17705,201202,5,0,2012-02-05
365938,17706,201202,23,0,2012-02-23
365945,17597,201204,16,0,2012-04-16
366020,18023,201203,2,0,2012-03-02
366020,18024,201203,2,0,2012-03-02
366634,17649,201202,24,0,2012-02-24
366667,17651,201202,24,0,2012-02-24
366706,17693,201202,19,0,2012-02-19
366707,17694,201202,19,0,2012-02-19
366707,17695,201202,19,0,2012-02-19
366707,17696,201202,19,0,2012-02-19
367330,18222,201204,11,0,2012-04-11
367330,18223,201204,11,0,2012-04-11
367448,17713,201202,24,0,2012-02-24
367516,17715,201202,24,0,2012-02-24
367636,17743,201202,24,0,2012-02-24
367638,17744,201202,28,0,2012-02-28
367765,17745,201201,21,0,2012-01-21
368695,18527,201203,2,0,2012-03-02
368695,18528,201203,2,0,2012-03-02
353213,17185,201201,3,0,2012-01-03
354155,17272,201201,16,0,2012-01-16
354429,17291,201201,11,0,2012-01-11
354444,17398,201201,12,0,2012-01-12
355788,17388,201202,1,0,2012-02-01
355955,17508,201202,4,0,2012-02-04
356071,17395,201201,2,0,2012-01-02
356081,17396,201201,13,0,2012-01-13
356084,17391,201201,12,0,2012-01-12
356085,17405,201201,12,0,2012-01-12
356180,17459,201201,12,0,2012-01-12
356278,17399,201201,12,0,2012-01-12
356279,17400,201201,12,0,2012-01-12
356780,17511,201201,29,0,2012-01-29
356780,17512,201201,29,0,2012-01-29
356780,17513,201201,29,0,2012-01-29
356780,17514,201201,29,0,2012-01-29
356780,17515,201201,29,0,2012-01-29
356780,17516,201201,29,0,2012-01-29
356780,17517,201201,29,0,2012-01-29
356780,17518,201201,29,0,2012-01-29
356780,17519,201201,29,0,2012-01-29
356780,17520,201201,29,0,2012-01-29
356780,17521,201201,29,0,2012-01-29
356947,17426,201201,7,0,2012-01-07
356993,17427,201202,11,0,2012-02-11
357149,17700,201201,18,0,2012-01-18
357149,17701,201201,18,0,2012-01-18
357198,17527,201201,17,0,2012-01-17
357844,17748,201202,20,0,2012-02-20
358004,17451,201201,21,0,2012-01-21
358599,17569,201202,2,0,2012-02-02
358634,17468,201201,22,0,2012-01-22
358926,17479,201202,22,0,2012-02-22
359050,17481,201201,25,0,2012-01-25
359051,17482,201201,25,0,2012-01-25
369148,19601,201203,2,0,2012-03-02
369148,19602,201203,2,0,2012-03-02
369430,17960,201203,2,0,2012-03-02
369430,17962,201203,2,0,2012-03-02
369430,17961,201203,2,0,2012-03-02
369474,18117,201203,2,0,2012-03-02
369474,18118,201203,2,0,2012-03-02
369474,18115,201203,2,0,2012-03-02
369474,18116,201203,2,0,2012-03-02
370174,18120,201203,2,0,2012-03-02
289571,9144,201104,15,0,2011-04-15
289592,9730,201104,26,0,2011-04-26
289612,9138,201104,25,0,2011-04-25
289612,9139,201104,25,0,2011-04-25
289612,9140,201104,25,0,2011-04-25
289612,9141,201104,25,0,2011-04-25
290103,8793,201103,19,0,2011-03-19
290109,8792,201103,16,0,2011-03-16
290116,8753,201104,27,0,2011-04-27
290116,8754,201104,27,0,2011-04-27
290116,8755,201104,27,0,2011-04-27
290503,8756,201103,22,0,2011-03-22
290523,16435,201104,11,0,2011-04-11
290786,8757,201102,8,0,2011-02-08
290951,8764,201104,15,0,2011-04-15
290952,8763,201104,15,0,2011-04-15
290959,8765,201104,15,0,2011-04-15
290959,8766,201104,15,0,2011-04-15
290997,8786,201103,21,0,2011-03-21
291087,8777,201102,3,0,2011-02-03
291103,8778,201102,3,0,2011-02-03
291103,8779,201102,3,0,2011-02-03
291136,8780,201102,3,0,2011-02-03
291417,8788,201105,14,0,2011-05-14
291544,8789,201105,14,0,2011-05-14
291597,9029,201104,23,0,2011-04-23
291601,8997,201103,20,0,2011-03-20
291814,9035,201104,25,0,2011-04-25
292185,8809,201103,5,0,2011-03-05
292351,8803,201103,26,0,2011-03-26
292605,9682,201104,26,0,2011-04-26
293377,8810,201103,8,0,2011-03-08
293821,9890,201104,27,0,2011-04-27
293825,9889,201104,27,0,2011-04-27
294036,17283,201104,27,0,2011-04-27
294036,17284,201104,27,0,2011-04-27
294036,17285,201104,27,0,2011-04-27
294036,17286,201104,27,0,2011-04-27
294080,13861,201105,22,0,2011-05-22
294306,8828,201104,15,0,2011-04-15
294514,9722,201104,5,0,2011-04-05
294833,8829,201103,15,0,2011-03-15
294862,8871,201104,4,0,2011-04-04
294862,8872,201104,4,0,2011-04-04
295231,8840,201103,26,0,2011-03-26
295231,8841,201103,26,0,2011-03-26
295231,8842,201103,26,0,2011-03-26
295231,8843,201103,26,0,2011-03-26
295231,8844,201103,26,0,2011-03-26
295249,8845,201104,4,0,2011-04-04
295299,8853,201103,11,0,2011-03-11
295351,9862,201104,5,0,2011-04-05
295378,8859,201104,4,0,2011-04-04
295400,8861,201105,31,0,2011-05-31
295476,15904,201105,21,0,2011-05-21
296305,8894,201105,2,0,2011-05-02
296420,9019,201104,25,0,2011-04-25
296420,9020,201104,25,0,2011-04-25
296429,9892,201104,25,0,2011-04-25
296429,9893,201104,25,0,2011-04-25
296431,9023,201104,25,0,2011-04-25
296449,8867,201104,5,0,2011-04-05
296474,15345,201104,27,0,2011-04-27
296617,16821,201105,22,0,2011-05-22
296617,16822,201105,22,0,2011-05-22
296617,16823,201105,22,0,2011-05-22
296617,16824,201105,22,0,2011-05-22
296617,16825,201105,22,0,2011-05-22
296617,16826,201105,22,0,2011-05-22
296617,16827,201105,22,0,2011-05-22
296617,16828,201105,22,0,2011-05-22
296617,16872,201105,22,0,2011-05-22
296617,16888,201105,22,0,2011-05-22
296617,16854,201105,22,0,2011-05-22
296617,16855,201105,22,0,2011-05-22
296617,16856,201105,22,0,2011-05-22
296617,16857,201105,22,0,2011-05-22
296617,16858,201105,22,0,2011-05-22
296617,16859,201105,22,0,2011-05-22
296617,16843,201105,22,0,2011-05-22
296617,16844,201105,22,0,2011-05-22
296617,16845,201105,22,0,2011-05-22
296617,16846,201105,22,0,2011-05-22
296617,16847,201105,22,0,2011-05-22
296617,16848,201105,22,0,2011-05-22
296617,16849,201105,22,0,2011-05-22
296617,16850,201105,22,0,2011-05-22
296617,16851,201105,22,0,2011-05-22
296617,16852,201105,22,0,2011-05-22
296617,16853,201105,22,0,2011-05-22
296617,16831,201105,22,0,2011-05-22
296617,16832,201105,22,0,2011-05-22
296617,16833,201105,22,0,2011-05-22
296617,16834,201105,22,0,2011-05-22
296617,16835,201105,22,0,2011-05-22
296617,16836,201105,22,0,2011-05-22
296617,16837,201105,22,0,2011-05-22
296617,16838,201105,22,0,2011-05-22
296617,16839,201105,22,0,2011-05-22
296617,16840,201105,22,0,2011-05-22
296617,16841,201105,22,0,2011-05-22
296617,16842,201105,22,0,2011-05-22
296617,16829,201105,22,0,2011-05-22
296617,16830,201105,22,0,2011-05-22
296617,16819,201105,22,0,2011-05-22
296617,16820,201105,22,0,2011-05-22
296617,16729,201105,22,0,2011-05-22
296617,16730,201105,22,0,2011-05-22
296617,16731,201105,22,0,2011-05-22
296617,16732,201105,22,0,2011-05-22
296617,16733,201105,22,0,2011-05-22
296617,16734,201105,22,0,2011-05-22
296617,16735,201105,22,0,2011-05-22
296617,16736,201105,22,0,2011-05-22
296617,16762,201105,22,0,2011-05-22
296617,16763,201105,22,0,2011-05-22
296617,16764,201105,22,0,2011-05-22
296617,16765,201105,22,0,2011-05-22
296617,16766,201105,22,0,2011-05-22
296617,16767,201105,22,0,2011-05-22
296617,16768,201105,22,0,2011-05-22
296617,16769,201105,22,0,2011-05-22
296617,16770,201105,22,0,2011-05-22
296617,16771,201105,22,0,2011-05-22
296617,16772,201105,22,0,2011-05-22
296617,16773,201105,22,0,2011-05-22
296617,16774,201105,22,0,2011-05-22
296617,16775,201105,22,0,2011-05-22
296617,16776,201105,22,0,2011-05-22
296617,16777,201105,22,0,2011-05-22
296617,16778,201105,22,0,2011-05-22
296617,16779,201105,22,0,2011-05-22
296617,16780,201105,22,0,2011-05-22
296617,16781,201105,22,0,2011-05-22
296617,16782,201105,22,0,2011-05-22
296617,16783,201105,22,0,2011-05-22
296617,16784,201105,22,0,2011-05-22
296617,16785,201105,22,0,2011-05-22
296617,16786,201105,22,0,2011-05-22
296617,16787,201105,22,0,2011-05-22
296617,16788,201105,22,0,2011-05-22
296617,16789,201105,22,0,2011-05-22
296617,16790,201105,22,0,2011-05-22
296617,16791,201105,22,0,2011-05-22
296617,16792,201105,22,0,2011-05-22
296617,16793,201105,22,0,2011-05-22
296617,16794,201105,22,0,2011-05-22
296617,16795,201105,22,0,2011-05-22
296617,16796,201105,22,0,2011-05-22
296617,16797,201105,22,0,2011-05-22
296617,16798,201105,22,0,2011-05-22
296617,16799,201105,22,0,2011-05-22
296617,16800,201105,22,0,2011-05-22
296617,16801,201105,22,0,2011-05-22
296617,16802,201105,22,0,2011-05-22
296617,16803,201105,22,0,2011-05-22
296617,16804,201105,22,0,2011-05-22
296617,16805,201105,22,0,2011-05-22
296617,16806,201105,22,0,2011-05-22
296617,16807,201105,22,0,2011-05-22
296617,16808,201105,22,0,2011-05-22
296617,16809,201105,22,0,2011-05-22
296617,16810,201105,22,0,2011-05-22
296617,16811,201105,22,0,2011-05-22
296617,16812,201105,22,0,2011-05-22
296617,16813,201105,22,0,2011-05-22
296617,16814,201105,22,0,2011-05-22
296617,16815,201105,22,0,2011-05-22
296617,16816,201105,22,0,2011-05-22
296617,16817,201105,22,0,2011-05-22
296617,16818,201105,22,0,2011-05-22
296617,16737,201105,22,0,2011-05-22
296617,16738,201105,22,0,2011-05-22
296617,16739,201105,22,0,2011-05-22
296617,16740,201105,22,0,2011-05-22
296617,16741,201105,22,0,2011-05-22
296617,16742,201105,22,0,2011-05-22
296617,16743,201105,22,0,2011-05-22
296617,16744,201105,22,0,2011-05-22
296617,16745,201105,22,0,2011-05-22
296617,16746,201105,22,0,2011-05-22
296617,16747,201105,22,0,2011-05-22
296617,16748,201105,22,0,2011-05-22
296617,16749,201105,22,0,2011-05-22
296617,16750,201105,22,0,2011-05-22
296617,16751,201105,22,0,2011-05-22
296617,16752,201105,22,0,2011-05-22
296617,16753,201105,22,0,2011-05-22
296617,16754,201105,22,0,2011-05-22
296617,16755,201105,22,0,2011-05-22
296617,16756,201105,22,0,2011-05-22
296617,16757,201105,22,0,2011-05-22
296617,16758,201105,22,0,2011-05-22
296617,16759,201105,22,0,2011-05-22
296617,16760,201105,22,0,2011-05-22
281990,8727,201102,2,0,2011-02-02
281992,8740,201102,1,0,2011-02-01
281992,8739,201102,1,0,2011-02-01
281992,8741,201102,2,0,2011-02-02
281992,8742,201102,6,0,2011-02-06
281992,8743,201102,2,0,2011-02-02
282008,8646,201102,2,0,2011-02-02
282012,8721,201102,2,0,2011-02-02
282014,8729,201102,2,0,2011-02-02
282015,8690,201102,1,0,2011-02-01
282015,8691,201102,1,0,2011-02-01
282079,8608,201102,28,0,2011-02-28
282091,8562,201103,7,0,2011-03-07
282120,8504,201101,9,0,2011-01-09
282123,8506,201101,10,0,2011-01-10
282321,8527,201102,9,0,2011-02-09
282379,8528,201102,10,0,2011-02-10
282670,8532,201102,17,0,2011-02-17
283230,8533,201102,10,0,2011-02-10
284037,8535,201102,1,0,2011-02-01
284373,8674,201103,23,0,2011-03-23
284395,8598,201102,28,0,2011-02-28
284951,8563,201103,8,0,2011-03-08
285080,9797,201104,14,0,2011-04-14
285080,9798,201104,14,0,2011-04-14
285317,8571,201103,21,0,2011-03-21
285519,8576,201102,4,0,2011-02-04
285519,8577,201102,4,0,2011-02-04
285664,8581,201102,3,0,2011-02-03
285786,8587,201103,5,0,2011-03-05
285791,8594,201102,25,0,2011-02-25
285791,8595,201102,25,0,2011-02-25
285794,8597,201102,25,0,2011-02-25
286084,8599,201102,4,0,2011-02-04
286207,8700,201102,23,0,2011-02-23
286231,8606,201102,3,0,2011-02-03
286247,8607,201102,28,0,2011-02-28
286493,8699,201102,27,0,2011-02-27
286494,8615,201102,17,0,2011-02-17
286495,8665,201102,3,0,2011-02-03
286498,8618,201102,19,0,2011-02-19
286692,8620,201102,1,0,2011-02-01
286874,8666,201102,9,0,2011-02-09
286887,8667,201102,9,0,2011-02-09
286887,8668,201102,9,0,2011-02-09
286896,8669,201102,3,0,2011-02-03
286896,8670,201102,3,0,2011-02-03
286896,8671,201102,3,0,2011-02-03
286979,8639,201102,1,0,2011-02-01
286988,17073,201102,1,0,2011-02-01
286988,17074,201102,1,0,2011-02-01
286988,17075,201102,1,0,2011-02-01
287013,8632,201102,2,0,2011-02-02
287046,8633,201102,28,0,2011-02-28
287052,8663,201102,3,0,2011-02-03
287052,8664,201102,3,0,2011-02-03
287056,8673,201102,8,0,2011-02-08
287265,8692,201102,1,0,2011-02-01
287527,8800,201102,2,0,2011-02-02
287527,8801,201102,2,0,2011-02-02
287730,8693,201102,17,0,2011-02-17
287805,8694,201104,26,0,2011-04-26
287805,8695,201104,26,0,2011-04-26
287829,8716,201103,20,0,2011-03-20
287834,8799,201103,16,0,2011-03-16
287873,8697,201102,4,0,2011-02-04
288072,8714,201102,21,0,2011-02-21
288564,8748,201104,16,0,2011-04-16
288619,13868,201104,7,0,2011-04-07
288619,13869,201104,7,0,2011-04-07
288661,13865,201104,6,0,2011-04-06
288945,9184,201103,22,0,2011-03-22
289353,8749,201102,3,0,2011-02-03
289571,9143,201104,15,0,2011-04-15
301811,14139,201104,27,0,2011-04-27
301811,14140,201104,27,0,2011-04-27
301811,14141,201104,27,0,2011-04-27
301811,14142,201104,27,0,2011-04-27
301811,14143,201104,27,0,2011-04-27
301811,14144,201104,27,0,2011-04-27
301811,14145,201104,27,0,2011-04-27
301811,14146,201104,27,0,2011-04-27
301811,14147,201104,27,0,2011-04-27
301811,14148,201104,27,0,2011-04-27
301811,14149,201104,27,0,2011-04-27
301811,14152,201104,27,0,2011-04-27
301811,14153,201104,27,0,2011-04-27
301811,14154,201104,27,0,2011-04-27
301811,14157,201104,27,0,2011-04-27
301811,14159,201104,27,0,2011-04-27
301811,14135,201104,27,0,2011-04-27
301811,14150,201104,27,0,2011-04-27
301811,14151,201104,27,0,2011-04-27
301811,14158,201104,27,0,2011-04-27
301811,14160,201104,27,0,2011-04-27
301811,14161,201104,27,0,2011-04-27
301811,14155,201104,27,0,2011-04-27
301811,14156,201104,27,0,2011-04-27
301829,17664,201104,27,0,2011-04-27
301829,17665,201104,27,0,2011-04-27
301829,17666,201104,27,0,2011-04-27
301829,17667,201104,27,0,2011-04-27
301829,17668,201104,27,0,2011-04-27
301829,17669,201104,27,0,2011-04-27
301829,17670,201104,27,0,2011-04-27
301829,17671,201104,27,0,2011-04-27
301829,17672,201104,27,0,2011-04-27
301829,17673,201104,27,0,2011-04-27
301829,17674,201104,27,0,2011-04-27
301829,17675,201104,27,0,2011-04-27
301829,17676,201104,27,0,2011-04-27
301829,17677,201104,27,0,2011-04-27
301829,17678,201104,27,0,2011-04-27
301829,17679,201104,27,0,2011-04-27
301829,17680,201104,27,0,2011-04-27
301829,17681,201104,27,0,2011-04-27
301829,17682,201104,27,0,2011-04-27
301829,17683,201104,27,0,2011-04-27
301829,17684,201104,27,0,2011-04-27
301829,17685,201104,27,0,2011-04-27
301829,17686,201104,27,0,2011-04-27
301829,17687,201104,27,0,2011-04-27
301829,17688,201104,27,0,2011-04-27
301846,14360,201104,27,0,2011-04-27
301846,14361,201104,27,0,2011-04-27
301846,14365,201104,27,0,2011-04-27
301846,14366,201104,27,0,2011-04-27
301846,14367,201104,27,0,2011-04-27
301846,14368,201104,27,0,2011-04-27
301846,14371,201104,27,0,2011-04-27
301846,14372,201104,27,0,2011-04-27
301846,14373,201104,27,0,2011-04-27
301846,14362,201104,27,0,2011-04-27
301846,14363,201104,27,0,2011-04-27
301846,14364,201104,27,0,2011-04-27
301846,14369,201104,27,0,2011-04-27
301846,14370,201104,27,0,2011-04-27
301882,14179,201104,27,0,2011-04-27
301902,13999,201104,27,0,2011-04-27
301902,14000,201104,27,0,2011-04-27
301902,14001,201104,27,0,2011-04-27
301902,13998,201104,27,0,2011-04-27
301925,14198,201104,27,0,2011-04-27
301925,14199,201104,27,0,2011-04-27
301925,14202,201104,27,0,2011-04-27
301925,14203,201104,27,0,2011-04-27
301925,14200,201104,27,0,2011-04-27
301925,14201,201104,27,0,2011-04-27
301929,17658,201104,27,0,2011-04-27
301929,17659,201104,27,0,2011-04-27
301929,17660,201104,27,0,2011-04-27
301929,17661,201104,27,0,2011-04-27
301929,17662,201104,27,0,2011-04-27
301929,17663,201104,27,0,2011-04-27
301943,14003,201104,27,0,2011-04-27
301959,9057,201104,16,0,2011-04-16
301959,9058,201104,16,0,2011-04-16
302032,9048,201104,30,0,2011-04-30
302067,14326,201104,27,0,2011-04-27
302067,14327,201104,27,0,2011-04-27
302067,14328,201104,27,0,2011-04-27
302067,14329,201104,27,0,2011-04-27
302067,14330,201104,27,0,2011-04-27
302077,15938,201106,21,0,2011-06-21
302165,9032,201104,15,0,2011-04-15
302165,9033,201104,15,0,2011-04-15
302192,14002,201104,27,0,2011-04-27
302349,9129,201104,25,0,2011-04-25
302999,9104,201104,27,0,2011-04-27
303128,9102,201104,27,0,2011-04-27
303212,9136,201104,26,0,2011-04-26
303247,9122,201104,27,0,2011-04-27
303247,9123,201104,27,0,2011-04-27
303247,9124,201104,27,0,2011-04-27
303248,9084,201104,27,0,2011-04-27
303562,15095,201104,27,0,2011-04-27
303562,15096,201104,27,0,2011-04-27
303562,15097,201104,27,0,2011-04-27
303562,15103,201104,27,0,2011-04-27
303562,15104,201104,27,0,2011-04-27
303562,15093,201104,27,0,2011-04-27
303562,15094,201104,27,0,2011-04-27
303562,15098,201104,27,0,2011-04-27
303562,15099,201104,27,0,2011-04-27
303562,15100,201104,27,0,2011-04-27
303562,15101,201104,27,0,2011-04-27
303562,15102,201104,27,0,2011-04-27
303562,15105,201104,27,0,2011-04-27
303562,15106,201104,27,0,2011-04-27
303562,15107,201104,27,0,2011-04-27
303562,15108,201104,27,0,2011-04-27
303702,9103,201104,5,0,2011-04-05
303709,9105,201104,5,0,2011-04-05
303871,9157,201104,27,0,2011-04-27
303904,11163,201105,23,0,2011-05-23
304393,9135,201104,9,0,2011-04-09
304422,9927,201104,30,0,2011-04-30
304519,9681,201104,16,0,2011-04-16
304631,9915,201104,27,0,2011-04-27
304631,9916,201104,27,0,2011-04-27
304929,9815,201104,16,0,2011-04-16
304929,9816,201104,16,0,2011-04-16
304929,9813,201104,16,0,2011-04-16
304929,9814,201104,16,0,2011-04-16
304929,9817,201104,16,0,2011-04-16
304929,9818,201104,16,0,2011-04-16
304929,9819,201104,16,0,2011-04-16
304929,9820,201104,16,0,2011-04-16
304929,9821,201104,16,0,2011-04-16
304929,9822,201104,16,0,2011-04-16
304929,9823,201104,16,0,2011-04-16
304929,9824,201104,16,0,2011-04-16
305032,9158,201104,25,0,2011-04-25
305268,9917,201104,27,0,2011-04-27
305268,9918,201104,27,0,2011-04-27
305268,9919,201104,27,0,2011-04-27
305268,9920,201104,27,0,2011-04-27
305268,9921,201104,27,0,2011-04-27
305268,9922,201104,27,0,2011-04-27
305268,9923,201104,27,0,2011-04-27
305268,9924,201104,27,0,2011-04-27
305309,9193,201104,10,0,2011-04-10
305458,9676,201104,3,0,2011-04-03
305469,9799,201104,16,0,2011-04-16
305469,9800,201104,16,0,2011-04-16
305738,17324,201104,27,0,2011-04-27
305916,9773,201106,12,0,2011-06-12
306515,9827,201105,1,0,2011-05-01
306637,9828,201106,28,0,2011-06-28
306714,14313,201106,20,0,2011-06-20
306842,13859,201104,27,0,2011-04-27
306842,13860,201104,27,0,2011-04-27
306883,9925,201104,27,0,2011-04-27
306883,9926,201104,27,0,2011-04-27
307342,12717,201104,27,0,2011-04-27
307342,12718,201104,27,0,2011-04-27
307342,12715,201104,27,0,2011-04-27
307342,12716,201104,27,0,2011-04-27
307758,9878,201105,30,0,2011-05-30
308462,11142,201105,25,0,2011-05-25
308464,11133,201105,25,0,2011-05-25
308498,10734,201105,24,0,2011-05-24
308568,9910,201107,1,0,2011-07-01
308650,16303,201105,21,0,2011-05-21
308979,14162,201104,27,0,2011-04-27
309029,15444,201105,24,0,2011-05-24
309040,11130,201105,3,0,2011-05-03
309071,12722,201104,27,0,2011-04-27
309071,12723,201104,27,0,2011-04-27
309071,12725,201104,27,0,2011-04-27
309071,12727,201104,27,0,2011-04-27
309071,12719,201104,27,0,2011-04-27
309071,12720,201104,27,0,2011-04-27
309071,12721,201104,27,0,2011-04-27
309071,12724,201104,27,0,2011-04-27
309071,12726,201104,27,0,2011-04-27
309095,16920,201104,27,0,2011-04-27
309095,16921,201104,27,0,2011-04-27
309095,16922,201104,27,0,2011-04-27
309095,16923,201104,27,0,2011-04-27
309095,16924,201104,27,0,2011-04-27
309095,16925,201104,27,0,2011-04-27
309095,16926,201104,27,0,2011-04-27
309095,16927,201104,27,0,2011-04-27
309095,16928,201104,27,0,2011-04-27
309097,11141,201105,3,0,2011-05-03
309295,12728,201104,27,0,2011-04-27
309295,12729,201104,27,0,2011-04-27
309295,12730,201104,27,0,2011-04-27
309295,12731,201104,27,0,2011-04-27
309295,12732,201104,27,0,2011-04-27
314662,15892,201104,1,0,2011-04-01
314662,15893,201104,9,0,2011-04-09
314662,15894,201104,13,0,2011-04-13
314662,15895,201104,5,0,2011-04-05
314662,15896,201104,24,0,2011-04-24
314662,15897,201104,11,0,2011-04-11
314662,15898,201104,29,0,2011-04-29
314662,15899,201104,24,0,2011-04-24
314662,15900,201104,5,0,2011-04-05
314662,15850,201104,27,0,2011-04-27
314663,14790,201104,27,0,2011-04-27
314663,14791,201104,27,0,2011-04-27
314663,14792,201104,27,0,2011-04-27
314663,14793,201104,27,0,2011-04-27
314663,14794,201104,27,0,2011-04-27
314663,14795,201104,27,0,2011-04-27
314663,14796,201104,27,0,2011-04-27
314663,14797,201104,27,0,2011-04-27
314663,14798,201104,27,0,2011-04-27
309295,12733,201104,27,0,2011-04-27
309295,12734,201104,27,0,2011-04-27
309334,10754,201105,24,0,2011-05-24
309488,14811,201104,27,0,2011-04-27
309488,14819,201104,27,0,2011-04-27
309488,14820,201104,27,0,2011-04-27
309488,14821,201104,27,0,2011-04-27
309488,14822,201104,27,0,2011-04-27
309488,14823,201104,27,0,2011-04-27
309488,14827,201104,27,0,2011-04-27
309488,14828,201104,27,0,2011-04-27
309488,14813,201104,27,0,2011-04-27
309488,14814,201104,27,0,2011-04-27
309488,14825,201104,27,0,2011-04-27
309488,14826,201104,27,0,2011-04-27
309488,14817,201104,27,0,2011-04-27
309488,14818,201104,27,0,2011-04-27
309488,14812,201104,27,0,2011-04-27
309488,14815,201104,27,0,2011-04-27
309488,14816,201104,27,0,2011-04-27
309488,14824,201104,27,0,2011-04-27
309508,10010,201105,10,0,2011-05-10
309508,10011,201105,10,0,2011-05-10
310048,10339,201106,4,0,2011-06-04
310083,14344,201104,15,0,2011-04-15
310453,10737,201104,9,0,2011-04-09
310453,10738,201104,9,0,2011-04-09
310803,10747,201107,14,0,2011-07-14
310806,12837,201106,5,0,2011-06-05
311582,10756,201105,9,0,2011-05-09
311613,12696,201104,27,0,2011-04-27
311717,14341,201104,15,0,2011-04-15
311717,14342,201104,15,0,2011-04-15
311717,14343,201104,15,0,2011-04-15
312247,15058,201105,12,0,2011-05-12
312524,10785,201105,1,0,2011-05-01
312532,10786,201107,12,0,2011-07-12
312738,12274,201104,27,0,2011-04-27
312739,12273,201104,27,0,2011-04-27
313004,12271,201105,24,0,2011-05-24
313010,10960,201105,24,0,2011-05-24
313010,10961,201105,14,0,2011-05-14
313379,16304,201105,22,0,2011-05-22
314492,12865,201105,24,0,2011-05-24
314662,15854,201104,27,0,2011-04-27
314662,15857,201104,27,0,2011-04-27
314662,15858,201104,27,0,2011-04-27
314662,15871,201104,27,0,2011-04-27
314662,15873,201104,27,0,2011-04-27
314662,15874,201104,27,0,2011-04-27
314662,15881,201104,27,0,2011-04-27
314662,15884,201104,27,0,2011-04-27
314662,15852,201104,27,0,2011-04-27
314662,15853,201104,27,0,2011-04-27
314662,15860,201104,27,0,2011-04-27
314662,15864,201104,27,0,2011-04-27
314662,15865,201104,27,0,2011-04-27
314662,15866,201104,27,0,2011-04-27
314662,15868,201104,27,0,2011-04-27
314662,15869,201104,27,0,2011-04-27
314662,15870,201104,27,0,2011-04-27
314662,15872,201104,27,0,2011-04-27
314662,15875,201104,27,0,2011-04-27
314662,15879,201104,27,0,2011-04-27
314662,15880,201104,27,0,2011-04-27
314662,15882,201104,27,0,2011-04-27
314662,15883,201104,27,0,2011-04-27
314662,15885,201104,27,0,2011-04-27
314662,15887,201104,27,0,2011-04-27
314662,15888,201104,27,0,2011-04-27
314662,15889,201104,27,0,2011-04-27
314662,15890,201104,27,0,2011-04-27
314662,15891,201104,8,0,2011-04-08
314662,15901,201104,16,0,2011-04-16
314662,15851,201104,27,0,2011-04-27
314662,15855,201104,27,0,2011-04-27
314662,15856,201104,27,0,2011-04-27
314662,15859,201104,27,0,2011-04-27
314662,15861,201104,27,0,2011-04-27
314662,15862,201104,27,0,2011-04-27
314662,15863,201104,27,0,2011-04-27
314662,15867,201104,27,0,2011-04-27
314662,15876,201104,27,0,2011-04-27
314662,15877,201104,27,0,2011-04-27
314662,15878,201104,27,0,2011-04-27
314662,15886,201104,27,0,2011-04-27
296617,16761,201105,22,0,2011-05-22
296617,16860,201105,22,0,2011-05-22
296617,16861,201105,22,0,2011-05-22
296617,16862,201105,22,0,2011-05-22
296617,16863,201105,22,0,2011-05-22
296617,16864,201105,22,0,2011-05-22
296617,16865,201105,22,0,2011-05-22
296617,16866,201105,22,0,2011-05-22
296617,16867,201105,22,0,2011-05-22
296617,16868,201105,22,0,2011-05-22
296617,16869,201105,22,0,2011-05-22
296617,16870,201105,22,0,2011-05-22
296617,16871,201105,22,0,2011-05-22
296617,16889,201105,22,0,2011-05-22
296617,16873,201105,22,0,2011-05-22
296617,16874,201105,22,0,2011-05-22
296617,16875,201105,22,0,2011-05-22
296617,16876,201105,22,0,2011-05-22
296617,16877,201105,22,0,2011-05-22
296617,16878,201105,22,0,2011-05-22
296617,16879,201105,22,0,2011-05-22
296617,16880,201105,22,0,2011-05-22
296617,16881,201105,22,0,2011-05-22
296617,16882,201105,22,0,2011-05-22
296617,16883,201105,22,0,2011-05-22
296617,16884,201105,22,0,2011-05-22
296617,16885,201105,22,0,2011-05-22
296617,16886,201105,22,0,2011-05-22
296617,16887,201105,22,0,2011-05-22
296755,8876,201104,4,0,2011-04-04
296763,8874,201103,15,0,2011-03-15
296766,8875,201105,1,0,2011-05-01
296776,14905,201104,15,0,2011-04-15
296786,14898,201104,15,0,2011-04-15
296786,14899,201104,15,0,2011-04-15
296786,14900,201104,15,0,2011-04-15
296789,17243,201104,27,0,2011-04-27
296789,17244,201104,27,0,2011-04-27
296789,17245,201104,27,0,2011-04-27
296789,17246,201104,27,0,2011-04-27
296789,17247,201104,27,0,2011-04-27
296789,17248,201104,27,0,2011-04-27
296789,17249,201104,27,0,2011-04-27
296789,17250,201104,27,0,2011-04-27
297259,16460,201106,9,0,2011-06-09
297283,16407,201106,26,0,2011-06-26
297492,8900,201104,16,0,2011-04-16
297552,8903,201104,16,0,2011-04-16
297632,17322,201104,27,0,2011-04-27
297650,17326,201104,27,0,2011-04-27
297650,17327,201104,27,0,2011-04-27
297659,8907,201104,16,0,2011-04-16
297659,8906,201104,16,0,2011-04-16
297671,8908,201104,19,0,2011-04-19
297671,8909,201104,16,0,2011-04-16
297671,8910,201104,16,0,2011-04-16
297671,8911,201104,16,0,2011-04-16
297971,8913,201102,1,0,2011-02-01
297974,8914,201103,27,0,2011-03-27
298017,8915,201105,25,0,2011-05-25
298057,8916,201104,27,0,2011-04-27
298080,14903,201106,9,0,2011-06-09
298271,8922,201104,15,0,2011-04-15
298380,17343,201104,28,0,2011-04-28
298380,17345,201104,28,0,2011-04-28
298380,17344,201104,28,0,2011-04-28
298380,17346,201104,28,0,2011-04-28
299091,8926,201104,13,0,2011-04-13
299908,8927,201104,14,0,2011-04-14
300121,17442,201104,16,0,2011-04-16
300121,17443,201104,16,0,2011-04-16
300457,17287,201104,27,0,2011-04-27
300457,17288,201104,27,0,2011-04-27
300457,17289,201104,27,0,2011-04-27
300457,17290,201104,27,0,2011-04-27
300460,20030,201104,27,0,2011-04-27
300460,20031,201104,27,0,2011-04-27
300460,20032,201104,27,0,2011-04-27
300460,20033,201104,27,0,2011-04-27
300465,8960,201104,3,0,2011-04-03
300477,8990,201104,16,0,2011-04-16
300477,8991,201104,16,0,2011-04-16
300477,8992,201104,16,0,2011-04-16
300502,8995,201104,16,0,2011-04-16
300656,9134,201104,26,0,2011-04-26
300747,17207,201104,27,0,2011-04-27
301151,8979,201104,27,0,2011-04-27
301184,8980,201104,29,0,2011-04-29
301313,8985,201104,16,0,2011-04-16
301646,9881,201106,7,0,2011-06-07
301771,9128,201104,27,0,2011-04-27
301811,14136,201104,27,0,2011-04-27
301811,14137,201104,27,0,2011-04-27
301811,14138,201104,27,0,2011-04-27
338197,15745,201107,22,0,2011-07-22
338241,15701,201107,7,0,2011-07-07
338241,15702,201107,7,0,2011-07-07
338327,15703,201107,13,0,2011-07-13
338668,15826,201107,24,0,2011-07-24
338668,15827,201107,25,0,2011-07-25
338781,15828,201108,4,0,2011-08-04
338833,15836,201109,4,0,2011-09-04
338833,15837,201109,4,0,2011-09-04
338841,15831,201109,30,0,2011-09-30
338843,15832,201109,4,0,2011-09-04
338852,16022,201108,28,0,2011-08-28
338914,15835,201105,22,0,2011-05-22
339211,15838,201108,2,0,2011-08-02
339211,15839,201108,5,0,2011-08-05
339572,15843,201108,9,0,2011-08-09
339573,15844,201108,9,0,2011-08-09
340020,15928,201107,11,0,2011-07-11
340025,15911,201110,7,0,2011-10-07
340194,16025,201108,23,0,2011-08-23
340620,16209,201107,11,0,2011-07-11
340632,15924,201108,10,0,2011-08-10
340776,15926,201108,28,0,2011-08-28
340898,15929,201110,2,0,2011-10-02
340981,16129,201108,4,0,2011-08-04
340983,16113,201108,1,0,2011-08-01
340986,16183,201108,5,0,2011-08-05
340986,16180,201108,1,0,2011-08-01
340986,16181,201108,2,0,2011-08-02
340986,16182,201108,5,0,2011-08-05
340991,16117,201108,4,0,2011-08-04
340991,16118,201108,4,0,2011-08-04
340991,16119,201108,4,0,2011-08-04
340996,16123,201108,1,0,2011-08-01
341001,16121,201108,3,0,2011-08-03
341001,16120,201108,2,0,2011-08-02
341001,16122,201108,5,0,2011-08-05
341042,16125,201108,1,0,2011-08-01
341133,15932,201107,15,0,2011-07-15
341314,18461,201108,25,0,2011-08-25
341622,17506,201108,28,0,2011-08-28
341622,17507,201108,28,0,2011-08-28
341632,16438,201108,28,0,2011-08-28
341632,16439,201108,28,0,2011-08-28
341730,15981,201108,4,0,2011-08-04
341731,15982,201108,8,0,2011-08-08
341731,15983,201108,13,0,2011-08-13
341872,15980,201107,27,0,2011-07-27
342036,16000,201108,21,0,2011-08-21
342226,16055,201108,27,0,2011-08-27
342227,16057,201108,27,0,2011-08-27
342233,16058,201108,27,0,2011-08-27
342901,16014,201108,1,0,2011-08-01
342901,16015,201108,2,0,2011-08-02
342901,16016,201108,3,0,2011-08-03
342901,16017,201108,3,0,2011-08-03
343042,16248,201108,27,0,2011-08-27
343042,16249,201108,27,0,2011-08-27
343122,16027,201108,28,0,2011-08-28
343285,16028,201108,28,0,2011-08-28
343376,17333,201108,28,0,2011-08-28
343395,17332,201108,28,0,2011-08-28
343595,16046,201108,28,0,2011-08-28
343597,16563,201108,28,0,2011-08-28
343950,16517,201108,28,0,2011-08-28
343950,16518,201108,28,0,2011-08-28
343974,16195,201108,25,0,2011-08-25
344080,16188,201108,6,0,2011-08-06
344080,16189,201108,14,0,2011-08-14
344080,16190,201108,14,0,2011-08-14
344080,16191,201108,23,0,2011-08-23
344082,16184,201108,7,0,2011-08-07
344082,16186,201108,20,0,2011-08-20
344082,16187,201108,18,0,2011-08-18
344082,16185,201108,7,0,2011-08-07
344086,16149,201108,6,0,2011-08-06
344091,16148,201108,7,0,2011-08-07
344093,16150,201108,10,0,2011-08-10
344094,16178,201108,12,0,2011-08-12
344117,16308,201108,27,0,2011-08-27
344253,16158,201107,13,0,2011-07-13
344566,16175,201109,1,0,2011-09-01
344681,16179,201108,17,0,2011-08-17
344831,17337,201108,28,0,2011-08-28
344843,17335,201108,28,0,2011-08-28
344851,17454,201108,28,0,2011-08-28
344857,17340,201108,30,0,2011-08-30
344857,17341,201108,29,0,2011-08-29
344872,17342,201108,28,0,2011-08-28
344881,17453,201108,26,0,2011-08-26
344885,17455,201108,27,0,2011-08-27
344885,17456,201108,27,0,2011-08-27
345039,16321,201108,19,0,2011-08-19
345067,16198,201108,28,0,2011-08-28
345120,16306,201108,27,0,2011-08-27
345123,16307,201108,27,0,2011-08-27
345139,16349,201108,4,0,2011-08-04
345209,16211,201108,28,0,2011-08-28
345268,16242,201108,28,0,2011-08-28
345320,16239,201108,3,0,2011-08-03
345480,16244,201108,1,0,2011-08-01
345485,16246,201108,5,0,2011-08-05
345498,16247,201108,1,0,2011-08-01
345521,16245,201108,2,0,2011-08-02
345683,16276,201108,19,0,2011-08-19
345683,16277,201108,21,0,2011-08-21
345683,16278,201108,13,0,2011-08-13
345683,16279,201108,13,0,2011-08-13
345683,16280,201108,13,0,2011-08-13
345683,16281,201108,13,0,2011-08-13
345683,16282,201108,14,0,2011-08-14
345903,16305,201110,29,0,2011-10-29
345974,16301,201108,5,0,2011-08-05
345974,16302,201108,5,0,2011-08-05
346315,16309,201108,8,0,2011-08-08
346325,16421,201109,4,0,2011-09-04
346347,16311,201108,31,0,2011-08-31
346649,16322,201109,10,0,2011-09-10
346665,16323,201111,4,0,2011-11-04
346665,16324,201111,4,0,2011-11-04
346784,17230,201111,7,0,2011-11-07
346784,17231,201111,7,0,2011-11-07
346784,17232,201111,7,0,2011-11-07
346784,17233,201111,7,0,2011-11-07
346784,17234,201111,7,0,2011-11-07
346784,17235,201111,7,0,2011-11-07
346784,17236,201111,7,0,2011-11-07
346784,17237,201111,7,0,2011-11-07
346909,16345,201109,7,0,2011-09-07
347047,16352,201109,8,0,2011-09-08
347048,16353,201109,8,0,2011-09-08
347052,16355,201109,8,0,2011-09-08
347093,16356,201111,9,0,2011-11-09
347518,17315,201104,27,0,2011-04-27
347518,17313,201104,27,0,2011-04-27
347518,17314,201104,27,0,2011-04-27
347518,17316,201104,27,0,2011-04-27
347518,17317,201104,27,0,2011-04-27
347518,17318,201104,27,0,2011-04-27
347657,16549,201109,15,0,2011-09-15
347666,17176,201108,28,0,2011-08-28
347737,16406,201108,14,0,2011-08-14
348413,17264,201109,9,0,2011-09-09
348413,17261,201109,7,0,2011-09-07
348413,17262,201109,9,0,2011-09-09
348413,17263,201109,9,0,2011-09-09
348420,17002,201109,8,0,2011-09-08
348420,17004,201109,8,0,2011-09-08
348420,17003,201109,8,0,2011-09-08
348448,17010,201109,10,0,2011-09-10
348448,17011,201109,9,0,2011-09-09
348494,16459,201109,26,0,2011-09-26
348562,17177,201108,28,0,2011-08-28
348591,16447,201110,15,0,2011-10-15
348731,16964,201109,8,0,2011-09-08
348764,16458,201109,30,0,2011-09-30
348816,16560,201108,9,0,2011-08-09
348908,16461,201109,6,0,2011-09-06
349090,16464,201109,14,0,2011-09-14
349153,17058,201109,15,0,2011-09-15
349537,16511,201109,7,0,2011-09-07
349590,17001,201109,8,0,2011-09-08
349876,16550,201109,4,0,2011-09-04
349876,16551,201109,4,0,2011-09-04
349897,16541,201109,5,0,2011-09-05
349920,16544,201108,28,0,2011-08-28
350103,16561,201108,10,0,2011-08-10
350103,16562,201108,10,0,2011-08-10
350265,17428,201111,29,0,2011-11-29
350493,17161,201110,29,0,2011-10-29
350548,16973,201109,9,0,2011-09-09
350549,17260,201111,9,0,2011-11-09
350580,16943,201111,28,0,2011-11-28
350654,17183,201111,22,0,2011-11-22
350802,17117,201111,9,0,2011-11-09
350837,17375,201112,2,0,2011-12-02
351088,16988,201112,8,0,2011-12-08
351147,16997,201111,16,0,2011-11-16
351147,16998,201111,16,0,2011-11-16
351394,17376,201112,11,0,2011-12-11
351394,17377,201112,11,0,2011-12-11
351578,17054,201112,2,0,2011-12-02
351578,17055,201112,2,0,2011-12-02
351580,17082,201109,4,0,2011-09-04
351599,17062,201112,3,0,2011-12-03
351617,17146,201108,28,0,2011-08-28
351617,17147,201108,28,0,2011-08-28
351618,17086,201108,28,0,2011-08-28
351619,17378,201112,13,0,2011-12-13
351718,17151,201110,29,0,2011-10-29
351721,17150,201110,30,0,2011-10-30
351721,17149,201110,30,0,2011-10-30
351722,17148,201110,29,0,2011-10-29
351724,17152,201110,29,0,2011-10-29
351724,17153,201110,29,0,2011-10-29
351724,17154,201110,30,0,2011-10-30
351724,17155,201110,30,0,2011-10-30
351771,17080,201110,13,0,2011-10-13
351970,17121,201110,4,0,2011-10-04
352491,17126,201110,14,0,2011-10-14
352558,17127,201112,19,0,2011-12-19
352561,17132,201112,19,0,2011-12-19
352561,17133,201112,19,0,2011-12-19
352561,17134,201112,19,0,2011-12-19
352561,17135,201112,19,0,2011-12-19
352563,17448,201112,25,0,2011-12-25
352651,17561,201111,18,0,2011-11-18
352735,17156,201112,25,0,2011-12-25
352910,17477,201112,29,0,2011-12-29
352910,17478,201112,29,0,2011-12-29
352912,17172,201112,25,0,2011-12-25
353093,17383,201111,30,0,2011-11-30
353103,17181,201112,1,0,2011-12-01
353103,17182,201112,1,0,2011-12-01
353248,17206,201104,27,0,2011-04-27
353293,17302,201112,2,0,2011-12-02
353667,17255,201112,6,0,2011-12-06
353667,17256,201112,7,0,2011-12-07
353672,17469,201112,8,0,2011-12-08
353672,17470,201112,8,0,2011-12-08
353785,17259,201112,6,0,2011-12-06
354147,17269,201111,9,0,2011-11-09
354147,17270,201111,9,0,2011-11-09
354244,17374,201111,13,0,2011-11-13
354471,17472,201112,8,0,2011-12-08
354724,17360,201111,26,0,2011-11-26
354738,17298,201112,21,0,2011-12-21
354739,17303,201112,31,0,2011-12-31
354821,17310,201111,16,0,2011-11-16
354821,17311,201111,16,0,2011-11-16
354821,17312,201111,16,0,2011-11-16
354911,17334,201111,9,0,2011-11-09
355118,17379,201111,16,0,2011-11-16
355593,17385,201112,1,0,2011-12-01
356674,17464,201112,25,0,2011-12-25
356679,17465,201112,25,0,2011-12-25
357315,17437,201112,19,0,2011-12-19
357315,17438,201112,19,0,2011-12-19
357317,17439,201112,19,0,2011-12-19
357332,17457,201112,21,0,2011-12-21
357343,17441,201112,31,0,2011-12-31
357378,17458,201112,31,0,2011-12-31
357505,17447,201112,29,0,2011-12-29
358293,17460,201112,14,0,2011-12-14
358363,17461,201112,29,0,2011-12-29
372694,18041,201107,10,0,2011-07-10
372700,18042,201107,11,0,2011-07-11
372702,18043,201107,23,0,2011-07-23
372720,18046,201107,25,0,2011-07-25
372720,18047,201107,31,0,2011-07-31
372727,18044,201107,21,0,2011-07-21
372727,18045,201107,21,0,2011-07-21
372750,18048,201107,22,0,2011-07-22
372750,18049,201107,24,0,2011-07-24
372750,18050,201107,24,0,2011-07-24
372751,18055,201107,24,0,2011-07-24
372751,18051,201107,20,0,2011-07-20
372751,18052,201107,23,0,2011-07-23
372751,18053,201107,24,0,2011-07-24
372751,18054,201107,24,0,2011-07-24
372777,18056,201108,3,0,2011-08-03
321440,14337,201106,7,0,2011-06-07
321564,14345,201108,5,0,2011-08-05
321702,15074,201107,21,0,2011-07-21
321896,14347,201108,7,0,2011-08-07
322055,14985,201106,4,0,2011-06-04
322063,15933,201106,19,0,2011-06-19
322063,15934,201106,20,0,2011-06-20
322063,15935,201106,28,0,2011-06-28
322070,14355,201108,10,0,2011-08-10
322251,14358,201107,31,0,2011-07-31
322355,14537,201107,14,0,2011-07-14
322764,15042,201106,9,0,2011-06-09
322881,15044,201106,9,0,2011-06-09
323440,18971,201106,1,0,2011-06-01
323440,18969,201106,1,0,2011-06-01
323440,18970,201106,1,0,2011-06-01
323591,14833,201108,16,0,2011-08-16
323591,14834,201108,16,0,2011-08-16
324042,15688,201107,28,0,2011-07-28
324042,15682,201107,15,0,2011-07-15
324042,15683,201107,25,0,2011-07-25
324042,15684,201107,26,0,2011-07-26
324042,15685,201107,28,0,2011-07-28
324042,15686,201107,28,0,2011-07-28
324042,15687,201107,28,0,2011-07-28
324042,15689,201107,29,0,2011-07-29
324042,15690,201107,17,0,2011-07-17
324048,15692,201107,11,0,2011-07-11
324052,15931,201107,15,0,2011-07-15
324052,15930,201107,7,0,2011-07-07
324054,14876,201107,9,0,2011-07-09
324661,16176,201108,19,0,2011-08-19
324726,14892,201107,11,0,2011-07-11
325459,15842,201106,20,0,2011-06-20
326026,14908,201106,25,0,2011-06-25
326162,14931,201106,18,0,2011-06-18
326376,14968,201106,21,0,2011-06-21
326376,14969,201106,21,0,2011-06-21
326703,14976,201106,13,0,2011-06-13
326703,14977,201106,13,0,2011-06-13
326715,15435,201107,20,0,2011-07-20
326727,15437,201107,23,0,2011-07-23
326908,14980,201108,25,0,2011-08-25
327186,15043,201106,22,0,2011-06-22
327281,14993,201107,10,0,2011-07-10
327430,15018,201106,30,0,2011-06-30
327530,15378,201108,22,0,2011-08-22
328107,15178,201108,24,0,2011-08-24
328107,15179,201108,23,0,2011-08-23
328205,15790,201107,23,0,2011-07-23
328205,15791,201107,24,0,2011-07-24
328205,15792,201107,23,0,2011-07-23
328205,15793,201107,23,0,2011-07-23
328205,15794,201107,1,0,2011-07-01
328205,15795,201107,1,0,2011-07-01
328205,15796,201107,1,0,2011-07-01
328206,15810,201107,22,0,2011-07-22
328206,15811,201107,24,0,2011-07-24
328208,15797,201107,23,0,2011-07-23
328208,15798,201107,23,0,2011-07-23
328208,15799,201107,24,0,2011-07-24
328208,15800,201107,23,0,2011-07-23
328208,15801,201107,21,0,2011-07-21
328208,15802,201107,4,0,2011-07-04
328267,15812,201107,22,0,2011-07-22
328396,15035,201106,18,0,2011-06-18
328480,15805,201107,24,0,2011-07-24
328480,15806,201107,24,0,2011-07-24
328480,15807,201107,25,0,2011-07-25
328480,15808,201107,22,0,2011-07-22
328634,15037,201106,18,0,2011-06-18
328662,15038,201106,15,0,2011-06-15
328664,15039,201106,19,0,2011-06-19
328740,16490,201105,24,0,2011-05-24
328740,16491,201105,24,0,2011-05-24
328830,15457,201108,22,0,2011-08-22
328830,15458,201108,22,0,2011-08-22
329021,15045,201106,4,0,2011-06-04
329204,15046,201106,21,0,2011-06-21
329274,15047,201106,8,0,2011-06-08
329284,15069,201107,7,0,2011-07-07
329351,15115,201106,15,0,2011-06-15
329540,15052,201102,25,0,2011-02-25
329868,15057,201106,22,0,2011-06-22
329970,15056,201108,28,0,2011-08-28
330670,15059,201107,21,0,2011-07-21
331019,15068,201109,3,0,2011-09-03
331282,15354,201108,24,0,2011-08-24
331475,15070,201109,5,0,2011-09-05
331487,15071,201108,27,0,2011-08-27
332121,15628,201107,18,0,2011-07-18
332228,15694,201107,3,0,2011-07-03
332389,15698,201107,13,0,2011-07-13
332410,15111,201107,12,0,2011-07-12
332456,15112,201106,10,0,2011-06-10
332471,15114,201106,30,0,2011-06-30
332675,15175,201107,20,0,2011-07-20
332680,15173,201107,21,0,2011-07-21
266483,8140,201101,2,0,2011-01-02
267219,8143,201101,9,0,2011-01-09
267222,8144,201101,9,0,2011-01-09
268210,8208,201101,10,0,2011-01-10
268298,8196,201101,6,0,2011-01-06
268791,8223,201101,12,0,2011-01-12
269158,8246,201101,23,0,2011-01-23
269595,8250,201101,19,0,2011-01-19
269598,8248,201101,20,0,2011-01-20
269600,8249,201101,20,0,2011-01-20
269829,8255,201101,13,0,2011-01-13
270714,8412,201101,20,0,2011-01-20
271786,8413,201101,26,0,2011-01-26
273747,8298,201102,4,0,2011-02-04
274061,8304,201101,2,0,2011-01-02
274061,8305,201101,2,0,2011-01-02
274062,8310,201101,22,0,2011-01-22
274062,8311,201101,22,0,2011-01-22
274133,8312,201101,8,0,2011-01-08
274211,8335,201101,29,0,2011-01-29
274935,8558,201102,2,0,2011-02-02
275431,8451,201101,8,0,2011-01-08
276368,8431,201102,4,0,2011-02-04
276435,8380,201101,11,0,2011-01-11
276493,8609,201102,2,0,2011-02-02
276496,8540,201102,11,0,2011-02-11
276500,8539,201102,3,0,2011-02-03
276737,8390,201101,9,0,2011-01-09
276816,8386,201101,11,0,2011-01-11
276818,8387,201101,31,0,2011-01-31
276819,8388,201102,9,0,2011-02-09
276839,8389,201102,13,0,2011-02-13
277067,8569,201102,4,0,2011-02-04
277067,8570,201102,4,0,2011-02-04
277128,8566,201103,7,0,2011-03-07
277279,8634,201102,1,0,2011-02-01
277539,8408,201101,17,0,2011-01-17
277545,8410,201101,17,0,2011-01-17
277567,8411,201101,10,0,2011-01-10
277628,8415,201102,3,0,2011-02-03
277632,8414,201102,3,0,2011-02-03
277798,8656,201102,19,0,2011-02-19
277809,8419,201101,16,0,2011-01-16
277956,8426,201101,1,0,2011-01-01
277975,8427,201101,16,0,2011-01-16
277979,8428,201101,22,0,2011-01-22
277980,8429,201101,24,0,2011-01-24
278010,8430,201103,10,0,2011-03-10
278185,8452,201101,27,0,2011-01-27
278536,8434,201101,14,0,2011-01-14
278536,8435,201101,14,0,2011-01-14
278536,8436,201101,14,0,2011-01-14
278579,8448,201101,31,0,2011-01-31
278686,8461,201101,26,0,2011-01-26
278864,8438,201101,14,0,2011-01-14
278937,8484,201101,26,0,2011-01-26
278950,8439,201101,10,0,2011-01-10
279064,8441,201101,26,0,2011-01-26
279171,8482,201101,9,0,2011-01-09
279318,8446,201102,1,0,2011-02-01
279319,8447,201102,1,0,2011-02-01
280025,8585,201102,27,0,2011-02-27
280332,8487,201101,14,0,2011-01-14
280422,8468,201101,6,0,2011-01-06
280538,8462,201101,9,0,2011-01-09
280567,8465,201101,11,0,2011-01-11
280602,8466,201101,3,0,2011-01-03
280612,8627,201102,1,0,2011-02-01
280627,8467,201101,17,0,2011-01-17
280692,8626,201102,2,0,2011-02-02
280713,8625,201102,2,0,2011-02-02
280888,8822,201103,27,0,2011-03-27
280888,8823,201103,27,0,2011-03-27
280888,8824,201103,27,0,2011-03-27
281069,8523,201102,24,0,2011-02-24
281069,8524,201102,24,0,2011-02-24
281069,8525,201102,24,0,2011-02-24
281069,8526,201102,24,0,2011-02-24
281109,8490,201101,26,0,2011-01-26
281146,8479,201102,2,0,2011-02-02
281167,8480,201101,21,0,2011-01-21
281169,8481,201101,15,0,2011-01-15
281228,8554,201102,2,0,2011-02-02
281229,8556,201102,3,0,2011-02-03
281229,8555,201102,2,0,2011-02-02
281466,8557,201102,2,0,2011-02-02
281573,8491,201101,21,0,2011-01-21
281856,8496,201102,1,0,2011-02-01
281902,17229,201103,29,0,2011-03-29
281968,8500,201103,8,0,2011-03-08
281988,8744,201102,2,0,2011-02-02
281988,8745,201102,2,0,2011-02-02
281988,8746,201102,2,0,2011-02-02
281988,8747,201102,2,0,2011-02-02
281990,8728,201102,2,0,2011-02-02
281990,8726,201102,2,0,2011-02-02
314663,14799,201104,27,0,2011-04-27
314663,14800,201104,27,0,2011-04-27
314663,14801,201104,27,0,2011-04-27
314663,14802,201104,27,0,2011-04-27
314663,14803,201104,27,0,2011-04-27
314663,14804,201104,27,0,2011-04-27
314663,14805,201104,27,0,2011-04-27
314663,14806,201104,27,0,2011-04-27
314663,14807,201104,27,0,2011-04-27
314663,14808,201104,27,0,2011-04-27
314663,14809,201104,27,0,2011-04-27
314742,12798,201104,27,0,2011-04-27
314742,12799,201104,27,0,2011-04-27
314742,12800,201104,27,0,2011-04-27
314742,12801,201104,27,0,2011-04-27
314742,12802,201104,27,0,2011-04-27
314742,12803,201104,27,0,2011-04-27
314783,12601,201105,26,0,2011-05-26
314799,12804,201104,27,0,2011-04-27
314801,13941,201105,26,0,2011-05-26
314801,13942,201105,26,0,2011-05-26
314886,12805,201104,27,0,2011-04-27
314886,12806,201104,27,0,2011-04-27
314886,12807,201104,27,0,2011-04-27
314886,12808,201104,27,0,2011-04-27
314886,12809,201104,27,0,2011-04-27
314886,12810,201104,27,0,2011-04-27
314886,12811,201104,27,0,2011-04-27
314886,12816,201104,27,0,2011-04-27
314886,12817,201104,27,0,2011-04-27
314886,12812,201104,27,0,2011-04-27
314886,12813,201104,27,0,2011-04-27
314886,12814,201104,27,0,2011-04-27
314886,12815,201104,27,0,2011-04-27
314900,12824,201104,27,0,2011-04-27
314900,12818,201104,27,0,2011-04-27
314900,12819,201104,27,0,2011-04-27
314900,12820,201104,27,0,2011-04-27
314900,12821,201104,27,0,2011-04-27
314900,12822,201104,27,0,2011-04-27
314900,12823,201104,27,0,2011-04-27
314900,12825,201104,27,0,2011-04-27
314923,12826,201104,27,0,2011-04-27
314997,14348,201106,20,0,2011-06-20
315331,12827,201104,27,0,2011-04-27
315331,12828,201104,27,0,2011-04-27
315331,12829,201104,27,0,2011-04-27
315331,12831,201104,27,0,2011-04-27
315331,12830,201104,27,0,2011-04-27
315331,12832,201104,27,0,2011-04-27
315334,12833,201104,27,0,2011-04-27
315816,14810,201105,24,0,2011-05-24
315837,14025,201105,24,0,2011-05-24
315837,14026,201105,24,0,2011-05-24
315837,14027,201105,24,0,2011-05-24
315837,14028,201105,24,0,2011-05-24
315837,14029,201105,24,0,2011-05-24
315837,14030,201105,24,0,2011-05-24
315837,14031,201105,24,0,2011-05-24
315848,14830,201105,24,0,2011-05-24
315848,14831,201105,24,0,2011-05-24
315858,14832,201105,24,0,2011-05-24
317168,12864,201105,21,0,2011-05-21
317304,13856,201105,29,0,2011-05-29
317386,13840,201105,19,0,2011-05-19
317433,14319,201105,23,0,2011-05-23
317433,14320,201105,23,0,2011-05-23
317433,14321,201105,23,0,2011-05-23
317433,14322,201105,23,0,2011-05-23
317486,17238,201102,28,0,2011-02-28
317528,13852,201107,19,0,2011-07-19
317528,13853,201107,19,0,2011-07-19
317528,13854,201107,19,0,2011-07-19
317528,13855,201107,19,0,2011-07-19
317847,13862,201107,29,0,2011-07-29
318218,13952,201106,7,0,2011-06-07
318289,14315,201106,17,0,2011-06-17
318729,14211,201105,3,0,2011-05-03
318902,15075,201107,11,0,2011-07-11
318908,14836,201107,11,0,2011-07-11
318940,14325,201105,11,0,2011-05-11
318999,15348,201105,29,0,2011-05-29
319029,14215,201105,11,0,2011-05-11
319728,14308,201107,4,0,2011-07-04
319728,14309,201107,4,0,2011-07-04
319800,14310,201107,21,0,2011-07-21
319846,14312,201108,3,0,2011-08-03
319938,14324,201106,30,0,2011-06-30
320285,14316,201108,4,0,2011-08-04
320287,14317,201108,7,0,2011-08-07
320288,14318,201108,2,0,2011-08-02
320325,14323,201105,29,0,2011-05-29
321439,15979,201106,7,0,2011-06-07
321439,15978,201106,14,0,2011-06-14
321439,15977,201106,6,0,2011-06-06
332680,15174,201107,21,0,2011-07-21
332697,16402,201107,28,0,2011-07-28
332697,16403,201107,28,0,2011-07-28
332734,18154,201107,27,0,2011-07-27
332734,18152,201107,27,0,2011-07-27
332734,18153,201107,27,0,2011-07-27
332755,15176,201106,11,0,2011-06-11
333107,17012,201109,14,0,2011-09-14
333453,15346,201107,24,0,2011-07-24
333454,15347,201107,20,0,2011-07-20
333694,15350,201107,3,0,2011-07-03
333876,15352,201107,6,0,2011-07-06
333876,15353,201107,7,0,2011-07-07
333876,15351,201107,3,0,2011-07-03
333877,15355,201108,21,0,2011-08-21
334153,15368,201107,3,0,2011-07-03
334799,15459,201108,19,0,2011-08-19
334799,15460,201108,19,0,2011-08-19
334799,15461,201108,19,0,2011-08-19
334799,15462,201108,19,0,2011-08-19
334801,15383,201107,30,0,2011-07-30
334839,15465,201107,18,0,2011-07-18
334960,15385,201108,5,0,2011-08-05
335107,15387,201109,11,0,2011-09-11
335133,15419,201107,21,0,2011-07-21
335133,15420,201107,21,0,2011-07-21
335133,15421,201107,21,0,2011-07-21
335133,15422,201107,21,0,2011-07-21
335133,15423,201107,21,0,2011-07-21
335133,15424,201107,21,0,2011-07-21
335133,15425,201107,22,0,2011-07-22
335133,15426,201107,22,0,2011-07-22
335133,15427,201107,23,0,2011-07-23
335133,15428,201107,23,0,2011-07-23
335133,15429,201107,23,0,2011-07-23
335133,15430,201107,24,0,2011-07-24
335133,15431,201107,25,0,2011-07-25
335133,15432,201107,25,0,2011-07-25
335133,15433,201107,25,0,2011-07-25
335133,15434,201107,23,0,2011-07-23
335260,15639,201108,1,0,2011-08-01
335278,15441,201108,17,0,2011-08-17
335363,16047,201108,23,0,2011-08-23
335416,15448,201107,7,0,2011-07-07
335418,15451,201107,23,0,2011-07-23
335418,15452,201107,23,0,2011-07-23
335477,15679,201107,17,0,2011-07-17
335477,15680,201107,17,0,2011-07-17
335702,16109,201106,7,0,2011-06-07
335816,15463,201107,12,0,2011-07-12
336008,15825,201107,20,0,2011-07-20
336298,15464,201108,9,0,2011-08-09
336379,15913,201107,1,0,2011-07-01
336711,15635,201107,14,0,2011-07-14
336711,15636,201107,16,0,2011-07-16
336711,15637,201107,20,0,2011-07-20
336712,15632,201107,18,0,2011-07-18
336715,15633,201107,18,0,2011-07-18
336784,15638,201107,5,0,2011-07-05
337083,15642,201107,13,0,2011-07-13
337100,15712,201107,29,0,2011-07-29
337100,15713,201107,30,0,2011-07-30
337100,15714,201107,31,0,2011-07-31
337100,15715,201107,31,0,2011-07-31
337100,15716,201107,29,0,2011-07-29
337104,15648,201105,30,0,2011-05-30
337134,15649,201107,22,0,2011-07-22
337136,15740,201107,23,0,2011-07-23
337136,15741,201107,23,0,2011-07-23
337140,15718,201107,21,0,2011-07-21
337140,15719,201107,22,0,2011-07-22
337140,15720,201107,23,0,2011-07-23
337140,15721,201107,23,0,2011-07-23
337140,15722,201107,23,0,2011-07-23
337140,15723,201107,23,0,2011-07-23
337140,15724,201107,23,0,2011-07-23
337140,15725,201107,23,0,2011-07-23
337140,15726,201107,23,0,2011-07-23
337140,15727,201107,24,0,2011-07-24
337140,15728,201107,24,0,2011-07-24
337140,15729,201107,24,0,2011-07-24
337140,15730,201107,24,0,2011-07-24
337140,15731,201107,24,0,2011-07-24
337140,15732,201107,24,0,2011-07-24
337140,15733,201107,25,0,2011-07-25
337140,15734,201107,25,0,2011-07-25
337140,15735,201107,25,0,2011-07-25
337140,15736,201107,26,0,2011-07-26
337140,15737,201107,26,0,2011-07-26
337140,15738,201107,27,0,2011-07-27
337140,15739,201107,24,0,2011-07-24
337142,15717,201107,23,0,2011-07-23
337143,15705,201107,24,0,2011-07-24
337284,15704,201107,13,0,2011-07-13
337343,15678,201108,1,0,2011-08-01
337595,15693,201107,5,0,2011-07-05
337870,15696,201107,13,0,2011-07-13
337918,16284,201107,19,0,2011-07-19
337922,16396,201107,21,0,2011-07-21
337923,16397,201107,18,0,2011-07-18
337937,15697,201106,23,0,2011-06-23
338190,15744,201107,22,0,2011-07-22
333113,15641,201107,26,0,2011-07-26
340787,16344,201108,28,0,2011-08-28
342846,16341,201108,28,0,2011-08-28
343081,17697,201108,28,0,2011-08-28
343261,16340,201108,28,0,2011-08-28
343489,17699,201108,28,0,2011-08-28
283021,8863,201104,4,0,2011-04-04
309261,10966,201104,27,0,2011-04-27
309261,10967,201104,27,0,2011-04-27
309261,10968,201104,27,0,2011-04-27
309765,10019,201104,27,0,2011-04-27
309817,10755,201104,27,0,2011-04-27
311079,11151,201104,27,0,2011-04-27
312007,10969,201104,27,0,2011-04-27
312007,10970,201104,27,0,2011-04-27
312009,10962,201104,27,0,2011-04-27
312009,10963,201104,27,0,2011-04-27
312009,10964,201104,27,0,2011-04-27
312009,10965,201104,27,0,2011-04-27
1131613,50284,202206,12,0,2022-06-12
995493,45421,202202,2,0,2022-02-02
995493,45422,202202,2,0,2022-02-02
995500,45423,202202,2,0,2022-02-02
995524,45424,202202,2,0,2022-02-02
1000649,46159,202202,17,0,2022-02-17
1000649,46160,202202,18,0,2022-02-18
1000649,46161,202202,18,0,2022-02-18
1000649,46162,202202,24,0,2022-02-24
1000649,46163,202202,22,0,2022-02-22
1000649,46164,202202,17,0,2022-02-17
1000737,45892,202202,25,0,2022-02-25
1000826,45953,202202,2,0,2022-02-02
1001093,45996,202202,25,0,2022-02-25
1001093,45997,202202,25,0,2022-02-25
1001182,45907,202202,25,0,2022-02-25
1001182,45908,202202,25,0,2022-02-25
1001182,45909,202202,25,0,2022-02-25
1001337,45995,202202,11,0,2022-02-11
1002136,45912,202202,23,0,2022-02-23
1003124,45945,202202,19,0,2022-02-19
1007091,46184,202202,2,0,2022-02-02
1007148,46108,202202,3,0,2022-02-03
1007736,46087,202202,25,0,2022-02-25
1008006,46185,202202,4,0,2022-02-04
1008262,46187,202202,3,0,2022-02-03
1008482,46100,202202,24,0,2022-02-24
1008637,46107,202202,3,0,2022-02-03
1008921,46109,202202,20,0,2022-02-20
1008922,46110,202202,21,0,2022-02-21
1009008,46112,202202,21,0,2022-02-21
1009174,46174,202202,3,0,2022-02-03
1009458,46209,202202,24,0,2022-02-24
1009627,46152,202202,7,0,2022-02-07
1009925,46151,202202,17,0,2022-02-17
1009991,46141,202202,23,0,2022-02-23
1010715,46167,202202,3,0,2022-02-03
994392,45384,202201,6,0,2022-01-06
1005005,46010,202201,31,0,2022-01-31
1005540,46011,202201,6,0,2022-01-06
1005540,46012,202201,7,0,2022-01-07
1027324,46391,202207,9,0,2022-07-09
1029106,46403,202207,16,0,2022-07-16
1029111,46497,202207,15,0,2022-07-15
1029111,46498,202207,15,0,2022-07-15
1029379,46408,202207,12,0,2022-07-12
1029781,46415,202207,8,0,2022-07-08
1030148,46420,202207,20,0,2022-07-20
1030607,46447,202207,21,0,2022-07-21
1030607,46448,202207,21,0,2022-07-21
1030607,46449,202207,21,0,2022-07-21
1032322,46473,202207,8,0,2022-07-08
1033449,46479,202207,17,0,2022-07-17
1033920,46492,202207,19,0,2022-07-19
1034220,46954,202207,2,0,2022-07-02
1034510,46499,202207,31,0,2022-07-31
1038034,46537,202207,15,0,2022-07-15
1038373,46531,202207,12,0,2022-07-12
1039202,46538,202207,10,0,2022-07-10
1039205,46539,202207,12,0,2022-07-12
1039306,46600,202207,6,0,2022-07-06
1039366,46543,202207,7,0,2022-07-07
1039366,46544,202207,7,0,2022-07-07
1043007,46673,202207,31,0,2022-07-31
1043007,46674,202207,31,0,2022-07-31
1044181,46683,202207,12,0,2022-07-12
991466,44842,202201,3,0,2022-01-03
991727,44845,202201,5,0,2022-01-05
992591,45021,202201,14,0,2022-01-14
993514,45224,202201,21,0,2022-01-21
994121,45256,202201,16,0,2022-01-16
995429,45420,202201,26,0,2022-01-26
996920,45665,202201,29,0,2022-01-29
996920,45666,202201,29,0,2022-01-29
996931,45659,202201,29,0,2022-01-29
996931,45660,202201,29,0,2022-01-29
998857,45817,202201,2,0,2022-01-02
1000548,45886,202201,1,0,2022-01-01
1002217,45946,202201,8,0,2022-01-08
1002223,45950,202201,8,0,2022-01-08
1002223,45951,202201,8,0,2022-01-08
1002223,45952,202201,8,0,2022-01-08
1002724,45977,202201,26,0,2022-01-26
1004396,45989,202201,15,0,2022-01-15
1004403,45990,202201,16,0,2022-01-16
1004989,46002,202201,26,0,2022-01-26
1004989,46003,202201,26,0,2022-01-26
1005099,46005,202201,24,0,2022-01-24
1070868,48324,202212,24,0,2022-12-24
1070868,48354,202212,24,0,2022-12-24
1070868,48359,202212,25,0,2022-12-25
1131611,50276,202205,27,0,2022-05-27
1131611,50274,202205,26,0,2022-05-26
1131611,50275,202205,26,0,2022-05-26
1131612,50273,202205,18,0,2022-05-18
1033604,46482,202205,26,0,2022-05-26
1033604,46483,202205,26,0,2022-05-26
1033605,46486,202205,26,0,2022-05-26
1033606,46485,202205,26,0,2022-05-26
1071235,48366,202212,20,0,2022-12-20
1100799,49224,202212,27,0,2022-12-27
1100799,49225,202212,27,0,2022-12-27
1100799,49226,202212,27,0,2022-12-27
1100877,49227,202212,27,0,2022-12-27
1008720,46106,202204,13,0,2022-04-13
1010054,46140,202201,3,0,2022-01-03
1010118,46145,202204,5,0,2022-04-05
1010161,46147,202204,5,0,2022-04-05
1014021,46442,202203,22,0,2022-03-22
1014021,46441,202203,22,0,2022-03-22
1018314,46312,202203,16,0,2022-03-16
1018764,46317,202203,22,0,2022-03-22
1018764,46318,202203,22,0,2022-03-22
1018764,46319,202203,22,0,2022-03-22
1023013,46361,202204,22,0,2022-04-22
1025201,46481,202204,18,0,2022-04-18
1025202,46378,202204,18,0,2022-04-18
1025203,46379,202204,18,0,2022-04-18
1029455,46409,202204,1,0,2022-04-01
1035160,46501,202208,3,0,2022-08-03
1036892,46505,202208,4,0,2022-08-04
1036920,46506,202208,4,0,2022-08-04
1036920,46507,202208,4,0,2022-08-04
1036920,46508,202208,4,0,2022-08-04
1037362,46510,202208,7,0,2022-08-07
1038350,46677,202208,1,0,2022-08-01
1038350,46678,202208,1,0,2022-08-01
1038350,46679,202208,1,0,2022-08-01
1038350,46680,202208,1,0,2022-08-01
1038357,46676,202208,10,0,2022-08-10
1040249,46681,202208,18,0,2022-08-18
1043536,46675,202208,18,0,2022-08-18
1045042,46692,202208,2,0,2022-08-02
1045210,46694,202208,3,0,2022-08-03
1050920,46971,202208,3,0,2022-08-03
1052538,46981,202208,9,0,2022-08-09
1052538,46982,202208,9,0,2022-08-09
1052730,46987,202208,29,0,2022-08-29
1052730,46988,202208,29,0,2022-08-29
1052731,46986,202208,16,0,2022-08-16
1053017,46990,202208,29,0,2022-08-29
1053267,46996,202208,8,0,2022-08-08
1053267,46997,202208,8,0,2022-08-08
1053507,47004,202208,22,0,2022-08-22
1053665,47009,202208,15,0,2022-08-15
1053827,47015,202208,7,0,2022-08-07
1053827,47016,202208,7,0,2022-08-07
1053828,47017,202208,25,0,2022-08-25
1053865,47019,202208,2,0,2022-08-02
1054194,47029,202208,7,0,2022-08-07
1054231,47034,202208,20,0,2022-08-20
1054675,47037,202208,10,0,2022-08-10
1010838,46175,202202,3,0,2022-02-03
1010841,46178,202202,3,0,2022-02-03
1010856,46380,202202,24,0,2022-02-24
1045198,46693,202207,25,0,2022-07-25
1045649,46697,202207,21,0,2022-07-21
1045649,46698,202207,21,0,2022-07-21
1046799,46834,202207,25,0,2022-07-25
1046799,46835,202207,26,0,2022-07-26
1046799,46836,202207,27,0,2022-07-27
1016718,46291,202203,6,0,2022-03-06
1016848,46381,202203,26,0,2022-03-26
1017837,46308,202203,26,0,2022-03-26
1046799,46837,202207,28,0,2022-07-28
1046799,46838,202207,28,0,2022-07-28
1046799,46839,202207,30,0,2022-07-30
1046799,46840,202207,30,0,2022-07-30
1046799,46841,202207,29,0,2022-07-29
1046799,46842,202207,28,0,2022-07-28
1046799,46843,202207,29,0,2022-07-29
1046799,46844,202207,25,0,2022-07-25
1046799,46845,202207,27,0,2022-07-27
1047048,46846,202207,28,0,2022-07-28
1047048,46847,202207,29,0,2022-07-29
1047048,46848,202207,30,0,2022-07-30
1047048,46849,202207,30,0,2022-07-30
1047222,46948,202207,22,0,2022-07-22
1048613,46850,202207,21,0,2022-07-21
1048974,46852,202207,24,0,2022-07-24
1068889,48229,202205,14,0,2022-05-14
1069026,48232,202205,29,0,2022-05-29
1049130,48226,202207,28,0,2022-07-28
1049154,46920,202207,28,0,2022-07-28
1049192,48194,202207,28,0,2022-07-28
1049197,46914,202207,28,0,2022-07-28
1058654,47575,202209,28,0,2022-09-28
1058654,47586,202209,28,0,2022-09-28
1058654,47598,202209,28,0,2022-09-28
1058654,47610,202209,28,0,2022-09-28
1058654,47622,202209,28,0,2022-09-28
1058655,47632,202209,28,0,2022-09-28
1058657,47644,202209,28,0,2022-09-28
1058667,47675,202209,28,0,2022-09-28
1049154,46919,202207,28,0,2022-07-28
1058654,47572,202209,28,0,2022-09-28
1058654,47606,202209,28,0,2022-09-28
1058655,47635,202209,28,0,2022-09-28
1031176,46662,202206,20,0,2022-06-20
1049130,48217,202207,28,0,2022-07-28
1049130,48225,202207,28,0,2022-07-28
1049130,48227,202207,28,0,2022-07-28
1049130,48218,202207,28,0,2022-07-28
1049130,48219,202207,28,0,2022-07-28
1049130,48220,202207,28,0,2022-07-28
1049130,48221,202207,28,0,2022-07-28
1049130,48222,202207,28,0,2022-07-28
1049130,48223,202207,28,0,2022-07-28
1049130,48224,202207,28,0,2022-07-28
1049145,46916,202207,28,0,2022-07-28
1049154,46917,202207,28,0,2022-07-28
1049154,46921,202207,28,0,2022-07-28
1049154,46922,202207,28,0,2022-07-28
1049154,46918,202207,28,0,2022-07-28
1049189,46884,202207,28,0,2022-07-28
1049189,46885,202207,28,0,2022-07-28
1049189,46886,202207,28,0,2022-07-28
1049192,48205,202207,28,0,2022-07-28
1049192,48206,202207,27,0,2022-07-27
1049192,48191,202207,28,0,2022-07-28
1049192,48192,202207,28,0,2022-07-28
1049192,48193,202207,28,0,2022-07-28
1049192,48195,202207,28,0,2022-07-28
1049192,48196,202207,28,0,2022-07-28
1049192,48204,202207,28,0,2022-07-28
1049192,48200,202207,28,0,2022-07-28
1049192,48201,202207,28,0,2022-07-28
1049192,48202,202207,28,0,2022-07-28
1049192,48203,202207,28,0,2022-07-28
1049192,48197,202207,28,0,2022-07-28
1049192,48198,202207,28,0,2022-07-28
1049192,48199,202207,28,0,2022-07-28
1049197,46913,202207,28,0,2022-07-28
994196,45815,202202,21,0,2022-02-21
1011171,46193,202202,18,0,2022-02-18
1011171,46194,202202,18,0,2022-02-18
1017388,46301,202205,25,0,2022-05-25
1019194,46324,202204,2,0,2022-04-02
1031734,46493,202205,11,0,2022-05-11
1033831,46496,202205,12,0,2022-05-12
1033849,46495,202205,12,0,2022-05-12
1050001,46945,202207,5,0,2022-07-05
1050001,46946,202207,5,0,2022-07-05
1051056,46973,202208,19,0,2022-08-19
1062810,47893,202211,25,0,2022-11-25
1011171,46192,202202,18,0,2022-02-18
1011171,46195,202202,18,0,2022-02-18
1002075,45935,202203,3,0,2022-03-03
1002075,45936,202203,3,0,2022-03-03
1002075,45937,202203,3,0,2022-03-03
1006626,46062,202203,14,0,2022-03-14
1058654,47579,202209,28,0,2022-09-28
1058654,47580,202209,28,0,2022-09-28
1058654,47581,202209,28,0,2022-09-28
1058654,47582,202209,28,0,2022-09-28
1058654,47583,202209,28,0,2022-09-28
1058654,47584,202209,28,0,2022-09-28
1007078,46070,202203,7,0,2022-03-07
1058654,47585,202209,28,0,2022-09-28
1007737,46088,202203,17,0,2022-03-17
1007746,46089,202203,19,0,2022-03-19
1007928,46095,202203,17,0,2022-03-17
1007928,46096,202203,17,0,2022-03-17
1007928,46097,202203,17,0,2022-03-17
1007928,46098,202203,17,0,2022-03-17
1007928,46099,202203,17,0,2022-03-17
1008077,46299,202203,21,0,2022-03-21
1008495,46103,202203,12,0,2022-03-12
1020896,46352,202204,14,0,2022-04-14
1020896,46353,202204,14,0,2022-04-14
1044582,46689,202207,23,0,2022-07-23
1048820,46851,202207,2,0,2022-07-02
1011568,46273,202203,31,0,2022-03-31
1011568,46274,202203,31,0,2022-03-31
1012502,46256,202203,30,0,2022-03-30
1012569,46266,202203,9,0,2022-03-09
1012646,46239,202203,8,0,2022-03-08
1012647,46241,202203,25,0,2022-03-25
1012648,46242,202203,30,0,2022-03-30
1013974,46284,202203,30,0,2022-03-30
1058654,47587,202209,28,0,2022-09-28
1014716,46268,202203,6,0,2022-03-06
1014868,46300,202203,17,0,2022-03-17
1058654,47588,202209,28,0,2022-09-28
1015574,46287,202203,26,0,2022-03-26
1015574,46288,202203,26,0,2022-03-26
1050404,46960,202207,1,0,2022-07-01
1016947,46296,202203,31,0,2022-03-31
1050404,46961,202207,1,0,2022-07-01
1050405,46962,202207,1,0,2022-07-01
1050406,46959,202207,1,0,2022-07-01
1052296,46980,202206,27,0,2022-06-27
1053268,47002,202207,13,0,2022-07-13
1053269,47003,202207,13,0,2022-07-13
1053270,47001,202207,13,0,2022-07-13
1049197,46915,202207,28,0,2022-07-28
1050072,47925,202207,26,0,2022-07-26
1050073,47924,202207,26,0,2022-07-26
1053050,47023,202208,12,0,2022-08-12
1058654,47570,202209,28,0,2022-09-28
1058654,47571,202209,28,0,2022-09-28
1058654,47573,202209,28,0,2022-09-28
1058654,47574,202209,28,0,2022-09-28
1058654,47576,202209,28,0,2022-09-28
1058654,47577,202209,28,0,2022-09-28
1058654,47578,202209,28,0,2022-09-28
1058654,47589,202209,28,0,2022-09-28
1058654,47590,202209,28,0,2022-09-28
1058654,47591,202209,28,0,2022-09-28
1058654,47592,202209,28,0,2022-09-28
1058654,47593,202209,28,0,2022-09-28
1058654,47594,202209,28,0,2022-09-28
1058654,47595,202209,28,0,2022-09-28
1058654,47596,202209,28,0,2022-09-28
1058654,47597,202209,28,0,2022-09-28
1058654,47599,202209,28,0,2022-09-28
1058654,47600,202209,28,0,2022-09-28
1058654,47601,202209,28,0,2022-09-28
1058654,47602,202209,28,0,2022-09-28
1058654,47603,202209,28,0,2022-09-28
1058654,47604,202209,28,0,2022-09-28
1058654,47605,202209,28,0,2022-09-28
1058654,47607,202209,28,0,2022-09-28
1058654,47608,202209,28,0,2022-09-28
1058654,47609,202209,28,0,2022-09-28
1058654,47611,202209,28,0,2022-09-28
1058654,47612,202209,28,0,2022-09-28
1058654,47613,202209,28,0,2022-09-28
1058654,47614,202209,28,0,2022-09-28
1058654,47615,202209,28,0,2022-09-28
1058654,47616,202209,28,0,2022-09-28
1061832,47877,202211,11,0,2022-11-11
1074121,48731,202211,22,0,2022-11-22
1082278,48732,202211,22,0,2022-11-22
1014910,46270,202205,11,0,2022-05-11
1015637,46286,202205,21,0,2022-05-21
1016730,46293,202205,21,0,2022-05-21
1017473,46412,202205,29,0,2022-05-29
1017999,46327,202205,31,0,2022-05-31
1018581,46475,202205,29,0,2022-05-29
1023250,46401,202205,23,0,2022-05-23
1023450,46367,202205,28,0,2022-05-28
1026387,46384,202205,19,0,2022-05-19
1026387,46385,202205,20,0,2022-05-20
1027107,46439,202205,1,0,2022-05-01
1027107,46440,202205,1,0,2022-05-01
1027939,46422,202205,5,0,2022-05-05
1029928,46416,202205,6,0,2022-05-06
1030317,46421,202205,26,0,2022-05-26
1031441,46426,202205,19,0,2022-05-19
1031457,46471,202205,20,0,2022-05-20
1031457,46472,202205,20,0,2022-05-20
1032158,46443,202205,16,0,2022-05-16
1032197,46470,202205,2,0,2022-05-02
1032574,46474,202205,4,0,2022-05-04
1033767,46489,202205,5,0,2022-05-05
1070868,48336,202212,25,0,2022-12-25
1069191,48447,202212,16,0,2022-12-16
1069192,48448,202212,27,0,2022-12-27
1071531,48373,202212,17,0,2022-12-17
1052637,46983,202210,12,0,2022-10-12
1056119,47057,202210,12,0,2022-10-12
1059687,47659,202210,28,0,2022-10-28
1060705,47692,202210,2,0,2022-10-02
1004478,45991,202203,7,0,2022-03-07
1015408,46599,202203,31,0,2022-03-31
1025635,46423,202205,12,0,2022-05-12
1014168,46303,202203,21,0,2022-03-21
1015542,46304,202203,17,0,2022-03-17
1039713,46620,202206,17,0,2022-06-17
1040046,46627,202204,12,0,2022-04-12
1056758,47063,202211,6,0,2022-11-06
1057047,47065,202211,15,0,2022-11-15
1057058,47067,202211,15,0,2022-11-15
1057264,47687,202211,4,0,2022-11-04
1057293,47077,202211,4,0,2022-11-04
1057293,47078,202211,4,0,2022-11-04
1058775,47654,202211,30,0,2022-11-30
1058793,48154,202211,20,0,2022-11-20
1060176,47666,202211,4,0,2022-11-04
1060540,47928,202211,7,0,2022-11-07
1060540,47929,202211,7,0,2022-11-07
1063555,48042,202211,4,0,2022-11-04
1064746,47944,202211,5,0,2022-11-05
1065716,48152,202211,6,0,2022-11-06
1066479,47932,202211,18,0,2022-11-18
1066486,47933,202211,18,0,2022-11-18
1066486,47934,202211,18,0,2022-11-18
1067523,48153,202211,15,0,2022-11-15
1067570,48155,202211,10,0,2022-11-10
1067576,48156,202211,18,0,2022-11-18
1067577,48157,202211,28,0,2022-11-28
1067637,48164,202211,8,0,2022-11-08
1067637,48165,202211,8,0,2022-11-08
1067637,48166,202211,8,0,2022-11-08
1067685,48167,202211,10,0,2022-11-10
1067685,48168,202211,10,0,2022-11-10
1058654,47617,202209,28,0,2022-09-28
1058654,47618,202209,28,0,2022-09-28
1058654,47619,202209,28,0,2022-09-28
1058654,47620,202209,28,0,2022-09-28
1058654,47621,202209,28,0,2022-09-28
1058654,47623,202209,28,0,2022-09-28
1058654,47624,202209,28,0,2022-09-28
1058654,47625,202209,28,0,2022-09-28
1058654,47626,202209,28,0,2022-09-28
1058654,47627,202209,28,0,2022-09-28
1058654,47628,202209,28,0,2022-09-28
1058654,47629,202209,28,0,2022-09-28
1058655,47630,202209,28,0,2022-09-28
1058655,47631,202209,28,0,2022-09-28
1058655,47633,202209,28,0,2022-09-28
1058655,47634,202209,28,0,2022-09-28
1058655,47636,202209,28,0,2022-09-28
1058655,47637,202209,28,0,2022-09-28
1058657,47638,202209,28,0,2022-09-28
1058657,47639,202209,28,0,2022-09-28
1058657,47640,202209,28,0,2022-09-28
1058657,47641,202209,28,0,2022-09-28
1058657,47642,202209,28,0,2022-09-28
1058657,47643,202209,28,0,2022-09-28
1058657,47645,202209,28,0,2022-09-28
1058658,47670,202209,28,0,2022-09-28
1058658,47671,202209,28,0,2022-09-28
1058658,47672,202209,28,0,2022-09-28
1058658,47673,202209,28,0,2022-09-28
1058663,47560,202209,28,0,2022-09-28
1058664,47677,202209,28,0,2022-09-28
1058664,47678,202209,28,0,2022-09-28
1058664,47679,202209,28,0,2022-09-28
1058664,47680,202209,28,0,2022-09-28
1058667,47674,202209,28,0,2022-09-28
1058667,47676,202209,28,0,2022-09-28
1058669,47681,202209,28,0,2022-09-28
1058669,47682,202209,28,0,2022-09-28
1059705,47662,202210,19,0,2022-10-19
1147441,51479,202207,1,0,2022-07-01
1147441,51480,202207,1,0,2022-07-01
1147441,51481,202207,1,0,2022-07-01
1147441,51482,202207,1,0,2022-07-01
1147442,51773,202207,2,0,2022-07-02
1147443,51484,202207,3,0,2022-07-03
1147443,51485,202207,3,0,2022-07-03
1147443,51486,202207,3,0,2022-07-03
1147443,51487,202207,3,0,2022-07-03
1147443,51488,202207,3,0,2022-07-03
1147443,51490,202207,3,0,2022-07-03
1147443,51491,202207,3,0,2022-07-03
1147443,51492,202207,3,0,2022-07-03
1147443,51493,202207,3,0,2022-07-03
1147444,51494,202207,4,0,2022-07-04
1147445,51495,202207,5,0,2022-07-05
1147445,51496,202207,5,0,2022-07-05
1147590,51499,202207,6,0,2022-07-06
1147590,51500,202207,6,0,2022-07-06
1147591,51501,202207,6,0,2022-07-06
1147593,51504,202207,8,0,2022-07-08
1147593,51505,202207,8,0,2022-07-08
1147593,51506,202207,8,0,2022-07-08
1147593,51507,202207,8,0,2022-07-08
1147594,51508,202207,8,0,2022-07-08
1147594,51509,202207,8,0,2022-07-08
1147595,51565,202207,9,0,2022-07-09
1147595,51566,202207,9,0,2022-07-09
1147595,51567,202207,9,0,2022-07-09
1147595,51568,202207,9,0,2022-07-09
1147596,51516,202207,9,0,2022-07-09
1147600,51532,202207,11,0,2022-07-11
1147600,51533,202207,11,0,2022-07-11
1147600,51534,202207,11,0,2022-07-11
1147600,51535,202207,11,0,2022-07-11
1147600,51536,202207,11,0,2022-07-11
1147601,51537,202207,11,0,2022-07-11
1147601,51538,202207,11,0,2022-07-11
1147602,51539,202207,11,0,2022-07-11
1147602,51540,202207,11,0,2022-07-11
1147684,51774,202207,10,0,2022-07-10
1147684,51775,202207,10,0,2022-07-10
1147684,51777,202207,10,0,2022-07-10
1147684,51778,202207,10,0,2022-07-10
1147684,51779,202207,10,0,2022-07-10
1147684,51780,202207,10,0,2022-07-10
1147684,51781,202207,10,0,2022-07-10
1147684,51782,202207,10,0,2022-07-10
1147685,51562,202207,10,0,2022-07-10
1147686,51564,202207,10,0,2022-07-10
1147687,51580,202207,12,0,2022-07-12
1147687,51582,202207,12,0,2022-07-12
1147687,51583,202207,12,0,2022-07-12
1147687,51584,202207,12,0,2022-07-12
1147687,51585,202207,12,0,2022-07-12
1147688,51575,202207,12,0,2022-07-12
1147690,51577,202207,12,0,2022-07-12
1147690,51578,202207,12,0,2022-07-12
1147690,51579,202207,12,0,2022-07-12
1147691,51586,202207,13,0,2022-07-13
1147691,51587,202207,13,0,2022-07-13
1147691,51588,202207,13,0,2022-07-13
1147691,51590,202207,13,0,2022-07-13
1147691,51591,202207,13,0,2022-07-13
1147692,51592,202207,13,0,2022-07-13
1147692,51593,202207,13,0,2022-07-13
1147692,51594,202207,13,0,2022-07-13
1147692,51595,202207,13,0,2022-07-13
1147693,51596,202207,13,0,2022-07-13
1147694,51597,202207,14,0,2022-07-14
1147694,51598,202207,14,0,2022-07-14
1147694,51599,202207,14,0,2022-07-14
1147694,51600,202207,14,0,2022-07-14
1147694,51602,202207,14,0,2022-07-14
1147694,51603,202207,14,0,2022-07-14
1147694,51604,202207,14,0,2022-07-14
1147694,51605,202207,14,0,2022-07-14
1147694,51606,202207,14,0,2022-07-14
1147694,51607,202207,14,0,2022-07-14
1147695,51609,202207,14,0,2022-07-14
1147695,51610,202207,14,0,2022-07-14
1140908,51083,202205,14,0,2022-05-14
1140909,51084,202205,15,0,2022-05-15
1140911,51086,202205,17,0,2022-05-17
1140912,51087,202205,18,0,2022-05-18
1140913,51088,202205,27,0,2022-05-27
1140913,51089,202205,27,0,2022-05-27
1051094,51074,202209,29,0,2022-09-29
1051094,51075,202209,29,0,2022-09-29
1051094,51076,202209,29,0,2022-09-29
1052272,46979,202209,11,0,2022-09-11
1059055,47658,202209,5,0,2022-09-05
1070864,48277,202212,25,0,2022-12-25
1011218,46203,202203,28,0,2022-03-28
1011218,46204,202203,28,0,2022-03-28
1011218,46205,202203,28,0,2022-03-28
1011218,46206,202203,28,0,2022-03-28
1011218,46207,202203,28,0,2022-03-28
1011218,46208,202203,28,0,2022-03-28
1016435,46289,202203,20,0,2022-03-20
1058309,47124,202209,28,0,2022-09-28
1058309,47125,202209,28,0,2022-09-28
1058310,47126,202209,28,0,2022-09-28
1058310,47127,202209,28,0,2022-09-28
1061616,47935,202212,23,0,2022-12-23
1049550,46934,202207,11,0,2022-07-11
1049620,46935,202207,17,0,2022-07-17
1089586,48876,202206,17,0,2022-06-17
1050322,46947,202207,11,0,2022-07-11
1061294,48451,202212,13,0,2022-12-13
1061294,48452,202212,13,0,2022-12-13
1061849,47878,202212,27,0,2022-12-27
1009762,46132,202202,6,0,2022-02-06
1059043,48464,202212,2,0,2022-12-02
1059045,48465,202212,3,0,2022-12-03
1060174,47669,202211,5,0,2022-11-05
1072766,48466,202212,7,0,2022-12-07
1072970,48515,202212,22,0,2022-12-22
1073676,48489,202212,10,0,2022-12-10
1075999,48538,202212,6,0,2022-12-06
1147695,51611,202207,14,0,2022-07-14
1147696,51635,202207,15,0,2022-07-15
1147696,51637,202207,15,0,2022-07-15
1147696,51638,202207,15,0,2022-07-15
1147696,51639,202207,15,0,2022-07-15
1147696,51640,202207,15,0,2022-07-15
1147697,51619,202207,15,0,2022-07-15
1147697,51620,202207,15,0,2022-07-15
1147697,51621,202207,15,0,2022-07-15
1147698,51622,202207,16,0,2022-07-16
1147698,51623,202207,16,0,2022-07-16
1147698,51624,202207,16,0,2022-07-16
1147698,51625,202207,16,0,2022-07-16
1147698,51626,202207,16,0,2022-07-16
1147698,51627,202207,16,0,2022-07-16
1147698,51628,202207,16,0,2022-07-16
1147698,51629,202207,16,0,2022-07-16
1147699,51630,202207,16,0,2022-07-16
1147699,51631,202207,16,0,2022-07-16
1147700,51632,202207,16,0,2022-07-16
1147700,51633,202207,16,0,2022-07-16
1147701,51665,202207,17,0,2022-07-17
1147701,51666,202207,17,0,2022-07-17
1147701,51667,202207,17,0,2022-07-17
1147701,51668,202207,17,0,2022-07-17
1147701,51670,202207,17,0,2022-07-17
1147701,51671,202207,17,0,2022-07-17
1147701,51672,202207,17,0,2022-07-17
1147701,51673,202207,17,0,2022-07-17
1147702,51659,202207,17,0,2022-07-17
1147702,51660,202207,17,0,2022-07-17
1147702,51662,202207,17,0,2022-07-17
1147703,51664,202207,17,0,2022-07-17
1147704,51674,202207,18,0,2022-07-18
1147704,51675,202207,18,0,2022-07-18
1147704,51676,202207,18,0,2022-07-18
1147704,51677,202207,18,0,2022-07-18
1147704,51678,202207,18,0,2022-07-18
1147704,51679,202207,18,0,2022-07-18
1147704,51680,202207,18,0,2022-07-18
1147705,51681,202207,18,0,2022-07-18
1147705,51682,202207,18,0,2022-07-18
1147705,51684,202207,18,0,2022-07-18
1019239,46325,202206,4,0,2022-06-04
1019324,46326,202206,7,0,2022-06-07
1025502,46382,202206,13,0,2022-06-13
1026611,46386,202206,13,0,2022-06-13
1026612,46387,202206,14,0,2022-06-14
1027382,46392,202206,27,0,2022-06-27
1027650,46400,202206,14,0,2022-06-14
1029607,46669,202206,25,0,2022-06-25
1032172,46450,202206,2,0,2022-06-02
1032173,46451,202206,6,0,2022-06-06
1032173,46452,202206,8,0,2022-06-08
1032173,46453,202206,8,0,2022-06-08
1032174,46454,202206,2,0,2022-06-02
1032189,46465,202206,14,0,2022-06-14
1032189,46455,202206,9,0,2022-06-09
1032189,46456,202206,9,0,2022-06-09
1032189,46457,202206,11,0,2022-06-11
1032189,46458,202206,11,0,2022-06-11
1032189,46459,202206,11,0,2022-06-11
1032189,46460,202206,11,0,2022-06-11
1032189,46461,202206,12,0,2022-06-12
1032189,46462,202206,12,0,2022-06-12
1032189,46466,202206,15,0,2022-06-15
1032189,46463,202206,13,0,2022-06-13
1032189,46464,202206,13,0,2022-06-13
1032193,46467,202206,18,0,2022-06-18
1032195,46469,202206,25,0,2022-06-25
1032195,46468,202206,24,0,2022-06-24
1033117,46476,202206,3,0,2022-06-03
1033146,46672,202206,1,0,2022-06-01
1033460,46480,202206,11,0,2022-06-11
1034564,46500,202206,22,0,2022-06-22
1036690,46504,202206,17,0,2022-06-17
1037476,46520,202206,15,0,2022-06-15
1037476,46519,202206,14,0,2022-06-14
1037800,46521,202206,19,0,2022-06-19
1039208,46540,202206,15,0,2022-06-15
1039790,46545,202206,27,0,2022-06-27
1039790,46546,202206,27,0,2022-06-27
1039790,46547,202206,27,0,2022-06-27
1039790,46548,202206,27,0,2022-06-27
1039790,46549,202206,27,0,2022-06-27
1039790,46550,202206,27,0,2022-06-27
1039790,46551,202206,27,0,2022-06-27
1039790,46552,202206,27,0,2022-06-27
1039790,46553,202206,27,0,2022-06-27
1039790,46554,202206,27,0,2022-06-27
1039790,46555,202206,27,0,2022-06-27
1039790,46556,202206,27,0,2022-06-27
1039790,46557,202206,27,0,2022-06-27
1039790,46558,202206,27,0,2022-06-27
1039790,46559,202206,27,0,2022-06-27
1039790,46560,202206,27,0,2022-06-27
1039790,46561,202206,27,0,2022-06-27
1039790,46562,202206,27,0,2022-06-27
1039790,46563,202206,27,0,2022-06-27
1039790,46564,202206,27,0,2022-06-27
1039790,46565,202206,27,0,2022-06-27
1039790,46566,202206,27,0,2022-06-27
1039790,46567,202206,27,0,2022-06-27
1039790,46568,202206,27,0,2022-06-27
1039790,46569,202206,27,0,2022-06-27
1039790,46570,202206,27,0,2022-06-27
1039790,46571,202206,27,0,2022-06-27
1039790,46572,202206,27,0,2022-06-27
1039790,46573,202206,27,0,2022-06-27
1039790,46574,202206,27,0,2022-06-27
1039790,46575,202206,27,0,2022-06-27
1039790,46576,202206,27,0,2022-06-27
1039790,46577,202206,27,0,2022-06-27
1039790,46578,202206,27,0,2022-06-27
1039790,46579,202206,27,0,2022-06-27
1039790,46580,202206,27,0,2022-06-27
1039790,46581,202206,27,0,2022-06-27
1039790,46582,202206,27,0,2022-06-27
1039790,46583,202206,27,0,2022-06-27
1039790,46584,202206,27,0,2022-06-27
1039790,46585,202206,27,0,2022-06-27
1039790,46586,202206,27,0,2022-06-27
1039790,46587,202206,27,0,2022-06-27
1039790,46588,202206,27,0,2022-06-27
1039790,46589,202206,27,0,2022-06-27
1039790,46590,202206,27,0,2022-06-27
1039790,46591,202206,27,0,2022-06-27
1039790,46592,202206,27,0,2022-06-27
1039790,46593,202206,27,0,2022-06-27
1039790,46594,202206,27,0,2022-06-27
1039790,46595,202206,27,0,2022-06-27
1021409,46350,202206,16,0,2022-06-16
1026613,46700,202207,3,0,2022-07-03
1040195,46699,202207,3,0,2022-07-03
1042691,47688,202206,14,0,2022-06-14
1049228,46860,202207,5,0,2022-07-05
1049228,46861,202207,6,0,2022-07-06
1049228,46862,202207,7,0,2022-07-07
1049228,46863,202207,8,0,2022-07-08
1049228,46857,202207,3,0,2022-07-03
1049228,46859,202207,5,0,2022-07-05
1049238,46865,202207,10,0,2022-07-10
1049238,46866,202207,11,0,2022-07-11
1049238,46867,202207,13,0,2022-07-13
1049238,46864,202207,10,0,2022-07-10
1049240,46868,202207,13,0,2022-07-13
1049838,46938,202207,20,0,2022-07-20
1049838,46936,202207,18,0,2022-07-18
1049838,46937,202207,19,0,2022-07-19
1050012,46943,202207,24,0,2022-07-24
1050012,46942,202207,22,0,2022-07-22
1050023,46944,202207,31,0,2022-07-31
1050250,47900,202207,31,0,2022-07-31
1051016,47007,202209,5,0,2022-09-05
1051016,47008,202209,5,0,2022-09-05
1054129,47686,202208,19,0,2022-08-19
1054302,47035,202208,4,0,2022-08-04
1054416,47036,202208,11,0,2022-08-11
1054888,47038,202208,14,0,2022-08-14
1055226,47042,202208,22,0,2022-08-22
1055310,47043,202208,31,0,2022-08-31
1057712,47087,202209,6,0,2022-09-06
1057712,47089,202209,6,0,2022-09-06
1057712,47090,202209,6,0,2022-09-06
1061849,47879,202212,27,0,2022-12-27
1061915,47899,202212,24,0,2022-12-24
1061949,47880,202212,26,0,2022-12-26
1062224,47886,202212,23,0,2022-12-23
1062629,48178,202212,16,0,2022-12-16
1062630,48176,202212,16,0,2022-12-16
1062630,48173,202212,14,0,2022-12-14
1062630,48174,202212,17,0,2022-12-17
1062630,48175,202212,16,0,2022-12-16
1062630,48177,202212,16,0,2022-12-16
1062787,47923,202212,31,0,2022-12-31
1062864,48483,202212,23,0,2022-12-23
1062865,48482,202212,22,0,2022-12-22
1064377,48453,202212,23,0,2022-12-23
1064379,48254,202212,23,0,2022-12-23
1064479,47907,202212,31,0,2022-12-31
1064796,47912,202212,23,0,2022-12-23
1064845,47913,202212,23,0,2022-12-23
1064865,47914,202212,24,0,2022-12-24
1065884,47922,202212,24,0,2022-12-24
1066996,48043,202212,9,0,2022-12-09
1066996,48044,202212,10,0,2022-12-10
1067582,48158,202212,20,0,2022-12-20
1067583,48159,202212,23,0,2022-12-23
1068434,48171,202212,23,0,2022-12-23
1068968,48231,202212,23,0,2022-12-23
1069193,48242,202212,18,0,2022-12-18
1069935,48255,202212,20,0,2022-12-20
1069961,48260,202212,22,0,2022-12-22
1070116,48363,202212,2,0,2022-12-02
1039790,46596,202206,27,0,2022-06-27
1039790,46597,202206,27,0,2022-06-27
1039857,46616,202206,13,0,2022-06-13
1039857,46617,202206,13,0,2022-06-13
1039857,46618,202206,13,0,2022-06-13
1039968,46670,202206,17,0,2022-06-17
1147705,51685,202207,18,0,2022-07-18
1147706,51686,202207,19,0,2022-07-19
1147706,51687,202207,19,0,2022-07-19
1147706,51688,202207,19,0,2022-07-19
1147706,51689,202207,19,0,2022-07-19
1147706,51690,202207,19,0,2022-07-19
1147706,51691,202207,19,0,2022-07-19
1147706,51692,202207,19,0,2022-07-19
1147707,51693,202207,19,0,2022-07-19
1147707,51695,202207,19,0,2022-07-19
1147708,51696,202207,19,0,2022-07-19
1040361,46660,202206,18,0,2022-06-18
1041865,46686,202206,13,0,2022-06-13
1044700,46701,202206,29,0,2022-06-29
1147709,51697,202207,20,0,2022-07-20
1147709,51699,202207,20,0,2022-07-20
1147709,51700,202207,20,0,2022-07-20
1147709,51701,202207,20,0,2022-07-20
1147709,51702,202207,20,0,2022-07-20
1147709,51703,202207,20,0,2022-07-20
1147709,51704,202207,20,0,2022-07-20
1147709,51705,202207,20,0,2022-07-20
1147710,51707,202207,20,0,2022-07-20
1147711,51708,202207,20,0,2022-07-20
1147711,51709,202207,20,0,2022-07-20
1147711,51710,202207,20,0,2022-07-20
1147711,51711,202207,20,0,2022-07-20
1147884,51718,202207,21,0,2022-07-21
1147884,51719,202207,21,0,2022-07-21
1147884,51720,202207,21,0,2022-07-21
1147884,51721,202207,21,0,2022-07-21
1147884,51722,202207,21,0,2022-07-21
1147884,51723,202207,21,0,2022-07-21
1147884,51725,202207,21,0,2022-07-21
1147884,51726,202207,21,0,2022-07-21
1147884,51727,202207,21,0,2022-07-21
1147884,51728,202207,22,0,2022-07-22
1147884,51729,202207,22,0,2022-07-22
1147884,51730,202207,22,0,2022-07-22
1147884,51731,202207,22,0,2022-07-22
1147884,51732,202207,22,0,2022-07-22
1147884,51733,202207,22,0,2022-07-22
1147884,51734,202207,22,0,2022-07-22
1147884,51735,202207,22,0,2022-07-22
1147884,51738,202207,22,0,2022-07-22
1147885,51739,202207,21,0,2022-07-21
1147885,51740,202207,21,0,2022-07-21
1147886,51741,202207,21,0,2022-07-21
1147886,51742,202207,21,0,2022-07-21
1147886,51743,202207,21,0,2022-07-21
1147886,51744,202207,21,0,2022-07-21
1147886,51745,202207,22,0,2022-07-22
1147886,51746,202207,22,0,2022-07-22
1147886,51747,202207,22,0,2022-07-22
1147887,51749,202207,22,0,2022-07-22
1147888,51750,202207,23,0,2022-07-23
1147888,51751,202207,23,0,2022-07-23
1147888,51752,202207,23,0,2022-07-23
1147888,51753,202207,23,0,2022-07-23
1147888,51754,202207,23,0,2022-07-23
1147888,51755,202207,23,0,2022-07-23
1147888,51756,202207,23,0,2022-07-23
1147888,51757,202207,23,0,2022-07-23
1147888,51758,202207,23,0,2022-07-23
1147888,51760,202207,24,0,2022-07-24
1147888,51761,202207,24,0,2022-07-24
1147889,51762,202207,23,0,2022-07-23
1147889,51763,202207,23,0,2022-07-23
1147889,51764,202207,23,0,2022-07-23
1147889,51765,202207,24,0,2022-07-24
1147889,51766,202207,24,0,2022-07-24
1147889,51767,202207,24,0,2022-07-24
1147890,51768,202207,24,0,2022-07-24
1147890,51769,202207,24,0,2022-07-24
1147892,51772,202207,23,0,2022-07-23
1148922,51847,202208,1,0,2022-08-01
1148922,51848,202208,1,0,2022-08-01
1148922,51849,202208,1,0,2022-08-01
1148924,51850,202208,1,0,2022-08-01
1148924,51851,202208,1,0,2022-08-01
1148926,51852,202208,2,0,2022-08-02
1148926,51853,202208,2,0,2022-08-02
1148926,51854,202208,2,0,2022-08-02
1148927,51855,202208,2,0,2022-08-02
1148927,51856,202208,2,0,2022-08-02
1148929,51857,202208,2,0,2022-08-02
1148930,51858,202208,3,0,2022-08-03
1069470,48250,202212,2,0,2022-12-02
1069470,48251,202212,2,0,2022-12-02
1073379,48478,202212,14,0,2022-12-14
1073379,48479,202212,14,0,2022-12-14
1073379,48480,202212,14,0,2022-12-14
1073379,48481,202212,14,0,2022-12-14
1079964,48696,202212,31,0,2022-12-31
1080206,48697,202212,11,0,2022-12-11
1080206,48698,202212,11,0,2022-12-11
1080214,48699,202212,31,0,2022-12-31
1143516,51285,202206,6,0,2022-06-06
1143516,51286,202206,6,0,2022-06-06
1143516,51287,202206,6,0,2022-06-06
1143517,51270,202206,7,0,2022-06-07
1143518,51271,202206,7,0,2022-06-07
1143519,51304,202206,8,0,2022-06-08
1143519,51305,202206,9,0,2022-06-09
1143519,51306,202206,9,0,2022-06-09
1143519,51307,202206,10,0,2022-06-10
1143519,51308,202206,10,0,2022-06-10
1143519,51309,202206,11,0,2022-06-11
1143519,51310,202206,11,0,2022-06-11
1143519,51311,202206,12,0,2022-06-12
1143519,51312,202206,12,0,2022-06-12
1143519,51313,202206,12,0,2022-06-12
1143519,51314,202206,12,0,2022-06-12
1143519,51315,202206,13,0,2022-06-13
1143519,51316,202206,13,0,2022-06-13
1143519,51317,202206,14,0,2022-06-14
1143519,51318,202206,14,0,2022-06-14
1143519,51319,202206,14,0,2022-06-14
1143520,51320,202206,10,0,2022-06-10
1143521,51321,202206,11,0,2022-06-11
1143522,51322,202206,10,0,2022-06-10
1143522,51323,202206,11,0,2022-06-11
1143522,51324,202206,12,0,2022-06-12
1143522,51325,202206,12,0,2022-06-12
1143523,51326,202206,8,0,2022-06-08
1143523,51327,202206,9,0,2022-06-09
1143523,51328,202206,9,0,2022-06-09
1143523,51329,202206,12,0,2022-06-12
1143523,51330,202206,12,0,2022-06-12
1143523,51331,202206,13,0,2022-06-13
1143523,51332,202206,13,0,2022-06-13
1143523,51333,202206,14,0,2022-06-14
1143524,51334,202206,12,0,2022-06-12
1062580,47889,202207,6,0,2022-07-06
1063834,47901,202208,3,0,2022-08-03
1049228,46858,202207,4,0,2022-07-04
1050012,46941,202207,22,0,2022-07-22
1057712,47088,202209,6,0,2022-09-06
1056857,47079,202209,12,0,2022-09-12
1070865,48278,202212,25,0,2022-12-25
1070866,48279,202212,25,0,2022-12-25
1070867,48280,202212,25,0,2022-12-25
1070868,48337,202212,25,0,2022-12-25
1070868,48338,202212,25,0,2022-12-25
1070868,48339,202212,25,0,2022-12-25
1070868,48321,202212,24,0,2022-12-24
1070868,48323,202212,24,0,2022-12-24
1070868,48325,202212,24,0,2022-12-24
1070868,48327,202212,24,0,2022-12-24
1070868,48328,202212,25,0,2022-12-25
1070868,48332,202212,25,0,2022-12-25
1070868,48334,202212,25,0,2022-12-25
1070868,48340,202212,25,0,2022-12-25
1070868,48342,202212,25,0,2022-12-25
1070868,48345,202212,27,0,2022-12-27
1070868,48346,202212,25,0,2022-12-25
1070868,48348,202212,26,0,2022-12-26
1070868,48351,202212,25,0,2022-12-25
1070868,48352,202212,25,0,2022-12-25
1070868,48353,202212,24,0,2022-12-24
1070868,48322,202212,28,0,2022-12-28
1070868,48326,202212,24,0,2022-12-24
1070868,48329,202212,26,0,2022-12-26
1070868,48330,202212,26,0,2022-12-26
1070868,48331,202212,26,0,2022-12-26
1070868,48333,202212,25,0,2022-12-25
1070868,48335,202212,25,0,2022-12-25
1070868,48341,202212,25,0,2022-12-25
1070868,48344,202212,27,0,2022-12-27
1070868,48347,202212,26,0,2022-12-26
1070868,48349,202212,28,0,2022-12-28
1070868,48350,202212,25,0,2022-12-25
1070868,48357,202212,25,0,2022-12-25
1070868,48358,202212,28,0,2022-12-28
1070868,48360,202212,26,0,2022-12-26
1070868,48343,202212,27,0,2022-12-27
1070868,48355,202212,24,0,2022-12-24
1070868,48356,202212,23,0,2022-12-23
1070905,48362,202212,25,0,2022-12-25
1070917,48361,202212,25,0,2022-12-25
1071487,48372,202212,21,0,2022-12-21
1071488,48371,202212,21,0,2022-12-21
1072999,48470,202212,26,0,2022-12-26
1073446,48485,202212,30,0,2022-12-30
1071358,52842,202212,14,0,2022-12-14
1148971,51894,202208,31,0,2022-08-31
1148972,51895,202208,30,0,2022-08-30
1148972,51896,202208,30,0,2022-08-30
1149103,51927,202209,1,0,2022-09-01
1148939,51859,202208,6,0,2022-08-06
1148940,51860,202208,7,0,2022-08-07
1149103,51928,202209,1,0,2022-09-01
1149104,51907,202209,2,0,2022-09-02
1149104,51908,202209,2,0,2022-09-02
1148941,51861,202208,7,0,2022-08-07
1149105,51930,202209,3,0,2022-09-03
1148942,51862,202208,8,0,2022-08-08
1148942,51863,202208,8,0,2022-08-08
1148943,51864,202208,8,0,2022-08-08
1148945,51865,202208,10,0,2022-08-10
1148946,51866,202208,11,0,2022-08-11
1148947,51867,202208,11,0,2022-08-11
1148948,51868,202208,12,0,2022-08-12
1148949,51869,202208,12,0,2022-08-12
1148950,51870,202208,13,0,2022-08-13
1148950,51871,202208,13,0,2022-08-13
1148951,51872,202208,16,0,2022-08-16
1148952,51873,202208,16,0,2022-08-16
1148953,51874,202208,17,0,2022-08-17
1148954,51875,202208,17,0,2022-08-17
1148955,51876,202208,17,0,2022-08-17
1148955,51877,202208,17,0,2022-08-17
1148956,51878,202208,18,0,2022-08-18
1148957,51879,202208,18,0,2022-08-18
1148958,51880,202208,23,0,2022-08-23
1148959,51972,202208,24,0,2022-08-24
1148960,51882,202208,25,0,2022-08-25
1148961,51883,202208,26,0,2022-08-26
1148962,51884,202208,27,0,2022-08-27
1148963,51886,202208,28,0,2022-08-28
1148964,51887,202208,28,0,2022-08-28
1148966,51888,202208,29,0,2022-08-29
1148967,51889,202208,30,0,2022-08-30
1148967,51890,202208,30,0,2022-08-30
1148967,51891,202208,31,0,2022-08-31
1148967,51892,202208,31,0,2022-08-31
1148970,51893,202208,31,0,2022-08-31
1149105,51931,202209,4,0,2022-09-04
1143704,51344,202206,16,0,2022-06-16
1143705,51345,202206,16,0,2022-06-16
1143706,51346,202206,16,0,2022-06-16
1143707,51350,202206,17,0,2022-06-17
1143707,51351,202206,18,0,2022-06-18
1143707,51352,202206,18,0,2022-06-18
1143708,51348,202206,17,0,2022-06-17
1143709,51405,202206,17,0,2022-06-17
1143709,51406,202206,18,0,2022-06-18
1144180,51358,202206,21,0,2022-06-21
1144180,51359,202206,21,0,2022-06-21
1144180,51360,202206,21,0,2022-06-21
1144180,51361,202206,21,0,2022-06-21
1144183,51362,202206,22,0,2022-06-22
1144186,51386,202206,23,0,2022-06-23
1144186,51387,202206,23,0,2022-06-23
1144186,51388,202206,23,0,2022-06-23
1144187,51366,202206,24,0,2022-06-24
1144188,51389,202206,25,0,2022-06-25
1144189,51390,202206,26,0,2022-06-26
1144189,51391,202206,27,0,2022-06-27
1144189,51392,202206,27,0,2022-06-27
1144292,51393,202206,28,0,2022-06-28
1144293,51394,202206,29,0,2022-06-29
1144293,51395,202206,29,0,2022-06-29
1144293,51396,202206,29,0,2022-06-29
1144293,51397,202206,29,0,2022-06-29
1144294,51398,202206,29,0,2022-06-29
1144295,51399,202206,30,0,2022-06-30
1144296,51400,202206,30,0,2022-06-30
1144297,51401,202206,30,0,2022-06-30
1040250,46649,202206,15,0,2022-06-15
1141220,51093,202209,18,0,2022-09-18
1141406,51111,202209,6,0,2022-09-06
1040272,47936,202206,23,0,2022-06-23
1140910,51085,202205,16,0,2022-05-16
1040200,46641,202206,10,0,2022-06-10
1040200,46642,202206,12,0,2022-06-12
1040201,46643,202206,10,0,2022-06-10
1040202,51117,202206,10,0,2022-06-10
1040202,51118,202206,12,0,2022-06-12
1040202,51112,202206,10,0,2022-06-10
1040202,51113,202206,10,0,2022-06-10
1040202,51114,202206,12,0,2022-06-12
1040202,51115,202206,10,0,2022-06-10
1040202,51116,202206,11,0,2022-06-11
1040241,46647,202206,16,0,2022-06-16
1040273,46656,202206,22,0,2022-06-22
1040273,46657,202206,23,0,2022-06-23
1050399,51102,202207,10,0,2022-07-10
1050400,46952,202207,11,0,2022-07-11
1050400,46953,202207,11,0,2022-07-11
1050401,46951,202207,11,0,2022-07-11
1050403,47041,202207,11,0,2022-07-11
1053157,46992,202209,4,0,2022-09-04
1053157,46993,202209,4,0,2022-09-04
1055028,47039,202208,29,0,2022-08-29
1044021,46704,202209,2,0,2022-09-02
1044021,46705,202209,2,0,2022-09-02
1044560,46687,202209,1,0,2022-09-01
1047101,46752,202209,14,0,2022-09-14
1047828,46755,202209,6,0,2022-09-06
1048210,46758,202209,15,0,2022-09-15
1048210,46759,202209,15,0,2022-09-15
1049266,46870,202209,8,0,2022-09-08
1049267,46871,202209,10,0,2022-09-10
1140914,51090,202205,27,0,2022-05-27
1140915,51091,202205,28,0,2022-05-28
1141219,51092,202209,19,0,2022-09-19
1052133,46978,202209,3,0,2022-09-03
1141384,51096,202207,18,0,2022-07-18
1054477,47045,202209,25,0,2022-09-25
1056011,47204,202209,30,0,2022-09-30
1057557,47154,202209,4,0,2022-09-04
1058163,47277,202209,28,0,2022-09-28
1058237,47086,202209,27,0,2022-09-27
1058282,47266,202210,5,0,2022-10-05
1141384,51097,202207,18,0,2022-07-18
1141388,51098,202207,17,0,2022-07-17
1141388,51099,202207,18,0,2022-07-18
1141389,51100,202207,18,0,2022-07-18
1141390,51101,202207,18,0,2022-07-18
1141397,51103,202207,9,0,2022-07-09
1141397,51104,202207,8,0,2022-07-08
1141398,51105,202207,14,0,2022-07-14
1058341,47268,202209,29,0,2022-09-29
1058341,47267,202209,29,0,2022-09-29
1058341,47269,202209,29,0,2022-09-29
1058341,47270,202209,29,0,2022-09-29
1058345,47243,202209,29,0,2022-09-29
1058358,47259,202210,7,0,2022-10-07
1058358,47261,202211,5,0,2022-11-05
1058358,47260,202210,12,0,2022-10-12
1141398,51106,202207,14,0,2022-07-14
1058405,47278,202209,28,0,2022-09-28
1058406,47183,202209,27,0,2022-09-27
1058406,47184,202209,27,0,2022-09-27
1058406,47185,202209,27,0,2022-09-27
1058406,47186,202209,27,0,2022-09-27
1058406,47187,202209,27,0,2022-09-27
1058406,47188,202209,27,0,2022-09-27
1058406,47189,202209,27,0,2022-09-27
1058406,47190,202209,27,0,2022-09-27
1058406,47191,202209,27,0,2022-09-27
1058406,47192,202209,27,0,2022-09-27
1058406,47193,202209,27,0,2022-09-27
1058406,47194,202209,27,0,2022-09-27
1058406,47195,202209,27,0,2022-09-27
1058406,47196,202209,27,0,2022-09-27
1058406,47197,202209,27,0,2022-09-27
1058406,47198,202209,27,0,2022-09-27
1058406,47199,202209,27,0,2022-09-27
1058406,47200,202209,27,0,2022-09-27
1058407,47181,202209,28,0,2022-09-28
1058407,47182,202209,28,0,2022-09-28
1058412,47276,202209,28,0,2022-09-28
1058443,47209,202209,1,0,2022-09-01
1058443,47210,202209,2,0,2022-09-02
1058443,47212,202209,3,0,2022-09-03
1058443,47213,202209,3,0,2022-09-03
1058443,47214,202209,3,0,2022-09-03
1058443,47215,202209,4,0,2022-09-04
1058443,47216,202209,4,0,2022-09-04
1058443,47211,202209,2,0,2022-09-02
1058461,47217,202209,6,0,2022-09-06
1058461,47218,202209,8,0,2022-09-08
1058465,47219,202209,2,0,2022-09-02
1058488,47220,202209,4,0,2022-09-04
1058527,47279,202210,6,0,2022-10-06
1058527,47280,202210,13,0,2022-10-13
1058527,47281,202210,16,0,2022-10-16
1058527,47282,202210,24,0,2022-10-24
1058627,47283,202209,30,0,2022-09-30
1058633,47286,202209,30,0,2022-09-30
1058633,47284,202209,30,0,2022-09-30
1058633,47285,202209,30,0,2022-09-30
1141401,51107,202208,16,0,2022-08-16
1141401,51108,202208,16,0,2022-08-16
1141408,51110,202209,2,0,2022-09-02
1089586,48877,202206,17,0,2022-06-17
1089587,48878,202207,19,0,2022-07-19
1071152,49044,202212,25,0,2022-12-25
1071152,49045,202212,24,0,2022-12-24
1092384,49077,202212,23,0,2022-12-23
1092384,49078,202212,23,0,2022-12-23
1092384,49079,202212,23,0,2022-12-23
1092384,49080,202212,23,0,2022-12-23
1092393,49082,202212,23,0,2022-12-23
1058305,49092,202209,28,0,2022-09-28
1058305,49093,202209,28,0,2022-09-28
1058305,49094,202209,28,0,2022-09-28
1058305,49095,202209,28,0,2022-09-28
1058305,49096,202209,28,0,2022-09-28
1058305,49097,202209,28,0,2022-09-28
1058305,49098,202209,28,0,2022-09-28
1058305,49099,202209,28,0,2022-09-28
1092611,49119,202212,23,0,2022-12-23
1092617,49120,202212,24,0,2022-12-24
1092624,49121,202212,24,0,2022-12-24
1149105,51932,202209,4,0,2022-09-04
1149105,51933,202209,5,0,2022-09-05
1149105,51934,202209,5,0,2022-09-05
1149105,51935,202209,6,0,2022-09-06
1149105,51936,202209,6,0,2022-09-06
1149105,51937,202209,6,0,2022-09-06
1149105,51938,202209,7,0,2022-09-07
1149105,51939,202209,8,0,2022-09-08
1149106,51953,202209,5,0,2022-09-05
1149107,51947,202209,4,0,2022-09-04
1149107,51948,202209,4,0,2022-09-04
1149107,51949,202209,5,0,2022-09-05
1149107,51950,202209,8,0,2022-09-08
1149108,51922,202209,3,0,2022-09-03
1149108,51923,202209,6,0,2022-09-06
1149108,51924,202209,7,0,2022-09-07
1149108,51925,202209,7,0,2022-09-07
1149109,51945,202209,7,0,2022-09-07
1149109,51946,202209,8,0,2022-09-08
1149112,51954,202209,19,0,2022-09-19
1149114,51955,202209,23,0,2022-09-23
1149115,51957,202209,24,0,2022-09-24
1149116,51958,202209,27,0,2022-09-27
1149116,51959,202209,27,0,2022-09-27
1147696,51641,202207,15,0,2022-07-15
1147443,51489,202207,3,0,2022-07-03
1147593,51503,202207,8,0,2022-07-08
1147600,51531,202207,11,0,2022-07-11
1147684,51776,202207,10,0,2022-07-10
1147687,51581,202207,12,0,2022-07-12
1147691,51589,202207,13,0,2022-07-13
1147694,51601,202207,14,0,2022-07-14
1147696,51636,202207,15,0,2022-07-15
1147700,51634,202207,16,0,2022-07-16
1147702,51661,202207,17,0,2022-07-17
1147705,51683,202207,18,0,2022-07-18
1147707,51694,202207,19,0,2022-07-19
1147710,51706,202207,20,0,2022-07-20
1147884,51724,202207,21,0,2022-07-21
1147884,51736,202207,22,0,2022-07-22
1147887,51748,202207,22,0,2022-07-22
1147888,51759,202207,23,0,2022-07-23
1147891,51771,202207,23,0,2022-07-23
1147592,51502,202207,7,0,2022-07-07
1147685,51563,202207,10,0,2022-07-10
1147695,51608,202207,14,0,2022-07-14
1147701,51669,202207,17,0,2022-07-17
1147709,51698,202207,20,0,2022-07-20
1147884,51737,202207,22,0,2022-07-22
1147890,51770,202207,24,0,2022-07-24
1055029,47058,202208,30,0,2022-08-30
1058367,47939,202209,5,0,2022-09-05
1007076,46078,202203,5,0,2022-03-05
1007076,46079,202203,5,0,2022-03-05
1007076,46080,202203,5,0,2022-03-05
1007076,46081,202203,5,0,2022-03-05
1007076,46082,202203,5,0,2022-03-05
1007076,46083,202203,5,0,2022-03-05
1007112,46077,202203,5,0,2022-03-05
1021872,46351,202206,18,0,2022-06-18
997261,46321,202202,4,0,2022-02-04
1007520,46086,202204,10,0,2022-04-10
1043665,46682,202208,11,0,2022-08-11
1010131,46144,202204,14,0,2022-04-14
1011588,46359,202204,23,0,2022-04-23
1011588,46360,202204,23,0,2022-04-23
1012040,46223,202204,13,0,2022-04-13
1012040,46224,202204,13,0,2022-04-13
1013199,46255,202204,13,0,2022-04-13
1014520,46370,202204,5,0,2022-04-05
1018335,46343,202204,18,0,2022-04-18
1018811,46340,202204,14,0,2022-04-14
1018829,46341,202204,14,0,2022-04-14
1018981,46323,202204,23,0,2022-04-23
1020057,46375,202204,7,0,2022-04-07
1021301,46348,202204,10,0,2022-04-10
1023199,46362,202204,13,0,2022-04-13
1024927,46376,202204,13,0,2022-04-13
1066418,52482,202211,30,0,2022-11-30
1066418,52483,202211,30,0,2022-11-30
891279,41107,202004,24,0,2020-04-24
897962,41201,202001,14,0,2020-01-14
897962,41202,202001,14,0,2020-01-14
897962,41203,202001,14,0,2020-01-14
871629,41291,202001,11,0,2020-01-11
871629,41292,202001,11,0,2020-01-11
883722,40984,202003,7,0,2020-03-07
877285,40781,202002,6,0,2020-02-06
871629,41293,202001,11,0,2020-01-11
881954,40839,202004,7,0,2020-04-07
889030,41038,202004,22,0,2020-04-22
889030,41039,202004,22,0,2020-04-22
889030,41040,202004,22,0,2020-04-22
878237,41294,202002,6,0,2020-02-06
879197,41286,202003,20,0,2020-03-20
879197,41287,202003,20,0,2020-03-20
917518,41501,202009,3,0,2020-09-03
917518,41502,202009,3,0,2020-09-03
923091,42014,202011,15,0,2020-11-15
901386,41234,202001,17,0,2020-01-17
923091,42015,202011,15,0,2020-11-15
923169,41866,202011,24,0,2020-11-24
909156,41288,202003,28,0,2020-03-28
917518,41503,202008,28,0,2020-08-28
917518,41506,202009,3,0,2020-09-03
917518,41508,202009,7,0,2020-09-07
917518,41504,202009,4,0,2020-09-04
917518,41509,202010,3,0,2020-10-03
917655,41471,202008,29,0,2020-08-29
917670,41467,202008,11,0,2020-08-11
917682,41468,202008,18,0,2020-08-18
924168,41916,202011,19,0,2020-11-19
924366,41918,202011,26,0,2020-11-26
918078,41511,202008,30,0,2020-08-30
918078,41512,202008,31,0,2020-08-31
918079,41510,202008,27,0,2020-08-27
918080,41519,202008,27,0,2020-08-27
918080,41520,202008,28,0,2020-08-28
918080,41521,202008,28,0,2020-08-28
918081,41525,202008,27,0,2020-08-27
918083,41517,202009,8,0,2020-09-08
918083,41516,202008,27,0,2020-08-27
918083,41518,202008,29,0,2020-08-29
924367,41919,202011,15,0,2020-11-15
918105,41526,202008,27,0,2020-08-27
918105,41527,202008,27,0,2020-08-27
918105,41528,202008,27,0,2020-08-27
918105,41529,202008,27,0,2020-08-27
918105,41530,202008,27,0,2020-08-27
918460,41532,202008,4,0,2020-08-04
918700,41651,202008,4,0,2020-08-04
918810,41544,202009,2,0,2020-09-02
918812,41546,202008,14,0,2020-08-14
924641,41936,202011,29,0,2020-11-29
928547,42296,202011,22,0,2020-11-22
919148,41562,202008,20,0,2020-08-20
919149,41566,202008,20,0,2020-08-20
928551,42297,202011,22,0,2020-11-22
928557,42021,202011,30,0,2020-11-30
928557,42022,202011,30,0,2020-11-30
928567,42157,202011,10,0,2020-11-10
928610,42158,202011,10,0,2020-11-10
928624,42159,202011,10,0,2020-11-10
928624,42160,202011,10,0,2020-11-10
928851,42038,202011,13,0,2020-11-13
928921,42163,202011,10,0,2020-11-10
928921,42164,202011,10,0,2020-11-10
919297,41650,202008,27,0,2020-08-27
919557,41652,202008,25,0,2020-08-25
909473,41295,202009,5,0,2020-09-05
909474,41296,202009,6,0,2020-09-06
909475,41298,202009,7,0,2020-09-07
909610,41432,202009,8,0,2020-09-08
909610,41433,202009,8,0,2020-09-08
877114,40755,202004,16,0,2020-04-16
877048,40765,202004,15,0,2020-04-15
877419,40766,202004,12,0,2020-04-12
880057,40806,202004,22,0,2020-04-22
879418,40807,202004,29,0,2020-04-29
879418,40808,202004,29,0,2020-04-29
879418,40809,202004,29,0,2020-04-29
879418,40810,202004,29,0,2020-04-29
879418,40811,202004,29,0,2020-04-29
881161,40830,202004,28,0,2020-04-28
882493,40843,202004,12,0,2020-04-12
884080,40992,202004,12,0,2020-04-12
886389,41006,202004,21,0,2020-04-21
884482,41007,202004,8,0,2020-04-08
887797,41015,202004,30,0,2020-04-30
887943,41016,202004,13,0,2020-04-13
889119,41041,202004,9,0,2020-04-09
889259,41064,202004,12,0,2020-04-12
889259,41065,202004,12,0,2020-04-12
889259,41066,202004,12,0,2020-04-12
889259,41067,202004,12,0,2020-04-12
889259,41068,202004,12,0,2020-04-12
889259,41069,202004,12,0,2020-04-12
889259,41070,202004,12,0,2020-04-12
889259,41071,202004,12,0,2020-04-12
889288,41072,202004,13,0,2020-04-13
886100,41073,202004,13,0,2020-04-13
890139,41083,202004,1,0,2020-04-01
890140,41084,202004,3,0,2020-04-03
890149,41088,202004,12,0,2020-04-12
890609,41090,202004,12,0,2020-04-12
876337,41091,202004,12,0,2020-04-12
876337,41092,202004,15,0,2020-04-15
890717,41099,202004,13,0,2020-04-13
890652,41100,202004,22,0,2020-04-22
890652,41101,202004,22,0,2020-04-22
880478,41115,202005,4,0,2020-05-04
881748,40836,202005,11,0,2020-05-11
881749,40837,202005,16,0,2020-05-16
882294,41009,202005,19,0,2020-05-19
882377,40842,202005,21,0,2020-05-21
883052,40986,202005,17,0,2020-05-17
884487,40993,202005,27,0,2020-05-27
884489,40994,202005,28,0,2020-05-28
886295,41010,202005,27,0,2020-05-27
887620,41013,202005,30,0,2020-05-30
888186,41167,202005,15,0,2020-05-15
888317,41019,202005,22,0,2020-05-22
889249,41063,202005,20,0,2020-05-20
892202,41149,202005,6,0,2020-05-06
892243,41148,202005,29,0,2020-05-29
892502,41165,202005,11,0,2020-05-11
892502,41166,202005,11,0,2020-05-11
892770,41147,202005,15,0,2020-05-15
893920,41172,202005,21,0,2020-05-21
894099,41196,202005,15,0,2020-05-15
895063,41168,202005,5,0,2020-05-05
895549,41170,202005,17,0,2020-05-17
895786,41177,202006,6,0,2020-06-06
895889,41179,202005,26,0,2020-05-26
896679,41195,202005,22,0,2020-05-22
897267,41217,202005,3,0,2020-05-03
897450,41188,202005,7,0,2020-05-07
898115,41207,202005,28,0,2020-05-28
898115,41208,202005,28,0,2020-05-28
898115,41209,202005,28,0,2020-05-28
884311,40985,202006,2,0,2020-06-02
885500,40996,202006,3,0,2020-06-03
885505,40997,202006,3,0,2020-06-03
885507,40998,202006,3,0,2020-06-03
885522,40999,202006,3,0,2020-06-03
886010,41000,202006,6,0,2020-06-06
901229,41231,202008,8,0,2020-08-08
901229,41232,202008,8,0,2020-08-08
906012,41259,202008,25,0,2020-08-25
891933,41110,202006,6,0,2020-06-06
891995,41113,202006,29,0,2020-06-29
891995,41114,202006,29,0,2020-06-29
892093,41116,202006,4,0,2020-06-04
892334,41119,202006,5,0,2020-06-05
894477,41162,202006,23,0,2020-06-23
898393,41212,202006,30,0,2020-06-30
898393,41213,202006,30,0,2020-06-30
899310,41221,202006,13,0,2020-06-13
899310,41222,202006,13,0,2020-06-13
900616,41228,202006,28,0,2020-06-28
903372,41245,202006,21,0,2020-06-21
903730,41250,202006,19,0,2020-06-19
903730,41251,202006,20,0,2020-06-20
903730,41252,202006,20,0,2020-06-20
903916,41253,202006,9,0,2020-06-09
908492,41361,202008,16,0,2020-08-16
908796,41649,202008,27,0,2020-08-27
906034,41266,202006,24,0,2020-06-24
906080,41267,202006,10,0,2020-06-10
909838,41300,202006,15,0,2020-06-15
909838,41301,202006,15,0,2020-06-15
908916,41281,202008,3,0,2020-08-03
911404,41445,202008,31,0,2020-08-31
912887,41357,202008,17,0,2020-08-17
912887,41358,202008,17,0,2020-08-17
912887,41359,202008,17,0,2020-08-17
915489,41427,202008,11,0,2020-08-11
915720,41548,202008,30,0,2020-08-30
915914,41428,202008,16,0,2020-08-16
915914,41429,202008,18,0,2020-08-18
915918,41430,202008,16,0,2020-08-16
916103,41664,202008,10,0,2020-08-10
917285,41451,202008,15,0,2020-08-15
917518,41497,202008,27,0,2020-08-27
917518,41505,202009,17,0,2020-09-17
917518,41507,202008,29,0,2020-08-29
917518,41498,202008,27,0,2020-08-27
917518,41499,202009,3,0,2020-09-03
917518,41500,202009,3,0,2020-09-03
871648,40667,202003,9,0,2020-03-09
873985,40707,202003,14,0,2020-03-14
879223,40801,202003,14,0,2020-03-14
879632,40803,202003,18,0,2020-03-18
880581,40818,202003,19,0,2020-03-19
873165,40820,202003,21,0,2020-03-21
880568,40821,202003,5,0,2020-03-05
881590,40834,202003,15,0,2020-03-15
882846,40849,202003,19,0,2020-03-19
882919,40850,202003,13,0,2020-03-13
882919,40851,202003,13,0,2020-03-13
883022,40883,202003,10,0,2020-03-10
912411,41322,202007,5,0,2020-07-05
912417,41323,202007,8,0,2020-07-08
912418,41324,202007,8,0,2020-07-08
912438,41329,202007,13,0,2020-07-13
912439,41330,202007,10,0,2020-07-10
912444,41331,202007,11,0,2020-07-11
912466,41332,202007,16,0,2020-07-16
912467,41549,202007,21,0,2020-07-21
912468,41550,202007,21,0,2020-07-21
912469,41336,202007,24,0,2020-07-24
912481,41341,202007,29,0,2020-07-29
912481,41342,202007,29,0,2020-07-29
912685,41346,202007,5,0,2020-07-05
913363,41388,202007,23,0,2020-07-23
914929,41412,202007,30,0,2020-07-30
917804,41473,202007,25,0,2020-07-25
898441,41215,202007,31,0,2020-07-31
917271,41448,202009,16,0,2020-09-16
917275,41449,202009,17,0,2020-09-17
916399,41531,202008,4,0,2020-08-04
919167,41569,202008,16,0,2020-08-16
919146,41653,202008,8,0,2020-08-08
919146,41654,202008,8,0,2020-08-08
919147,41656,202008,10,0,2020-08-10
919158,41657,202008,17,0,2020-08-17
919182,41659,202008,28,0,2020-08-28
919180,41686,202008,23,0,2020-08-23
919177,41689,202008,25,0,2020-08-25
919176,41693,202008,25,0,2020-08-25
919176,41694,202008,25,0,2020-08-25
919178,41695,202008,25,0,2020-08-25
919161,41696,202008,13,0,2020-08-13
919162,41697,202008,14,0,2020-08-14
880988,41728,202004,12,0,2020-04-12
922401,41812,202008,5,0,2020-08-05
922401,41813,202008,5,0,2020-08-05
899721,41824,202004,19,0,2020-04-19
902815,41843,202004,12,0,2020-04-12
902815,41844,202004,12,0,2020-04-12
902843,41849,202004,12,0,2020-04-12
902843,41850,202004,12,0,2020-04-12
902843,41851,202004,16,0,2020-04-16
902843,41852,202004,13,0,2020-04-13
889068,41928,202004,13,0,2020-04-13
889068,41929,202004,13,0,2020-04-13
889068,41930,202004,13,0,2020-04-13
889068,41931,202004,13,0,2020-04-13
889068,41932,202004,13,0,2020-04-13
888955,41933,202004,13,0,2020-04-13
924716,41938,202009,10,0,2020-09-10
902831,41944,202004,12,0,2020-04-12
902831,41945,202004,12,0,2020-04-12
902831,41946,202004,12,0,2020-04-12
902831,41947,202004,12,0,2020-04-12
919227,41968,202008,31,0,2020-08-31
920521,42016,202009,9,0,2020-09-09
920521,42017,202009,9,0,2020-09-09
928259,42019,202008,4,0,2020-08-04
928258,42020,202008,4,0,2020-08-04
883908,42039,202006,9,0,2020-06-09
929692,42121,202011,15,0,2020-11-15
929974,42149,202011,28,0,2020-11-28
930588,42178,202011,12,0,2020-11-12
930588,42179,202011,12,0,2020-11-12
930588,42180,202011,12,0,2020-11-12
930588,42181,202011,12,0,2020-11-12
930588,42182,202011,12,0,2020-11-12
930828,42177,202011,12,0,2020-11-12
930882,42176,202011,12,0,2020-11-12
930946,42199,202011,14,0,2020-11-14
930946,42200,202011,14,0,2020-11-14
930946,42201,202011,14,0,2020-11-14
930946,42202,202011,14,0,2020-11-14
930946,42203,202011,14,0,2020-11-14
932473,42349,202011,17,0,2020-11-17
910956,42444,202007,30,0,2020-07-30
913350,41403,202008,4,0,2020-08-04
913350,41404,202008,4,0,2020-08-04
921694,41854,202009,8,0,2020-09-08
877756,40773,202002,7,0,2020-02-07
889692,41074,202006,25,0,2020-06-25
897699,41191,202005,30,0,2020-05-30
907203,41270,202007,7,0,2020-07-07
915588,41424,202008,10,0,2020-08-10
915780,41431,202008,27,0,2020-08-27
917898,41479,202008,18,0,2020-08-18
918104,41491,202008,26,0,2020-08-26
917811,41551,202008,23,0,2020-08-23
917888,41691,202008,4,0,2020-08-04
912087,41741,202007,9,0,2020-07-09
921886,41800,202005,24,0,2020-05-24
897946,41805,202007,30,0,2020-07-30
897946,41806,202007,30,0,2020-07-30
897946,41807,202007,30,0,2020-07-30
923901,41903,202008,4,0,2020-08-04
923902,41904,202008,4,0,2020-08-04
923903,41905,202008,4,0,2020-08-04
923904,41906,202008,4,0,2020-08-04
923905,41907,202008,4,0,2020-08-04
923906,41908,202008,4,0,2020-08-04
917890,41915,202008,4,0,2020-08-04
991997,44857,202007,3,0,2020-07-03
991998,44859,202007,4,0,2020-07-04
991999,44860,202007,5,0,2020-07-05
991999,44861,202007,5,0,2020-07-05
991999,44862,202007,5,0,2020-07-05
992000,44863,202007,6,0,2020-07-06
992000,44864,202007,6,0,2020-07-06
992000,44865,202007,6,0,2020-07-06
992000,44866,202007,6,0,2020-07-06
992001,44867,202007,7,0,2020-07-07
992001,44868,202007,7,0,2020-07-07
992001,44870,202007,7,0,2020-07-07
992001,44871,202007,7,0,2020-07-07
992002,44872,202007,8,0,2020-07-08
992002,44873,202007,8,0,2020-07-08
992002,44874,202007,8,0,2020-07-08
992003,44875,202007,10,0,2020-07-10
992003,44876,202007,10,0,2020-07-10
992003,44877,202007,10,0,2020-07-10
992003,44878,202007,11,0,2020-07-11
992003,44879,202007,11,0,2020-07-11
992003,44880,202007,11,0,2020-07-11
992003,44882,202007,11,0,2020-07-11
992003,44883,202007,11,0,2020-07-11
992003,44884,202007,12,0,2020-07-12
992003,44885,202007,12,0,2020-07-12
992003,44886,202007,12,0,2020-07-12
992003,44887,202007,12,0,2020-07-12
992003,44888,202007,12,0,2020-07-12
992003,44889,202007,12,0,2020-07-12
992003,44890,202007,12,0,2020-07-12
992003,44891,202007,12,0,2020-07-12
992003,44893,202007,13,0,2020-07-13
992003,44894,202007,13,0,2020-07-13
992003,44895,202007,13,0,2020-07-13
992003,44896,202007,13,0,2020-07-13
992003,44897,202007,13,0,2020-07-13
992003,44899,202007,13,0,2020-07-13
992003,44900,202007,13,0,2020-07-13
992003,44901,202007,13,0,2020-07-13
992003,44902,202007,13,0,2020-07-13
992003,44903,202007,13,0,2020-07-13
992003,44905,202007,13,0,2020-07-13
992003,44906,202007,13,0,2020-07-13
992004,44907,202007,14,0,2020-07-14
992004,44908,202007,14,0,2020-07-14
992004,44909,202007,14,0,2020-07-14
992004,44910,202007,14,0,2020-07-14
992004,44911,202007,14,0,2020-07-14
992004,44912,202007,14,0,2020-07-14
992004,44913,202007,14,0,2020-07-14
992004,44914,202007,14,0,2020-07-14
992004,44915,202007,14,0,2020-07-14
992004,44917,202007,14,0,2020-07-14
992004,44918,202007,14,0,2020-07-14
992005,44922,202007,9,0,2020-07-09
992005,44923,202007,9,0,2020-07-09
992005,44924,202007,9,0,2020-07-09
992006,44925,202007,15,0,2020-07-15
992006,44926,202007,15,0,2020-07-15
992006,44927,202007,15,0,2020-07-15
992006,44928,202007,15,0,2020-07-15
992006,44929,202007,15,0,2020-07-15
992006,44931,202007,15,0,2020-07-15
992006,44932,202007,15,0,2020-07-15
992007,44933,202007,16,0,2020-07-16
992007,44935,202007,16,0,2020-07-16
992007,44936,202007,16,0,2020-07-16
992007,44937,202007,16,0,2020-07-16
992007,44938,202007,16,0,2020-07-16
992007,44939,202007,16,0,2020-07-16
992007,44940,202007,16,0,2020-07-16
992007,44941,202007,16,0,2020-07-16
992007,44943,202007,16,0,2020-07-16
992007,44944,202007,16,0,2020-07-16
992007,44945,202007,16,0,2020-07-16
992007,44946,202007,16,0,2020-07-16
992008,44947,202007,17,0,2020-07-17
992008,44948,202007,17,0,2020-07-17
992009,44966,202007,18,0,2020-07-18
992009,44967,202007,18,0,2020-07-18
992009,44968,202007,18,0,2020-07-18
992009,44969,202007,18,0,2020-07-18
992010,44954,202007,19,0,2020-07-19
992010,44955,202007,19,0,2020-07-19
992010,44956,202007,19,0,2020-07-19
992010,44957,202007,19,0,2020-07-19
992010,44958,202007,19,0,2020-07-19
992010,44959,202007,19,0,2020-07-19
992010,44960,202007,19,0,2020-07-19
992010,44961,202007,19,0,2020-07-19
992010,44962,202007,19,0,2020-07-19
863829,40684,202001,3,0,2020-01-03
863926,40095,202001,7,0,2020-01-07
865048,40242,202001,17,0,2020-01-17
865786,40294,202001,23,0,2020-01-23
865838,40288,202001,11,0,2020-01-11
865838,40289,202001,11,0,2020-01-11
866243,40384,202001,18,0,2020-01-18
866919,40600,202001,1,0,2020-01-01
866919,40601,202001,1,0,2020-01-01
867068,40515,202001,30,0,2020-01-30
867068,40516,202001,30,0,2020-01-30
867124,40455,202001,10,0,2020-01-10
867163,40456,202001,11,0,2020-01-11
868181,40530,202001,24,0,2020-01-24
868181,40531,202001,24,0,2020-01-24
869337,40654,202001,18,0,2020-01-18
870754,40641,202001,7,0,2020-01-07
870754,40642,202001,7,0,2020-01-07
870754,40643,202001,7,0,2020-01-07
870889,40708,202001,16,0,2020-01-16
871138,40661,202001,23,0,2020-01-23
871694,40709,202001,11,0,2020-01-11
872110,40676,202001,20,0,2020-01-20
872351,40712,202001,4,0,2020-01-04
872628,40680,202001,10,0,2020-01-10
873666,40697,202001,13,0,2020-01-13
873666,40698,202001,13,0,2020-01-13
873666,40699,202001,13,0,2020-01-13
873776,40702,202001,15,0,2020-01-15
873932,40713,202001,14,0,2020-01-14
873932,40714,202001,14,0,2020-01-14
909610,41434,202009,8,0,2020-09-08
920098,41682,202009,28,0,2020-09-28
920098,41683,202009,28,0,2020-09-28
920824,41727,202009,7,0,2020-09-07
920964,41742,202009,2,0,2020-09-02
920964,41743,202009,2,0,2020-09-02
921112,41773,202009,16,0,2020-09-16
921131,41782,202009,16,0,2020-09-16
921131,41783,202009,16,0,2020-09-16
921287,41784,202009,10,0,2020-09-10
921360,41785,202009,13,0,2020-09-13
921108,41790,202009,16,0,2020-09-16
921108,41791,202009,16,0,2020-09-16
921883,41801,202009,28,0,2020-09-28
922114,41804,202009,11,0,2020-09-11
922725,41827,202009,8,0,2020-09-08
922725,41828,202009,8,0,2020-09-08
922725,41829,202009,8,0,2020-09-08
922725,41830,202009,8,0,2020-09-08
922725,41831,202009,8,0,2020-09-08
922725,41832,202009,8,0,2020-09-08
922725,41833,202009,8,0,2020-09-08
922725,41834,202009,8,0,2020-09-08
922725,41835,202009,8,0,2020-09-08
922725,41836,202009,8,0,2020-09-08
922725,41837,202009,8,0,2020-09-08
922725,41838,202009,8,0,2020-09-08
922725,41839,202009,8,0,2020-09-08
922725,41840,202009,8,0,2020-09-08
922725,41841,202009,8,0,2020-09-08
922725,41842,202009,8,0,2020-09-08
923441,41887,202009,28,0,2020-09-28
923441,41888,202009,28,0,2020-09-28
923441,41889,202009,28,0,2020-09-28
923441,41890,202009,28,0,2020-09-28
872994,40686,202003,20,0,2020-03-20
872994,40687,202003,20,0,2020-03-20
872994,40688,202003,20,0,2020-03-20
872994,40689,202003,20,0,2020-03-20
872994,40690,202003,20,0,2020-03-20
872994,40691,202003,20,0,2020-03-20
882999,40978,202003,3,0,2020-03-03
882999,40979,202003,3,0,2020-03-03
883007,40980,202003,3,0,2020-03-03
883007,40981,202003,3,0,2020-03-03
883007,40982,202003,3,0,2020-03-03
883016,41126,202003,3,0,2020-03-03
883016,41127,202003,3,0,2020-03-03
883016,41128,202003,3,0,2020-03-03
883016,41129,202003,3,0,2020-03-03
883016,41130,202003,3,0,2020-03-03
883016,41131,202003,3,0,2020-03-03
883016,41132,202003,3,0,2020-03-03
883016,41133,202003,3,0,2020-03-03
883016,41134,202003,3,0,2020-03-03
883016,41135,202003,3,0,2020-03-03
883016,41136,202003,3,0,2020-03-03
883016,41137,202003,3,0,2020-03-03
883016,41138,202003,3,0,2020-03-03
883016,41139,202003,3,0,2020-03-03
883016,41140,202003,3,0,2020-03-03
883016,41141,202003,3,0,2020-03-03
883016,41142,202003,3,0,2020-03-03
883016,41143,202003,3,0,2020-03-03
883016,41144,202003,3,0,2020-03-03
992010,44963,202007,19,0,2020-07-19
992010,44964,202007,19,0,2020-07-19
992011,44970,202007,20,0,2020-07-20
992011,44973,202007,20,0,2020-07-20
992011,44974,202007,20,0,2020-07-20
992011,44975,202007,20,0,2020-07-20
992011,44976,202007,20,0,2020-07-20
992012,44977,202007,21,0,2020-07-21
992012,44978,202007,21,0,2020-07-21
992012,44980,202007,21,0,2020-07-21
992012,44982,202007,21,0,2020-07-21
992013,44983,202007,22,0,2020-07-22
992155,44988,202007,27,0,2020-07-27
992155,44989,202007,27,0,2020-07-27
992156,44990,202007,28,0,2020-07-28
992156,44991,202007,28,0,2020-07-28
992156,44992,202007,28,0,2020-07-28
992156,44994,202007,28,0,2020-07-28
992156,44995,202007,28,0,2020-07-28
992156,44996,202007,28,0,2020-07-28
992156,44997,202007,28,0,2020-07-28
992157,45023,202007,29,0,2020-07-29
992157,45024,202007,29,0,2020-07-29
992157,45025,202007,29,0,2020-07-29
992157,45026,202007,29,0,2020-07-29
992157,45027,202007,29,0,2020-07-29
992157,45028,202007,30,0,2020-07-30
992157,45029,202007,30,0,2020-07-30
992157,45031,202007,31,0,2020-07-31
992157,45032,202007,31,0,2020-07-31
992157,45033,202007,31,0,2020-07-31
992157,45034,202007,31,0,2020-07-31
992157,45035,202007,31,0,2020-07-31
992157,45036,202007,31,0,2020-07-31
992157,45037,202007,31,0,2020-07-31
992158,45013,202007,26,0,2020-07-26
992707,45038,202008,1,0,2020-08-01
992707,45039,202008,1,0,2020-08-01
992707,45040,202008,1,0,2020-08-01
992707,45043,202008,1,0,2020-08-01
992707,45044,202008,1,0,2020-08-01
992707,45045,202008,1,0,2020-08-01
992707,45046,202008,1,0,2020-08-01
992707,45047,202008,1,0,2020-08-01
992707,45048,202008,2,0,2020-08-02
992707,45049,202008,2,0,2020-08-02
992707,45050,202008,2,0,2020-08-02
992707,45051,202008,3,0,2020-08-03
992707,45053,202008,3,0,2020-08-03
992707,45054,202008,3,0,2020-08-03
992707,45055,202008,3,0,2020-08-03
992707,45056,202008,3,0,2020-08-03
992707,45057,202008,3,0,2020-08-03
992707,45058,202008,4,0,2020-08-04
992707,45059,202008,4,0,2020-08-04
992707,45060,202008,4,0,2020-08-04
992707,45061,202008,4,0,2020-08-04
992707,45062,202008,4,0,2020-08-04
992707,45063,202008,4,0,2020-08-04
992708,45065,202008,5,0,2020-08-05
992708,45066,202008,5,0,2020-08-05
992708,45067,202008,5,0,2020-08-05
992708,45068,202008,5,0,2020-08-05
992708,45069,202008,5,0,2020-08-05
992709,45083,202008,6,0,2020-08-06
992709,45084,202008,6,0,2020-08-06
992709,45085,202008,6,0,2020-08-06
992709,45086,202008,6,0,2020-08-06
992709,45089,202008,7,0,2020-08-07
992709,45090,202008,7,0,2020-08-07
992710,45091,202008,9,0,2020-08-09
992710,45092,202008,9,0,2020-08-09
992710,45093,202008,10,0,2020-08-10
992710,45094,202008,10,0,2020-08-10
992711,45095,202008,11,0,2020-08-11
992712,45096,202008,12,0,2020-08-12
992712,45097,202008,12,0,2020-08-12
992712,45098,202008,13,0,2020-08-13
992712,45099,202008,13,0,2020-08-13
992712,45101,202008,13,0,2020-08-13
992712,45102,202008,14,0,2020-08-14
992712,45103,202008,14,0,2020-08-14
992712,45104,202008,14,0,2020-08-14
992712,45105,202008,14,0,2020-08-14
992712,45106,202008,15,0,2020-08-15
992712,45107,202008,15,0,2020-08-15
992712,45108,202008,15,0,2020-08-15
992712,45109,202008,15,0,2020-08-15
992712,45110,202008,15,0,2020-08-15
992712,45112,202008,15,0,2020-08-15
992712,45113,202008,16,0,2020-08-16
992712,45114,202008,16,0,2020-08-16
992712,45115,202008,16,0,2020-08-16
992712,45116,202008,16,0,2020-08-16
992712,45117,202008,17,0,2020-08-17
992712,45118,202008,17,0,2020-08-17
992712,45119,202008,17,0,2020-08-17
992712,45121,202008,17,0,2020-08-17
992712,45122,202008,17,0,2020-08-17
992712,45124,202008,18,0,2020-08-18
992712,45125,202008,18,0,2020-08-18
992712,45126,202008,19,0,2020-08-19
884340,40988,202005,30,0,2020-05-30
919374,41644,202009,4,0,2020-09-04
919374,41645,202009,6,0,2020-09-06
919384,41692,202009,4,0,2020-09-04
919391,42892,202009,4,0,2020-09-04
919391,42893,202009,4,0,2020-09-04
922402,41819,202009,20,0,2020-09-20
922403,41817,202009,29,0,2020-09-29
922404,41818,202009,29,0,2020-09-29
930283,42155,202012,1,0,2020-12-01
887044,41080,202004,22,0,2020-04-22
887908,41997,202004,12,0,2020-04-12
887908,41998,202004,12,0,2020-04-12
992712,45127,202008,19,0,2020-08-19
992712,45128,202008,19,0,2020-08-19
992712,45129,202008,20,0,2020-08-20
992712,45130,202008,20,0,2020-08-20
992712,45131,202008,20,0,2020-08-20
992712,45132,202008,20,0,2020-08-20
992712,45133,202008,20,0,2020-08-20
992712,45134,202008,20,0,2020-08-20
992712,45136,202008,20,0,2020-08-20
992712,45137,202008,21,0,2020-08-21
992712,45138,202008,22,0,2020-08-22
992713,45140,202008,23,0,2020-08-23
992713,45141,202008,23,0,2020-08-23
992713,45142,202008,23,0,2020-08-23
992714,45143,202008,24,0,2020-08-24
992714,45144,202008,25,0,2020-08-25
992714,45145,202008,26,0,2020-08-26
992714,45146,202008,26,0,2020-08-26
992714,45148,202008,28,0,2020-08-28
992714,45149,202008,28,0,2020-08-28
992714,45150,202008,28,0,2020-08-28
992714,45151,202008,28,0,2020-08-28
992714,45152,202008,28,0,2020-08-28
992714,45153,202008,29,0,2020-08-29
992714,45154,202008,29,0,2020-08-29
992714,45155,202008,30,0,2020-08-30
992714,45156,202008,31,0,2020-08-31
992714,45157,202008,31,0,2020-08-31
992714,45158,202008,31,0,2020-08-31
992715,45159,202009,2,0,2020-09-02
992716,45160,202009,3,0,2020-09-03
992716,45161,202009,3,0,2020-09-03
992717,45162,202009,4,0,2020-09-04
992717,45163,202009,4,0,2020-09-04
992717,45164,202009,4,0,2020-09-04
992717,45165,202009,5,0,2020-09-05
992717,45166,202009,5,0,2020-09-05
992717,45167,202009,5,0,2020-09-05
992717,45168,202009,5,0,2020-09-05
992717,45169,202009,5,0,2020-09-05
992717,45170,202009,6,0,2020-09-06
992717,45171,202009,6,0,2020-09-06
992717,45172,202009,6,0,2020-09-06
992717,45173,202009,7,0,2020-09-07
992789,45182,202009,28,0,2020-09-28
992790,45183,202009,29,0,2020-09-29
992791,45184,202010,1,0,2020-10-01
992792,45185,202010,6,0,2020-10-06
992985,45222,202008,20,0,2020-08-20
993422,45226,202009,6,0,2020-09-06
992011,44972,202007,20,0,2020-07-20
992012,44979,202007,21,0,2020-07-21
992713,45139,202008,23,0,2020-08-23
992714,45147,202008,26,0,2020-08-26
991997,44858,202007,3,0,2020-07-03
992001,44869,202007,7,0,2020-07-07
992003,44881,202007,11,0,2020-07-11
992003,44892,202007,12,0,2020-07-12
992003,44904,202007,13,0,2020-07-13
992004,44916,202007,14,0,2020-07-14
992006,44930,202007,15,0,2020-07-15
992007,44942,202007,16,0,2020-07-16
992010,44953,202007,19,0,2020-07-19
992010,44965,202007,19,0,2020-07-19
992156,44993,202007,28,0,2020-07-28
992157,45030,202007,31,0,2020-07-31
992707,45041,202008,1,0,2020-08-01
992707,45052,202008,3,0,2020-08-03
992708,45064,202008,5,0,2020-08-05
992709,45088,202008,7,0,2020-08-07
992712,45100,202008,13,0,2020-08-13
992712,45111,202008,15,0,2020-08-15
992712,45123,202008,17,0,2020-08-17
992712,45135,202008,20,0,2020-08-20
919724,41719,202008,10,0,2020-08-10
923916,41910,202010,13,0,2020-10-13
866960,40452,202001,11,0,2020-01-11
992003,44898,202007,13,0,2020-07-13
992007,44934,202007,16,0,2020-07-16
992011,44971,202007,20,0,2020-07-20
992012,44981,202007,21,0,2020-07-21
992707,45042,202008,1,0,2020-08-01
992709,45087,202008,6,0,2020-08-06
992712,45120,202008,17,0,2020-08-17
866540,40675,202001,10,0,2020-01-10
866671,40439,202001,11,0,2020-01-11
866960,40453,202001,11,0,2020-01-11
866960,40454,202001,11,0,2020-01-11
884164,45415,202004,13,0,2020-04-13
884164,45416,202004,13,0,2020-04-13
890571,41089,202004,19,0,2020-04-19
910149,41312,202008,22,0,2020-08-22
910149,41313,202008,22,0,2020-08-22
925309,41963,202011,11,0,2020-11-11
928677,42032,202011,11,0,2020-11-11
985824,44555,202005,6,0,2020-05-06
985841,44556,202005,4,0,2020-05-04
985851,45242,202005,28,0,2020-05-28
985851,45243,202005,30,0,2020-05-30
985851,45244,202005,31,0,2020-05-31
985851,45245,202005,31,0,2020-05-31
985851,45246,202005,31,0,2020-05-31
873349,41317,202001,7,0,2020-01-07
880546,40848,202003,2,0,2020-03-02
888897,41257,202006,9,0,2020-06-09
888897,41258,202006,9,0,2020-06-09
890156,41087,202004,12,0,2020-04-12
891063,41416,202006,29,0,2020-06-29
906030,41318,202006,28,0,2020-06-28
906033,41262,202006,21,0,2020-06-21
912085,41315,202007,2,0,2020-07-02
914808,41414,202006,29,0,2020-06-29
917688,41522,202010,8,0,2020-10-08
919903,41662,202010,18,0,2020-10-18
917686,41700,202010,7,0,2020-10-07
920239,41716,202010,22,0,2020-10-22
920645,41717,202010,22,0,2020-10-22
919878,41792,202010,26,0,2020-10-26
919879,41793,202010,26,0,2020-10-26
922639,41864,202010,18,0,2020-10-18
923338,41871,202010,7,0,2020-10-07
924048,41912,202010,29,0,2020-10-29
924129,41913,202010,28,0,2020-10-28
924129,41914,202010,28,0,2020-10-28
924377,41922,202010,26,0,2020-10-26
924576,41935,202010,9,0,2020-10-09
924937,41952,202010,5,0,2020-10-05
924944,41953,202010,13,0,2020-10-13
925737,41967,202010,23,0,2020-10-23
923474,41980,202010,14,0,2020-10-14
923474,41981,202010,14,0,2020-10-14
923293,41987,202010,7,0,2020-10-07
924369,41988,202010,22,0,2020-10-22
925936,41989,202010,9,0,2020-10-09
925936,41990,202010,14,0,2020-10-14
925952,41991,202010,9,0,2020-10-09
925854,41992,202010,9,0,2020-10-09
924694,41995,202010,27,0,2020-10-27
925037,41996,202010,26,0,2020-10-26
923945,41911,202012,7,0,2020-12-07
925141,41954,202012,12,0,2020-12-12
925380,41964,202012,14,0,2020-12-14
925612,41965,202012,12,0,2020-12-12
925635,41966,202012,22,0,2020-12-22
926661,41983,202012,26,0,2020-12-26
926907,41993,202012,30,0,2020-12-30
927849,42011,202012,8,0,2020-12-08
931719,42301,202012,19,0,2020-12-19
931719,42302,202012,19,0,2020-12-19
931869,42379,202012,2,0,2020-12-02
931869,42380,202012,2,0,2020-12-02
932086,42340,202012,17,0,2020-12-17
932193,42335,202012,29,0,2020-12-29
933827,42391,202012,24,0,2020-12-24
934575,42395,202012,21,0,2020-12-21
934826,42397,202012,23,0,2020-12-23
937315,42452,202012,20,0,2020-12-20
921017,41756,202008,16,0,2020-08-16
921018,41757,202008,17,0,2020-08-17
922256,41808,202008,31,0,2020-08-31
922256,41809,202008,31,0,2020-08-31
922952,41939,202009,7,0,2020-09-07
922952,41940,202009,7,0,2020-09-07
922952,41941,202009,7,0,2020-09-07
922952,41942,202009,8,0,2020-09-08
922952,41943,202009,8,0,2020-09-08
929780,42423,202009,7,0,2020-09-07
929780,42424,202009,7,0,2020-09-07
929780,42425,202009,7,0,2020-09-07
929780,42421,202009,7,0,2020-09-07
929780,42422,202009,7,0,2020-09-07
929884,42426,202009,7,0,2020-09-07
929885,42129,202009,0,0,
930898,42183,202011,12,0,2020-11-12
932331,42346,202009,6,0,2020-09-06
932463,42348,202008,20,0,2020-08-20
935707,42405,202009,1,0,2020-09-01
867876,40520,202002,7,0,2020-02-07
891663,41108,202007,3,0,2020-07-03
867881,40522,202002,7,0,2020-02-07
893619,41158,202007,3,0,2020-07-03
868112,40552,202002,6,0,2020-02-06
868267,40557,202002,9,0,2020-02-09
868619,40775,202002,13,0,2020-02-13
869330,40604,202002,11,0,2020-02-11
869338,40607,202002,14,0,2020-02-14
869355,40608,202002,17,0,2020-02-17
869390,40711,202002,14,0,2020-02-14
869643,40749,202002,9,0,2020-02-09
870187,40628,202002,22,0,2020-02-22
870789,40650,202002,15,0,2020-02-15
870789,40651,202002,15,0,2020-02-15
871644,40664,202002,25,0,2020-02-25
871646,40665,202002,10,0,2020-02-10
871919,40746,202002,25,0,2020-02-25
871967,40787,202002,6,0,2020-02-06
872848,40782,202002,7,0,2020-02-07
872925,40683,202002,15,0,2020-02-15
874819,40776,202002,9,0,2020-02-09
875298,40777,202002,14,0,2020-02-14
875856,40768,202002,13,0,2020-02-13
875856,40769,202002,13,0,2020-02-13
876089,40780,202002,12,0,2020-02-12
876110,40767,202002,7,0,2020-02-07
876151,40751,202002,6,0,2020-02-06
893623,41155,202007,12,0,2020-07-12
878823,40788,202002,4,0,2020-02-04
879200,40797,202002,5,0,2020-02-05
879214,40798,202002,13,0,2020-02-13
879215,40799,202002,26,0,2020-02-26
879903,40804,202002,15,0,2020-02-15
893627,41156,202007,12,0,2020-07-12
893627,41157,202007,12,0,2020-07-12
895649,41173,202007,15,0,2020-07-15
895656,41174,202007,22,0,2020-07-22
896866,41182,202007,7,0,2020-07-07
897151,41184,202007,27,0,2020-07-27
898307,41364,202007,8,0,2020-07-08
898711,41343,202007,30,0,2020-07-30
901230,41233,202007,18,0,2020-07-18
903180,41244,202007,10,0,2020-07-10
904156,41254,202007,16,0,2020-07-16
906088,41268,202007,1,0,2020-07-01
908260,41299,202007,10,0,2020-07-10
908264,41280,202007,7,0,2020-07-07
911321,41310,202007,8,0,2020-07-08
911564,41344,202007,26,0,2020-07-26
954667,42975,202001,24,0,2020-01-24
954669,42974,202001,28,0,2020-01-28
954717,43016,202003,16,0,2020-03-16
954719,43017,202005,31,0,2020-05-31
954720,42980,202009,1,0,2020-09-01
954723,42983,202009,16,0,2020-09-16
954724,43018,202009,18,0,2020-09-18
954724,43019,202009,18,0,2020-09-18
954725,42988,202009,26,0,2020-09-26
954726,42989,202009,29,0,2020-09-29
954727,42990,202009,29,0,2020-09-29
954728,42991,202010,1,0,2020-10-01
954729,43023,202011,8,0,2020-11-08
954730,42994,202011,13,0,2020-11-13
954718,42977,202003,16,0,2020-03-16
954729,43022,202011,8,0,2020-11-08
912593,41438,202007,31,0,2020-07-31
913052,41389,202007,6,0,2020-07-06
913052,41390,202007,6,0,2020-07-06
913529,41373,202007,4,0,2020-07-04
914537,41410,202007,9,0,2020-07-09
983413,44464,202004,26,0,2020-04-26
983413,44465,202004,27,0,2020-04-27
933530,43226,202012,21,0,2020-12-21
865661,40525,202001,10,0,2020-01-10
872072,40678,202001,26,0,2020-01-26
877673,40770,202001,23,0,2020-01-23
877673,40771,202001,23,0,2020-01-23
946983,42857,202007,17,0,2020-07-17
946983,42858,202007,17,0,2020-07-17
946983,42859,202007,17,0,2020-07-17
915468,41417,202008,11,0,2020-08-11
899873,41226,202005,22,0,2020-05-22
914182,42295,202007,28,0,2020-07-28
914182,42291,202007,27,0,2020-07-27
914182,42292,202007,27,0,2020-07-27
914182,42293,202007,27,0,2020-07-27
919145,41553,202010,24,0,2020-10-24
919814,41661,202010,31,0,2020-10-31
919843,42151,202010,9,0,2020-10-09
920774,41899,202009,17,0,2020-09-17
921014,41744,202009,13,0,2020-09-13
924794,41950,202010,27,0,2020-10-27
924794,41951,202010,27,0,2020-10-27
925852,41969,202010,6,0,2020-10-06
925853,42351,202010,20,0,2020-10-20
900079,41227,202006,28,0,2020-06-28
990625,44819,202006,1,0,2020-06-01
990625,44820,202006,1,0,2020-06-01
990627,44821,202006,2,0,2020-06-02
990627,44822,202006,3,0,2020-06-03
990627,44823,202006,3,0,2020-06-03
990627,44824,202006,3,0,2020-06-03
990627,44825,202006,4,0,2020-06-04
990627,44826,202006,4,0,2020-06-04
990629,44827,202006,6,0,2020-06-06
990629,44828,202006,6,0,2020-06-06
990633,44829,202006,12,0,2020-06-12
990650,44830,202006,24,0,2020-06-24
990651,44831,202006,25,0,2020-06-25
990653,44832,202006,26,0,2020-06-26
990653,44833,202006,26,0,2020-06-26
990653,44834,202006,26,0,2020-06-26
990655,44835,202006,28,0,2020-06-28
919334,41642,202008,11,0,2020-08-11
919340,41643,202008,10,0,2020-08-10
930272,42152,202010,9,0,2020-10-09
930274,42154,202010,10,0,2020-10-10
914182,42294,202007,27,0,2020-07-27
926246,41985,202010,28,0,2020-10-28
894576,41164,202005,24,0,2020-05-24
925293,41984,202010,28,0,2020-10-28
926247,41986,202010,28,0,2020-10-28
505472,21920,201401,21,0,2014-01-21
505473,21919,201401,23,0,2014-01-23
505474,21918,201401,24,0,2014-01-24
505476,21913,201402,3,0,2014-02-03
505476,21911,201402,4,0,2014-02-04
505476,21912,201402,4,0,2014-02-04
505478,21916,201402,16,0,2014-02-16
505479,21917,201402,27,0,2014-02-27
505635,22742,201404,23,0,2014-04-23
505782,22580,201403,22,0,2014-03-22
505782,22581,201403,22,0,2014-03-22
505782,22582,201403,22,0,2014-03-22
505782,22583,201403,22,0,2014-03-22
505782,22584,201403,22,0,2014-03-22
505782,22585,201403,22,0,2014-03-22
505782,22586,201403,22,0,2014-03-22
505782,22587,201403,22,0,2014-03-22
505782,22588,201403,22,0,2014-03-22
505782,22589,201403,22,0,2014-03-22
505782,22590,201403,22,0,2014-03-22
505782,22591,201403,22,0,2014-03-22
505782,22592,201403,22,0,2014-03-22
505782,22593,201403,22,0,2014-03-22
505782,22594,201403,22,0,2014-03-22
505782,22595,201403,22,0,2014-03-22
505782,22596,201403,22,0,2014-03-22
505782,22597,201403,22,0,2014-03-22
505782,22598,201403,22,0,2014-03-22
505782,22599,201403,22,0,2014-03-22
505782,22600,201403,22,0,2014-03-22
505782,22601,201403,22,0,2014-03-22
505782,22602,201403,22,0,2014-03-22
505782,22603,201403,22,0,2014-03-22
505782,22604,201403,22,0,2014-03-22
505782,22605,201403,22,0,2014-03-22
505782,22606,201403,22,0,2014-03-22
505782,22607,201403,22,0,2014-03-22
505782,22608,201403,22,0,2014-03-22
505782,22609,201403,22,0,2014-03-22
505782,22610,201403,22,0,2014-03-22
505782,22611,201403,22,0,2014-03-22
505782,22612,201403,22,0,2014-03-22
505782,22613,201403,22,0,2014-03-22
505782,22614,201403,22,0,2014-03-22
505782,22615,201403,22,0,2014-03-22
505782,22616,201403,22,0,2014-03-22
505782,22617,201403,22,0,2014-03-22
505782,22618,201403,22,0,2014-03-22
505782,22619,201403,22,0,2014-03-22
505782,22620,201403,22,0,2014-03-22
505782,22621,201403,22,0,2014-03-22
505782,22622,201403,22,0,2014-03-22
505992,21927,201403,12,0,2014-03-12
506142,21929,201403,12,0,2014-03-12
506440,22021,201405,14,0,2014-05-14
506803,22019,201405,9,0,2014-05-09
506947,22020,201405,14,0,2014-05-14
507051,22108,201401,14,0,2014-01-14
507055,22145,201403,26,0,2014-03-26
507055,22146,201403,26,0,2014-03-26
507096,22772,201404,6,0,2014-04-06
507341,22238,201403,10,0,2014-03-10
507405,22665,201403,2,0,2014-03-02
507521,22239,201403,30,0,2014-03-30
508158,22908,201404,28,0,2014-04-28
508158,22906,201404,28,0,2014-04-28
508158,22907,201404,28,0,2014-04-28
508158,22909,201404,28,0,2014-04-28
508158,22910,201404,28,0,2014-04-28
508158,22911,201404,28,0,2014-04-28
508158,22912,201404,28,0,2014-04-28
508158,22913,201404,28,0,2014-04-28
508158,22914,201404,28,0,2014-04-28
508158,22915,201404,28,0,2014-04-28
508174,22623,201403,1,0,2014-03-01
508342,22626,201403,29,0,2014-03-29
508342,22627,201403,29,0,2014-03-29
508343,22624,201403,30,0,2014-03-30
508388,22916,201404,28,0,2014-04-28
508619,22629,201403,13,0,2014-03-13
508725,22628,201403,1,0,2014-03-01
529772,22927,201406,24,0,2014-06-24
529772,22928,201406,24,0,2014-06-24
530105,22929,201405,31,0,2014-05-31
530566,23026,201407,11,0,2014-07-11
530675,22930,201406,17,0,2014-06-17
530799,22933,201406,18,0,2014-06-18
530894,22937,201405,22,0,2014-05-22
531423,22940,201406,30,0,2014-06-30
531457,23038,201406,2,0,2014-06-02
531458,22943,201406,13,0,2014-06-13
531645,22945,201407,11,0,2014-07-11
531646,22946,201407,12,0,2014-07-12
531795,22948,201407,22,0,2014-07-22
532334,22984,201407,1,0,2014-07-01
532943,22957,201407,11,0,2014-07-11
533053,22958,201408,31,0,2014-08-31
533128,23057,201408,30,0,2014-08-30
533814,22961,201408,23,0,2014-08-23
534103,22962,201407,11,0,2014-07-11
535039,22963,201407,6,0,2014-07-06
535650,22997,201407,19,0,2014-07-19
536160,22966,201407,3,0,2014-07-03
536160,22967,201407,3,0,2014-07-03
536160,22965,201407,1,0,2014-07-01
536162,22968,201407,3,0,2014-07-03
536176,22969,201407,6,0,2014-07-06
536277,22970,201407,5,0,2014-07-05
536278,22971,201407,9,0,2014-07-09
536282,22973,201407,4,0,2014-07-04
536284,22975,201407,4,0,2014-07-04
536423,22977,201407,27,0,2014-07-27
536666,22981,201407,8,0,2014-07-08
536764,22982,201407,17,0,2014-07-17
536766,22983,201407,22,0,2014-07-22
537287,22987,201409,22,0,2014-09-22
537358,23002,201407,30,0,2014-07-30
537869,22995,201407,30,0,2014-07-30
537888,22996,201408,5,0,2014-08-05
538239,25240,201409,28,0,2014-09-28
538290,23008,201407,1,0,2014-07-01
538293,23009,201407,1,0,2014-07-01
538384,23010,201405,16,0,2014-05-16
538806,23011,201410,4,0,2014-10-04
538835,23012,201408,2,0,2014-08-02
538836,23013,201408,10,0,2014-08-10
538837,23014,201408,18,0,2014-08-18
539073,23015,201410,2,0,2014-10-02
539328,23016,201408,9,0,2014-08-09
539329,23017,201408,27,0,2014-08-27
539420,23034,201408,14,0,2014-08-14
539814,23022,201408,4,0,2014-08-04
539815,23023,201408,12,0,2014-08-12
539888,23031,201408,3,0,2014-08-03
539888,23032,201408,6,0,2014-08-06
540008,23028,201409,18,0,2014-09-18
540131,23029,201408,25,0,2014-08-25
540247,23073,201408,6,0,2014-08-06
541035,23035,201408,25,0,2014-08-25
541097,23036,201408,1,0,2014-08-01
541109,23088,201408,26,0,2014-08-26
541110,23040,201404,8,0,2014-04-08
541261,23047,201410,7,0,2014-10-07
541429,23055,201410,28,0,2014-10-28
541842,23063,201404,19,0,2014-04-19
542059,23062,201410,31,0,2014-10-31
542350,23066,201408,10,0,2014-08-10
542770,23067,201411,9,0,2014-11-09
542780,23070,201411,13,0,2014-11-13
542862,23068,201409,16,0,2014-09-16
542913,23072,201409,22,0,2014-09-22
543061,23074,201409,6,0,2014-09-06
543061,23075,201409,13,0,2014-09-13
543154,23076,201409,8,0,2014-09-08
543173,23078,201410,13,0,2014-10-13
543205,23093,201409,8,0,2014-09-08
543237,23080,201410,12,0,2014-10-12
543238,23081,201410,12,0,2014-10-12
543239,23082,201410,26,0,2014-10-26
543240,23083,201411,11,0,2014-11-11
543249,23084,201411,1,0,2014-11-01
543249,23085,201411,1,0,2014-11-01
543249,23086,201411,1,0,2014-11-01
543249,23087,201411,1,0,2014-11-01
543319,23089,201409,17,0,2014-09-17
543320,23090,201409,17,0,2014-09-17
543419,23091,201409,5,0,2014-09-05
543633,24179,201410,6,0,2014-10-06
543807,23100,201409,18,0,2014-09-18
543927,23097,201411,16,0,2014-11-16
543932,23095,201411,16,0,2014-11-16
543932,23096,201411,16,0,2014-11-16
544123,23098,201409,1,0,2014-09-01
544313,23101,201409,26,0,2014-09-26
544470,23104,201409,27,0,2014-09-27
544471,23122,201410,25,0,2014-10-25
544540,24127,201410,22,0,2014-10-22
544667,25245,201412,4,0,2014-12-04
544779,23116,201412,6,0,2014-12-06
544779,23117,201412,6,0,2014-12-06
544779,23118,201412,6,0,2014-12-06
544779,23119,201412,6,0,2014-12-06
544779,23120,201412,6,0,2014-12-06
544871,23123,201410,25,0,2014-10-25
545118,24121,201412,10,0,2014-12-10
545210,27274,201412,8,0,2014-12-08
545231,24124,201410,10,0,2014-10-10
545622,24128,201410,13,0,2014-10-13
545749,24129,201401,18,0,2014-01-18
545752,24130,201405,14,0,2014-05-14
545870,24133,201411,22,0,2014-11-22
545870,24134,201411,22,0,2014-11-22
508938,22630,201403,6,0,2014-03-06
508989,22659,201403,29,0,2014-03-29
509004,22658,201403,7,0,2014-03-07
509182,22660,201405,11,0,2014-05-11
509257,22661,201403,16,0,2014-03-16
509650,22662,201404,19,0,2014-04-19
512188,22743,201404,15,0,2014-04-15
512340,22947,201406,13,0,2014-06-13
512399,23006,201405,28,0,2014-05-28
512792,22680,201404,25,0,2014-04-25
512841,22692,201403,11,0,2014-03-11
513210,27375,201406,18,0,2014-06-18
513210,27376,201406,18,0,2014-06-18
513210,27377,201406,18,0,2014-06-18
513713,22744,201404,16,0,2014-04-16
513942,22745,201404,25,0,2014-04-25
513945,22747,201404,26,0,2014-04-26
513992,22931,201406,17,0,2014-06-17
514014,22952,201406,16,0,2014-06-16
514042,22953,201406,16,0,2014-06-16
514129,22756,201404,8,0,2014-04-08
514443,22926,201406,20,0,2014-06-20
515013,22870,201406,6,0,2014-06-06
515209,22825,201404,28,0,2014-04-28
515287,22769,201406,16,0,2014-06-16
515407,22768,201406,13,0,2014-06-13
515523,22760,201404,24,0,2014-04-24
515636,22763,201404,5,0,2014-04-05
515636,22764,201404,5,0,2014-04-05
516081,27327,201404,2,0,2014-04-02
516848,22786,201404,29,0,2014-04-29
516877,22779,201406,1,0,2014-06-01
516957,25226,201404,29,0,2014-04-29
517173,22789,201406,5,0,2014-06-05
517176,22790,201406,5,0,2014-06-05
517404,22918,201407,1,0,2014-07-01
517406,22919,201407,1,0,2014-07-01
517409,22796,201407,3,0,2014-07-03
517769,22798,201405,8,0,2014-05-08
518612,22802,201405,7,0,2014-05-07
519820,22804,201404,14,0,2014-04-14
519892,22805,201405,27,0,2014-05-27
520066,22806,201406,19,0,2014-06-19
520683,22822,201405,2,0,2014-05-02
521230,22824,201407,16,0,2014-07-16
521326,22844,201405,2,0,2014-05-02
521328,27328,201406,1,0,2014-06-01
521419,22826,201406,3,0,2014-06-03
521420,22827,201406,8,0,2014-06-08
521420,22828,201406,11,0,2014-06-11
521421,22829,201406,6,0,2014-06-06
521582,22840,201406,18,0,2014-06-18
521910,22841,201407,22,0,2014-07-22
522104,22842,201407,22,0,2014-07-22
522429,22849,201405,4,0,2014-05-04
522678,22850,201405,29,0,2014-05-29
522678,22851,201405,29,0,2014-05-29
522734,22852,201407,23,0,2014-07-23
522769,22854,201407,20,0,2014-07-20
522783,22855,201405,28,0,2014-05-28
522784,22856,201405,28,0,2014-05-28
522787,22858,201407,3,0,2014-07-03
522803,22861,201405,31,0,2014-05-31
522803,22862,201405,31,0,2014-05-31
523010,22863,201405,8,0,2014-05-08
523159,22864,201405,25,0,2014-05-25
523476,22944,201407,26,0,2014-07-26
523599,22866,201407,19,0,2014-07-19
523600,22867,201407,20,0,2014-07-20
523714,22868,201405,10,0,2014-05-10
524189,22869,201407,18,0,2014-07-18
524482,22871,201405,25,0,2014-05-25
524482,22872,201405,25,0,2014-05-25
524482,22873,201405,25,0,2014-05-25
524498,22878,201406,5,0,2014-06-05
524503,22879,201406,5,0,2014-06-05
524551,22881,201407,30,0,2014-07-30
524765,22882,201404,28,0,2014-04-28
524799,22898,201406,29,0,2014-06-29
525286,22903,201406,30,0,2014-06-30
525914,22889,201406,23,0,2014-06-23
525914,22890,201406,23,0,2014-06-23
526186,22891,201407,24,0,2014-07-24
526195,22892,201407,27,0,2014-07-27
526206,22893,201408,10,0,2014-08-10
526206,22894,201408,10,0,2014-08-10
526449,22901,201406,7,0,2014-06-07
526593,23058,201408,9,0,2014-08-09
526593,23059,201408,9,0,2014-08-09
527157,22897,201406,18,0,2014-06-18
527485,22900,201406,15,0,2014-06-15
527561,22905,201406,30,0,2014-06-30
528477,22920,201407,20,0,2014-07-20
528690,22938,201406,12,0,2014-06-12
545893,24132,201411,24,0,2014-11-24
546094,24139,201412,13,0,2014-12-13
546597,24151,201411,26,0,2014-11-26
546821,24143,201411,18,0,2014-11-18
546877,27303,201412,24,0,2014-12-24
546877,27304,201412,24,0,2014-12-24
546941,27299,201412,30,0,2014-12-30
546944,27297,201412,30,0,2014-12-30
547724,24155,201412,6,0,2014-12-06
547949,24156,201403,16,0,2014-03-16
547999,24157,201408,20,0,2014-08-20
548026,24162,201412,3,0,2014-12-03
548028,24175,201412,20,0,2014-12-20
548124,24163,201409,7,0,2014-09-07
548127,24164,201411,26,0,2014-11-26
548251,24173,201411,22,0,2014-11-22
548339,24174,201411,5,0,2014-11-05
548454,24176,201412,12,0,2014-12-12
549366,24202,201410,24,0,2014-10-24
549591,27488,201411,24,0,2014-11-24
549591,27489,201411,24,0,2014-11-24
549591,27490,201411,24,0,2014-11-24
549708,24205,201411,20,0,2014-11-20
549926,24208,201412,20,0,2014-12-20
550108,24213,201411,13,0,2014-11-13
550110,24214,201411,13,0,2014-11-13
550110,24215,201411,13,0,2014-11-13
550152,24216,201412,16,0,2014-12-16
550166,24239,201411,19,0,2014-11-19
550166,24240,201411,18,0,2014-11-18
550166,24241,201411,19,0,2014-11-19
550166,24243,201411,19,0,2014-11-19
550166,24245,201411,18,0,2014-11-18
550166,24242,201411,18,0,2014-11-18
550166,24244,201411,19,0,2014-11-19
550166,24238,201411,19,0,2014-11-19
550167,24225,201411,19,0,2014-11-19
550174,24236,201411,21,0,2014-11-21
550174,24235,201411,20,0,2014-11-20
550174,24234,201411,21,0,2014-11-21
550177,24237,201411,20,0,2014-11-20
550197,24246,201412,3,0,2014-12-03
550201,24248,201411,22,0,2014-11-22
550201,24249,201411,22,0,2014-11-22
550201,24250,201411,22,0,2014-11-22
551124,25217,201412,31,0,2014-12-31
551757,25222,201412,30,0,2014-12-30
552151,25228,201412,1,0,2014-12-01
552151,25229,201412,1,0,2014-12-01
552175,27265,201412,23,0,2014-12-23
552175,27266,201412,23,0,2014-12-23
552175,27267,201412,27,0,2014-12-27
552186,25232,201412,17,0,2014-12-17
552229,25235,201412,25,0,2014-12-25
552229,25236,201412,25,0,2014-12-25
552705,27270,201412,23,0,2014-12-23
552705,27271,201412,23,0,2014-12-23
553043,26262,201412,11,0,2014-12-11
553167,26265,201412,11,0,2014-12-11
553293,27256,201412,30,0,2014-12-30
553293,27257,201412,30,0,2014-12-30
553363,27263,201412,23,0,2014-12-23
553363,27264,201412,23,0,2014-12-23
553908,27300,201412,31,0,2014-12-31
553951,27293,201412,1,0,2014-12-01
553953,27505,201412,5,0,2014-12-05
553954,27296,201412,21,0,2014-12-21
563939,27548,201412,3,0,2014-12-03
563956,27550,201412,5,0,2014-12-05
577899,28781,201401,7,0,2014-01-07
592624,29099,201405,27,0,2014-05-27
498177,21648,201401,22,0,2014-01-22
498185,21649,201401,28,0,2014-01-28
498186,21650,201401,28,0,2014-01-28
498267,21652,201401,24,0,2014-01-24
498332,21657,201401,10,0,2014-01-10
498424,21663,201403,30,0,2014-03-30
498435,21664,201401,20,0,2014-01-20
498453,21668,201401,16,0,2014-01-16
498453,21669,201401,16,0,2014-01-16
498453,21670,201401,16,0,2014-01-16
498596,21672,201403,5,0,2014-03-05
498758,21680,201402,21,0,2014-02-21
498758,21681,201402,21,0,2014-02-21
498758,21682,201402,21,0,2014-02-21
499057,21678,201402,21,0,2014-02-21
499057,21679,201402,21,0,2014-02-21
499225,21686,201402,19,0,2014-02-19
499225,21687,201402,19,0,2014-02-19
499421,21690,201402,14,0,2014-02-14
499440,22579,201403,22,0,2014-03-22
499535,21698,201401,18,0,2014-01-18
499666,21699,201402,21,0,2014-02-21
500002,21702,201402,13,0,2014-02-13
500101,22298,201404,3,0,2014-04-03
500101,22299,201404,3,0,2014-04-03
500358,21708,201402,6,0,2014-02-06
500996,21729,201401,28,0,2014-01-28
500996,21730,201401,28,0,2014-01-28
501003,21732,201401,2,0,2014-01-02
501022,21716,201401,30,0,2014-01-30
501329,21736,201401,30,0,2014-01-30
501354,21737,201402,12,0,2014-02-12
501402,21725,201404,16,0,2014-04-16
501752,21738,201404,7,0,2014-04-07
501815,21739,201402,12,0,2014-02-12
501932,21772,201402,23,0,2014-02-23
502085,21757,201402,11,0,2014-02-11
502258,22759,201404,20,0,2014-04-20
502275,22823,201402,11,0,2014-02-11
502279,21756,201402,11,0,2014-02-11
502429,21778,201402,10,0,2014-02-10
502431,21777,201402,10,0,2014-02-10
502440,21779,201402,11,0,2014-02-11
502441,21780,201402,7,0,2014-02-07
502577,21766,201402,4,0,2014-02-04
502602,21767,201402,8,0,2014-02-08
502604,21768,201402,9,0,2014-02-09
502744,21781,201402,5,0,2014-02-05
502744,21782,201402,5,0,2014-02-05
502960,21775,201402,15,0,2014-02-15
502960,21776,201402,15,0,2014-02-15
502964,21771,201402,3,0,2014-02-03
503021,21773,201402,16,0,2014-02-16
503725,22884,201402,13,0,2014-02-13
503735,22886,201402,13,0,2014-02-13
504072,21798,201402,11,0,2014-02-11
504072,21799,201402,11,0,2014-02-11
504072,21800,201402,11,0,2014-02-11
504137,21808,201402,10,0,2014-02-10
504262,21796,201404,27,0,2014-04-27
504262,21797,201404,27,0,2014-04-27
504382,21802,201402,7,0,2014-02-07
504726,21804,201403,30,0,2014-03-30
504758,22705,201404,27,0,2014-04-27
504758,22706,201404,27,0,2014-04-27
504758,22707,201404,27,0,2014-04-27
504760,22723,201404,27,0,2014-04-27
504760,22720,201404,27,0,2014-04-27
504760,22721,201404,27,0,2014-04-27
504760,22722,201404,27,0,2014-04-27
504760,22724,201404,27,0,2014-04-27
504760,22725,201404,27,0,2014-04-27
504760,22727,201404,27,0,2014-04-27
504760,22728,201404,27,0,2014-04-27
504760,22729,201404,27,0,2014-04-27
504760,22730,201404,27,0,2014-04-27
504760,22731,201404,27,0,2014-04-27
504760,22726,201404,27,0,2014-04-27
504762,22315,201404,27,0,2014-04-27
504826,21819,201402,20,0,2014-02-20
504842,22220,201404,29,0,2014-04-29
504844,21812,201402,22,0,2014-02-22
504848,21814,201402,22,0,2014-02-22
504848,21815,201402,22,0,2014-02-22
504848,21816,201402,11,0,2014-02-11
505074,21891,201402,3,0,2014-02-03
505204,22821,201404,27,0,2014-04-27
505228,21889,201404,28,0,2014-04-28
505228,21890,201404,28,0,2014-04-28
505288,21861,201404,28,0,2014-04-28
505288,21862,201404,28,0,2014-04-28
505469,21922,201401,9,0,2014-01-09
505470,21921,201401,13,0,2014-01-13
482017,21149,201401,6,0,2014-01-06
482129,21309,201401,6,0,2014-01-06
482265,21653,201401,7,0,2014-01-07
482300,21651,201401,8,0,2014-01-08
482572,21186,201401,6,0,2014-01-06
482647,21209,201401,8,0,2014-01-08
482651,21208,201401,8,0,2014-01-08
482663,21207,201401,8,0,2014-01-08
483388,21237,201401,11,0,2014-01-11
485013,21589,201401,21,0,2014-01-21
485861,21293,201401,22,0,2014-01-22
486179,21300,201401,7,0,2014-01-07
486191,21301,201401,7,0,2014-01-07
486318,21662,201401,26,0,2014-01-26
486385,21307,201402,2,0,2014-02-02
486426,21302,201401,5,0,2014-01-05
486644,21305,201402,4,0,2014-02-04
486894,21310,201402,2,0,2014-02-02
487031,21311,201401,31,0,2014-01-31
487075,21566,201402,4,0,2014-02-04
487080,21567,201402,11,0,2014-02-11
487123,21569,201402,7,0,2014-02-07
487578,21324,201401,26,0,2014-01-26
487709,21546,201402,4,0,2014-02-04
488081,21329,201402,11,0,2014-02-11
488081,21330,201402,11,0,2014-02-11
488835,21655,201401,7,0,2014-01-07
488868,21683,201401,6,0,2014-01-06
489054,21418,201401,22,0,2014-01-22
489110,21592,201401,24,0,2014-01-24
489125,21419,201402,18,0,2014-02-18
489474,21674,201402,20,0,2014-02-20
490116,21575,201401,24,0,2014-01-24
490307,21460,201401,2,0,2014-01-02
490492,21461,201401,5,0,2014-01-05
490555,21462,201401,2,0,2014-01-02
490586,21464,201401,6,0,2014-01-06
490649,21465,201401,26,0,2014-01-26
490650,21466,201401,3,0,2014-01-03
491761,21499,201402,20,0,2014-02-20
491761,21500,201402,20,0,2014-02-20
492039,21517,201401,3,0,2014-01-03
492057,21518,201401,3,0,2014-01-03
492378,21519,201401,1,0,2014-01-01
492453,21521,201401,21,0,2014-01-21
492479,21522,201403,4,0,2014-03-04
492760,21568,201403,2,0,2014-03-02
492819,21548,201401,28,0,2014-01-28
492820,21549,201401,27,0,2014-01-27
492999,21550,201402,6,0,2014-02-06
493037,21644,201401,10,0,2014-01-10
493039,21643,201401,10,0,2014-01-10
493262,21673,201402,6,0,2014-02-06
493353,21631,201401,2,0,2014-01-02
493476,21658,201401,2,0,2014-01-02
494024,21785,201402,21,0,2014-02-21
494365,21691,201401,6,0,2014-01-06
494365,21692,201401,9,0,2014-01-09
494365,21693,201401,10,0,2014-01-10
494406,21749,201403,11,0,2014-03-11
494474,21610,201401,28,0,2014-01-28
494715,21660,201401,10,0,2014-01-10
494715,21659,201401,10,0,2014-01-10
494841,21634,201401,2,0,2014-01-02
494841,21635,201401,3,0,2014-01-03
494841,21636,201401,3,0,2014-01-03
494980,21688,201402,2,0,2014-02-02
494980,21689,201402,2,0,2014-02-02
495060,21591,201403,13,0,2014-03-13
495260,21607,201401,3,0,2014-01-03
495260,21608,201401,3,0,2014-01-03
495395,21700,201402,20,0,2014-02-20
495489,21897,201401,7,0,2014-01-07
495489,21898,201401,7,0,2014-01-07
495489,21899,201401,6,0,2014-01-06
495489,21900,201401,7,0,2014-01-07
495828,21611,201401,26,0,2014-01-26
495852,21907,201401,28,0,2014-01-28
496353,21803,201403,18,0,2014-03-18
496406,21627,201401,28,0,2014-01-28
496442,21628,201401,28,0,2014-01-28
496443,21630,201401,28,0,2014-01-28
496444,21629,201401,28,0,2014-01-28
496864,21733,201401,30,0,2014-01-30
496864,21734,201401,30,0,2014-01-30
496868,21641,201401,23,0,2014-01-23
496875,21735,201401,29,0,2014-01-29
496882,21731,201401,28,0,2014-01-28
496963,21788,201402,4,0,2014-02-04
497015,21638,201401,22,0,2014-01-22
497015,21639,201401,22,0,2014-01-22
497015,21640,201401,22,0,2014-01-22
497018,21637,201401,23,0,2014-01-23
497587,21645,201401,31,0,2014-01-31
520552,29697,201407,8,0,2014-07-08
520552,29698,201407,8,0,2014-07-08
520552,29700,201407,8,0,2014-07-08
520552,29699,201407,8,0,2014-07-08
541265,29792,201410,25,0,2014-10-25
541265,29793,201410,25,0,2014-10-25
537158,23043,201407,24,0,2014-07-24
537158,23044,201407,24,0,2014-07-24
537158,23045,201407,24,0,2014-07-24
536655,23018,201408,18,0,2014-08-18
536655,23019,201408,18,0,2014-08-18
536655,23020,201408,18,0,2014-08-18
539354,41169,201408,3,0,2014-08-03
509934,22664,201405,27,0,2014-05-27
